headword	n_sources	sources	kamloops	best_conf	variants	gloss_en	gloss_fr	pos	skeleton	skeleton_siblings	notes
abba	3	gill1909|gill1887|long1909	no	A	Ab'-ba|Ab-ba	Well; very well | Well, then			b		
ack	3	gill1909|gill1887|long1909	no	A	Ack	Nephew			k		
ahha	5	gibbs1863|hibben1889|shaw1909|gill1909|gill1887	no	A	Ah-ha|Ah'-ha	Yes. Expression of simple assent | Yes | Assent: yes. Usually a nasal sound, as if pronouncing aha without opening the lips		adv			
ahmoteh	2	gill1909|gill1887	no	A	Ah-mo'-teh|Ah-mo-teh	Strawberry - plant or fruit | The strawberry			mt	amota|amote|mitoohtt|mitooit	
ahncutty	1	gill1887	no	A	Ahn-cut-ty	Formerly. The length of first syllable de notes time elapsed			nkt	ahnkutte|ahnkuttie|ahnkutty|ankate|necktie	
ahnkutte	2	gibbs1863|hibben1889	no	A	Ah'n-kut-te|Ahn-kot-tie|Ahn-kut-te	For merly; before now | Formerly; before now		adv	nkt	ahncutty|ahnkuttie|ahnkutty|ankate|necktie	
ahnkuttie	2	shaw1909|long1909	no	A	Ahn'-kut-tie|Ah'n-kut-te|Ah'n-kut-tie	Formerly; before now; longago; anciently; ago | Formerly; Before		adv	nkt	ahncutty|ahnkutte|ahnkutty|ankate|necktie	
ahnkutty	1	gill1909	no	A	Ahn'-kut-ty	Formerly; in the past			nkt	ahncutty|ahnkutte|ahnkuttie|ankate|necktie	
aiabwol	0		no	C	Aiabwol				bwl		unvalidated_candidates_in=demers1871
aiak	0		no	C	Aiak				k		unvalidated_candidates_in=demers1871
aiaz	0		no	C	Aiaz				z		unvalidated_candidates_in=practical1886; kamloops_candidate_only
ailan elehe	0		no	C	Ailan elehe				lnl		unvalidated_candidates_in=practical1886; kamloops_candidate_only
ain	0		no	C	Ain				n		unvalidated_candidates_in=demers1871
aioo	0		no	C	Aioo						unvalidated_candidates_in=practical1886; kamloops_candidate_only
akik	2	gill1909|gill1887	no	A	A'-kik|ik'-kik|A-kik|or|Ik-kik	A fishhook			k		
aktas	1	rudiments1898	yes	B	aktas				kts	iktahs|iktas	
alah	6	gibbs1863|hibben1889|shaw1909|gill1909|gill1887|long1909	no	A	Al-ah|A-lah|A-lSh	Expression of surprise | lixpr ession of surprise | Expresses surprise | Surprise		interj	l		
alke	2	practical1886|demers1871	yes	A	Alke	soon, some time | soon, sign of the tuture for verbs			lk		
alki	3	shaw1909|gill1909|long1909	no	A	Al'-ki|al'-kee|Al-ki	In the future; by and by; after a while; soon; presently; directly; in a little while; hold on; not so fast | Presently; not so fast; by-and-by | Wait; Not so fast; Soon		adv	lk		
alkie	2	gibbs1863|hibben1889	no	A	Al-kie	Presently; in a little while; hold on; not so fast | Presently; in a little while; hold on; not so-fast		adv	lk		
allikacheek	2	gill1909|gill1887	no	A	Al'-li-ka-cheek|Al'-li-kS-cheek|Al-li-ka-cheek	A small shell worn as an orna¬ ment for the ear | A small shell worn in the ear			lkCk		
alo	0		no	C	alo				l		unvalidated_candidates_in=rudiments1898; kamloops_candidate_only
alo ivuitom	0		no	C	Alo ivuitom				lvtm		unvalidated_candidates_in=practical1886; kamloops_candidate_only
alta	10	rudiments1924|rudiments1898|practical1886|gibbs1863|hibben1889|shaw1909|gill1909|gill1887|demers1871|long1909	yes	A	alta|Alta|Al'-ta|Al-ta|Al'tah|Al'-t4	now | Now; at the present time | Now, at the present time | Now; at this time | now; wek aita, not now | Now; This time; At once		adv	lt		
amota	1	shaw1909	no	A	A-mo'-ta	strawberry			mt	ahmoteh|amote|mitoohtt|mitooit	
amote	2	gibbs1863|hibben1889	no	A	A-mo'-te|A-mo-te	The strawberry		n	mt	ahmoteh|amota|mitoohtt|mitooit	
anah	5	gibbs1863|shaw1909|gill1909|gill1887|long1909	no	A	An-ah|An-a'h|A-nah|A-nSh	An exclamation denoting pain, displeasure, or de preciation | exclamation of pain or displeasure; ah! oh! fie! | Expresses displeasure or disapprobation | Expression of pain; displeasure or disappro bation		interj	n		
andeal	1	gill1909	no	B	An-de-al	A wasp			ndl		
ankate	4	rudiments1924|rudiments1898|practical1886|demers1871	yes	A	ankate|Ankate	formerly | anbate, formerly, long ago			nkt	ahncutty|ahnkutte|ahnkuttie|ahnkutty|necktie	
ao	0		no	C	Ao						unvalidated_candidates_in=practical1886; kamloops_candidate_only
appo a	0		no	C	Ap-po'-1a|Ap-po'-14				p		unvalidated_candidates_in=gill1909
ashuk	1	gill1909	no	B	A-shuk	Snow			sk		
atas mosket	1	practical1886	yes	B	Atas mosket	ca: non." Stick woalie ot			tsmskt		
atimin	1	gill1909	no	A	At-I-min	Dead			tmn	etamana|tamanna|temen	
ats	8	rudiments1924|practical1886|gibbs1863|hibben1889|shaw1909|gill1909|gill1887|long1909	yes	A	ats|Ats	A sister younger than the speaker | A sister; a young-er sister | A sister, younger than the person speaking of her | A younger sister | Sister; A younger sister		n	z		
atswa	0		no	C	Atswa				zw		unvalidated_candidates_in=demers1871
avba	1	shaw1909	no	B	AV-ba	well then. Ad-de-dah/ (S), exclamation of pain, sorrow, surprise			vb		
awbolt	0		no	C	Awbolt				wblt		unvalidated_candidates_in=demers1871
awe	0		no	C	awe				w		unvalidated_candidates_in=rudiments1898; kamloops_candidate_only
ayahrwhul	1	long1909	no	B	A-yahrwhul	To lend; To borrow		v	rwl		
ayahwhul	2	gibbs1863|gill1887	no	A	A-yah-whul	To lend; borrow | To lend, or borrow		v	wl	ayihwhul|whullah|yahwhul	
ayahwnul	1	shaw1909	no	B	A-yah'-wnul	to lend; to borrow			wnl		
ayas	1	rudiments1898	yes	B	ayas	great			s		
ayihwhul	1	gill1909	no	A	A-yih'-whul	To lend; also to borrow			wl	ayahwhul|whullah|yahwhul	
aykehnam	2	gibbs1863|long1909	no	A	Ay-keh-nam			n	knm	canim|ehkahnam|ekkahnam|kannum|kenem|kenum|knem	
balee	1	gill1909	no	B	Ba'-lee	Striped			bl	ball|bull|eebal	
ball	1	practical1886	yes	A	Ball	ball			bl	balee|bull|eebal	
bear	0		no	C	Bear				br		unvalidated_candidates_in=practical1886; kamloops_candidate_only
bebay	1	gill1909	no	B	Be-bay	To kiss; to fondle			b		
bebe	4	gibbs1863|hibben1889|shaw1909|gill1887	no	A	Be-be|Be'-be	A word used towards children; probably a repetition of the first syllable of BAISKR. A kiss; to kiss | A word used toward children; a kiss; to kiss | a kiss; to kiss | A fond word used to children; to kiss		n,v	b		
bed	5	rudiments1924|practical1886|gibbs1863|hibben1889|gill1909	yes	A	bed|Bed	bed | A bed		n	bd		
bena	1	shaw1909	no	B	Be'-na	beaver			bn		
berdash	1	rudiments1924	yes	B	Berdash				brds	burdash	
bike	0		no	C	Bike				bk	book	unvalidated_candidates_in=practical1886; kamloops_candidate_only
bit	6	gibbs1863|hibben1889|shaw1909|gill1909|gill1887|long1909	no	A	Bit|Mit	A dime or shilling | A dime | a dime, or shilling | A dime or sixpenny piece | Dime		n	bt	boat	
bloom	8	rudiments1924|practical1886|gibbs1863|hibben1889|shaw1909|gill1909|gill1887|long1909	yes	A	bloom|Bloom	broom | A broom. Mamook bloom, to sweep | A broom. Mam-ook bloom - to sweep		n	blm		
boat	6	gibbs1863|hibben1889|shaw1909|gill1909|gill1887|long1909	no	A	Boat	A boat, as distinguished from a canoe | <A boat, as distinguished from a canve | A boat, as distinguished from a canoe; a skiff | Boat		n	bt	bit	
book	1	shaw1909	no	B	Book	A book; volume; pocketbook		n	bk		
bos ton	1	gibbs1863	no	A	Bos -ton	An American; American		n,adj	bstn	boston	
boston	3	shaw1909|gill1909|gill1887	no	A	Bos'-ton|Boston	An American; American | American; an American | An American. Boston Ill-a-he		n,adj	bstn		
boston man	2	rudiments1924|long1909	yes	B	Boston man			n	bstnmn		
bostonman	0		no	C	Bostonman				bstnmn		unvalidated_candidates_in=practical1886; kamloops_candidate_only
bull	1	rudiments1924	yes	A	bull	ball			bl	balee|ball|eebal	
burdash	4	gibbs1863|hibben1889|shaw1909|gill1909	no	A	Bur-dash	Can. French, BERDACHE (Anderson) | An hermaphrodite | A hermaphrodite		n	brds	berdash	
byby	2	shaw1909|gill1909	no	A	By-by	By-and-by; after a while; sometime hence | By-and-by		adv	b		
calipeen	1	gill1909	no	A	Cal-i-peen	A rifle; carbine			klpn	callipeen	
callipeen	4	gibbs1863|hibben1889|shaw1909|gill1887	no	A	Cal'-li-peen|Cal-li-peen	A rifle		n	klpn	calipeen	
canada man	0		no	C	Canada man				kndmn		unvalidated_candidates_in=practical1886; kamloops_candidate_only
canim	6	gibbs1863|hibben1889|shaw1909|gill1909|gill1887|long1909	no	A	Ca-nim	A canoe. Canim stick, the cedar, or wood from which canoes are usually made | A canoe..Ex.: Canim stick, - the cedar or wood from which canoes are usually made | A canoe. Canim stick | A Canoe. Ca-nim Stick | Canoe		n	knm	aykehnam|ehkahnam|ekkahnam|kannum|kenem|kenum|knem	
capala	2	gill1909|gill1887	no	A	Cap'-a-la|Cap-a-la	The cheeks			kpl	kopel	
capo	6	gibbs1863|hibben1889|shaw1909|gill1909|gill1887|long1909	no	A	Ca-po	A coat | A coat. Cha'-ko, cfcah'-ko, or chahco, v | A coat; a cloak | Coat		n	kp		
caue	0		no	C	Caue				k		unvalidated_candidates_in=rudiments1924; kamloops_candidate_only
chackchack	2	hibben1889|gill1887	no	A	Chack-chack	The bald eagle			CkCk	chakchak|chickchick|chikchik	
chahco	2	gill1909|gill1887	no	A	Chah'-co|Chah-co	To come; to become; to grow | To come; to become			Ck	chahko|chako|chek|chock|chuck|chuko	
chahco kloshe	1	gill1887	no	A	Chah-co kloshe	To become good; to get well			CkLs		
chahco spooh	1	gill1887	no	A	Chah-co spo-oh	To fade			Cksp		
chahko	2	gibbs1863|hibben1889	no	A	Chah'-ko|Chah-ko	To come; to become		v	Ck	chahco|chako|chek|chock|chuck|chuko	
chak chak	1	gibbs1863	no	A	Chak chak	The bald eagle (by onoma.), from its scream		n	CkCk	chackchack|chakchak|chickchick|chikchik	
chakchak	2	gill1909|long1909	no	A	Chak'-chak|Chak-chak	The white-headed eagle | Eagle		n	CkCk	chackchack|chickchick|chikchik	
chakcnak	1	shaw1909	no	B	Chak-cnak	the bald eagle			Cknk		
chake tloos	1	rudiments1924	yes	B	chake tloos				CkLs		
chako	1	demers1871	no	A	Chako	come, become			Ck	chahco|chahko|chek|chock|chuck|chuko	
chako khell	1	rudiments1924	yes	B	chako Khell				Ckl		
chako kol	2	rudiments1924|practical1886	yes	B	chako Kol|Chako kol	to cool			Ckl		
chako krell	0		no	C	Chako krell				Ckrl		unvalidated_candidates_in=practical1886; kamloops_candidate_only
chako tanas	1	demers1871	no	B	Chako tanas	to be born			Cktns		
chako tanaz	0		no	C	Chako tanaz				Cktnz		unvalidated_candidates_in=practical1886; kamloops_candidate_only
chako tloos	1	practical1886	yes	B	Chako tloos	to get better, well			CkLs		
chatko	1	rudiments1898	yes	B	chatko	come			Ctk		
chau	1	gill1909	no	B	Chau	Today			C		
chee	6	gibbs1863|hibben1889|shaw1909|gill1909|gill1887|long1909	no	A	Chee	Lately; just now; new | latelv; just now; new; fresh; original; recent | New; lately; just now | Lately; just now | New; not old; newly made		adv,adj	C		
chee nika chahco	1	gill1887	no	A	Chee ni'-ka chah-co	I have just come			CnkCk		
cheechee	1	gill1909	no	B	Chee-chee	Small bird			C		
chek	1	rudiments1898	yes	A	chek	water			Ck	chahco|chahko|chako|chock|chuck|chuko	
chesp	1	gill1909	no	B	Chesp	Neck			Csp		
chetlo	4	gibbs1863|hibben1889|shaw1909|gill1909	no	A	Chet'-lo|Jet'-lo|Chet-lo|Jet-lo	An oyster. Used on the lower Columbia | An oyster | oyster | An oyster; oysters		n	CL	chitlo	
chetwoot	4	gibbs1863|shaw1909|gill1909|gill1887	no	A	Chet-WOOt|Chet-woot	A black bear | black bear		n	Ctwt		
chetwovot	1	hibben1889	no	B	Chet-wovot	A black bear			Ctwvt		
chi	0		no	C	chi|Chi				C		unvalidated_candidates_in=rudiments1898/practical1886/demers1871; kamloops_candidate_only
chickamin	2	gill1909|gill1887	no	A	Chick'-a-min|Chick-a-min	Any metallic substance			Ckmn	chikamin|chikmin	
chickchick	1	gill1887	no	A	Chick-chick	Wheels. A cart or wagon			CkCk	chackchack|chakchak|chikchik	
chicken	1	practical1886	yes	B	Chicken				Ckn	chiken|chikunn|chokinin|chukkin|tchukin	
chik amin	1	gibbs1863	no	A	Chik -a-min	Iron; metal; metallic		n,adj	Ckmn	chickamin|chikamin|chikmin	
chik chik	1	gibbs1863	no	A	Chik chik				CkCk	chackchack|chakchak|chickchick|chikchik	
chikamin	1	shaw1909	no	A	Chik'-a-min	seekemaile, - (Cook)		n,adj	Ckmn	chickamin|chikmin	
chikchik	3	hibben1889|gill1909|long1909	no	A	Chik-chik|Chik'-chik	A wagon or cart | A wagon; a wheel or wheels; a rail¬ road car or train | Wagon; cart; wheels		n	CkCk	chackchack|chakchak|chickchick	
chiken	1	rudiments1924	yes	B	chiken				Ckn	chicken|chikunn|chokinin|chukkin|tchukin	
chikmin	1	practical1886	yes	B	Chikmin	talla, money ht talla, one - dollar			Ckmn	chickamin|chikamin	
chikmin lop	1	rudiments1924	yes	B	chikmin lop	chain			Ckmnlp		
chikmin lope	1	practical1886	yes	B	Chikmin lope	chain			Ckmnlp		
chikmm	0		no	C	chik'mm				Ckm		unvalidated_candidates_in=rudiments1898; kamloops_candidate_only
chikunn	1	rudiments1924	yes	B	Chikunn				Ckn	chicken|chiken|chokinin|chukkin|tchukin	
chilchil	6	gibbs1863|hibben1889|shaw1909|gill1909|gill1887|long1909	no	A	Chil-chil|Tsil-tsil|Chil'-chil	Buttons. Jhitish, x | buttons; the stars | A button; badge | Buttons | Stars; round trinkets; buttons		n	ClCl		
chinaman	0		no	C	Chinaman				Cnmn		unvalidated_candidates_in=practical1886; kamloops_candidate_only
chis	1	gill1909	no	B	Chis	Cold			Cs		
chischis	1	demers1871	no	B	chischis	to gamble with small wheels			CsCs		
chitch	1	gill1909	no	B	Chitch	Grandfather			C		
chitlo	1	gill1887	no	A	Chit-lo	An oyster. Oysters			CL	chetlo	
chitsh	3	gibbs1863|shaw1909|long1909	no	A	Chitsh	A grandmother | A grandmother. (Gibbs, Gill, Hibben, St. Onge and Swan, give chope for grandfather; but Hale and Tate erive the meaning as grandfather and chope as grandmother | Grandfather		n	Cz		
chock	1	practical1886	yes	A	Chock	water			Ck	chahco|chahko|chako|chek|chuck|chuko	
chokinin	1	demers1871	no	B	Chokinin	to stitke with the foot, to stamp			Ckn	chicken|chiken|chikunn|chukkin|tchukin	
chope	5	gibbs1863|shaw1909|gill1909|gill1887|long1909	no	A	Chope|Chist	A grandfather | A grandfather. (Hale says, a grandmother) | Grandmother | Grandfather | Grandmother so		n	Cp		
chotub	5	gibbs1863|hibben1889|shaw1909|gill1909|gill1887	no	A	Cho'-tub|Cho-tub|Chotub	A flea. Used on Puget Sound | A flea | flea		n	Ctb		
chuck	5	gibbs1863|hibben1889|shaw1909|gill1909|gill1887	no	A	Chuck	Water; a rinr or stream | Water; ariver orstream | Water; a river or stream | Water; river | Water - river or stream		n	Ck	chahco|chahko|chako|chek|chock|chuko	
chuk kin	1	gibbs1863	no	A	Chuk kin	To kick. Of local use only		n,v	Ckn	chicken|chiken|chikunn|chokinin|chukkin|tchukin	
chukchin	1	demers1871	no	B	Chukchin	to kick, rear			CkCn		
chukkin	3	hibben1889|shaw1909|gill1909	no	A	Chuk-kin	To kick			Ckn	chicken|chiken|chikunn|chokinin|tchukin	
chuko	1	practical1886	yes	A	Chuko	to come			Ck	chahco|chahko|chako|chek|chock|chuck	
clapitski	1	long1909	no	B	C-la-pits-ki	Fire		n	klpzk		
clapootchus	1	gill1887	no	B	Cla-pootch-us	The beard			klpCs		
cloochemin	0		no	C	Cloochemin				klCmn		unvalidated_candidates_in=practical1886; kamloops_candidate_only
close	2	gibbs1863|hibben1889	no	A	Close				kls		
cly	3	shaw1909|gill1909|gill1887	no	A	Cly|kely	To cry, lament; mourning", weeping* | To cry; mourning; weeping | To cry		v	kl		
cole	5	gibbs1863|hibben1889|shaw1909|gill1909|gill1887	no	A	Cole	Cole illahie, winter; icht cole, a year; cole sick waum sick, the fever and ague | Cold. Cole illahie, winter; Icht cole, a year; Cole sick waum sick, the fever and ague | Cold; a year | Cold		adj	kl		
cole illahe	1	gill1887	no	B	Cole ill-a-he	Winter			kl		
cole sick	1	gill1887	no	A	Cole sick	Ague			klsk		
colecole	1	gill1887	no	A	Cole-cole	A rat			klkl	coleecolee|kalakala|kalkal|kalkala|kallakala|kiilakula	
coleecolee	1	gill1909	no	A	Co'-lee-co'-lee	A rat			klkl	colecole|kalakala|kalkal|kalkala|kallakala|kiilakula	
comb	4	gibbs1863|hibben1889|shaw1909|gill1909	no	A	Comb	A comb. Mamook comb, to coinb; inamook comb illahie, to harroio | A comb. Mamook comb, to comb; Mamook comb illahie, to harrow | a comb | Comb			kmb		
comb illahe	1	gill1887	no	B	Comb ill-a-he	To harrow			kmbl		
coolee	1	gill1909	no	A	Coo'-lee	To run			kl		
cooley	4	gibbs1863|hibben1889|shaw1909|gill1887	no	A	Coo'-ley|Coo-ley	To run. Cooley kiuatan, a race-horse; yahka hyas kumtuks cooley, he can, i.e., knows how to run well | To run. Cooley kiuatan, a race-horse; Yahka hyas kumtuks cooley, he canz.e. knows how to run well | To run; go about; play; walk; travel | To run		v	kl		
cooley kuitan	1	gill1887	no	A	Coo-ley ku-i-tan	A race horse			klktn		
coop coop	1	gibbs1863	no	A	Coop '-coop	The smaller sized dentalium or sliell money		n	kpkp	coopcoop	
coopcoop	2	shaw1909|gill1887	no	A	Coop'-coop|Coop-coop	small dentalium, or shell money | Shell money			kpkp		
cosho	5	practical1886|gibbs1863|hibben1889|shaw1909|gill1887	yes	A	Cosho|Co'-sho|Co-sho	pig | A hog; pork | A hog; pork. Siwash cosho, a seal | A hog; pork; pig; swine; ham; bacon | A hog		n	ks		
cosho glese	1	gill1887	no	A	Co-sho glese	Lard			ksgls		
cosho siwash	1	gill1887	no	A	Co-sho si-wash	A seal. 3D			ksws		
coulee	1	shaw1909	no	B	Cou-lee	a valley			kl		
court	1	shaw1909	no	B	Court	A court		n	krt		
cpitsah	1	long1909	no	B	C-pit-sah	A knife		n	kpz		
cultus	3	gibbs1863|hibben1889|shaw1909	no	A	Cul'-tus|Cultus|Kul'tus	Worthless; good for nothing; without purpose | Worthless; g-ood for nothing; without purpose; abject, barren; bad; common; careless; defective; dissolute; filthy; foul; futile; rude; immaterial; impertinent; impolite; no matter; shabby; slippery; unmeaning; untoward; useless; paltry ...		adj	klts	kaltas|kaltash|koltash|kultus	
cvpitlkegh	1	long1909	no	B	CV-pitl-kegh	A bow (and arrow)		n	kvpLk		
cyluk	1	long1909	no	B	Cy-luk			n	klk	kalaka|kehloke|kelok|keluk|kolko	
dago	1	gill1909	no	B	Da'-go	Gnats ("No-see-'em)			dg		
de late	1	gibbs1863	no	B	De late|De-lett	Straight; direct; without equivocation		adj,adv	dlt	delate|dlat|dlet	
deaub	2	gill1909|gill1887	no	A	De-aub	The devil			db	diaub	
delate	3	hibben1889|shaw1909|gill1909	no	A	De-late|De-lett	Straight; direct | Straight; direct; without equivocation; true; truly, exactly; correct; exact; g-enuine; just; plain; precise; really; thorough; sincerely; surely; sincere; sure; accurate; verily; undoubted; authentic; certain; definite; definitely; erect ... | Straight; direct; true		adj,adv	dlt	dlat|dlet	
dely	1	hibben1889	no	A	Dely	Dry. Chahko dely, to become dry; maimook dely, to dry			dl	dilai|dly|dolla	
diaub	2	gibbs1863|hibben1889	no	A	Di-aub|Yaub	The devil. Sometimes used combined with the article, as LEJAUB | The devil. |		n	db	deaub	
diet	0		no	C	Diet				dt		unvalidated_candidates_in=practical1886; kamloops_candidate_only
dilai	1	practical1886	yes	A	Dila-i	dry			dl	dely|dly|dolla	
dirate	1	gill1887	no	B	Di-rate	Straight. Direct			drt	dorght|dret	
dlat	1	rudiments1924	yes	B	dlat				dlt	delate|dlet	
dlet	1	rudiments1924	yes	B	dlet				dlt	delate|dlat	
dly	4	gibbs1863|shaw1909|gill1909|gill1887	no	A	D'ly|De-ly|Dly	Chahko dely, to become dry; mamook dely, to dry, v. a | Dry; arid; dryness | Dry | Dry. Chah-co dly		adj	dl	dely|dilai|dolla	
do la	0		no	C	Do1-la|D61-la				dl	dely|dilai|dly|dolla	unvalidated_candidates_in=gill1887
doctin	5	gibbs1863|hibben1889|shaw1909|gill1909|gill1887	no	A	Doc'-tin|Doc-tin	A doctor. Dor la. or Tah-la, n | A doctor | A doctor; a physician; surgeon		n	dktn		
dolla	3	hibben1889|shaw1909|gill1909	no	A	Dol-la|Dol'-la|Tahla	A d&lar; money | A dollar; money; cash; funds | A dollar; money		n	dl	dely|dilai|dly	
dollah seeowist	1	gill1887	no	B	Dol-lah see-ow-ist|Dol-lah see-6w-ist	Spectacles			dlswst		
dorght	1	rudiments1924	yes	B	dorght				drt	dirate|dret	
dret	1	rudiments1898	yes	A	dret	direct			drt	dirate|dorght	
dutchman	1	shaw1909	no	B	Dutchman			n	dCmn		
e salth	0		no	C	E salt'h|Ye-salt'h				slt	esalht|esalth|salt	unvalidated_candidates_in=gibbs1863
eatet	1	shaw1909	no	B	Ea-tet	The head; poll; brains; intellect; sense		n	t		
ebpoi	0		no	C	Ebpoi				bp		unvalidated_candidates_in=demers1871
ecola	1	gill1909	no	A	E-co'la	A whale			kl		
econe	1	gill1887	no	A	E-cone	A good spirit			kn	ekone|kuon	
ecutoch	1	gill1887	no	A	E'cu-toch	Bad spirit			ktC	ekutoch	
eebal	1	shaw1909	no	B	Ee-bal	A ball; bullet		n	bl	balee|ball|bull	
eekeh	1	gill1887	no	B	Ee-keh	Brother-in-law			k		
eena	2	gibbs1863|gill1887	no	A	Ee'-na|Ee-na	A beaver. Eena stick (literally, beaver wood], the willow | A beaver		n	n		
eenapoo	3	gibbs1863|hibben1889|gill1909	no	A	Ee'-na-poo|In-a-poo|Ee-na-poo	A louse. Sopen inapoo, a flea | Louse			np	enapoo|inapoo	
eenati	2	gill1909|gill1887	no	A	Ee'-na-ti|inati|Ee-na-ti	The other side; across | Over. The other side			nt	enatai|enatat|inatai|inati	
eens	1	gill1909	no	B	Ee'-nS	Beaver			ns	nose	
eepso house	1	rudiments1924	yes	B	Eepso house				ps	paseesee|paseesie|pasese|pasisse|passissi|pish|pos	
eesak	1	shaw1909	no	B	Ee-sak	A ba"*; a pocket; a sack		n	sk		
eetinwill	1	gill1909	no	A	Ee'-tin-will	The ribs			tnwl	etinwill	
ehe	0		no	C	E'he						unvalidated_candidates_in=practical1886; kamloops_candidate_only
ehkah nam	1	gibbs1863	no	B	Eh-kah nam	A tale or story		n	knm	aykehnam|canim|ehkahnam|ekkahnam|kannum|kenem|kenum|knem	
ehkahnam	2	gill1909|gill1887	no	A	Eh-kah'-nam|Eh-kah-nam	A tale; a story | A tale or story			knm	aykehnam|canim|ekkahnam|kannum|kenem|kenum|knem	
ehkoli	2	hibben1889|gill1887	no	A	Eh-ko-li	A whale Ke-na, 7. <A beaver, EHena stick (literally beaver wosd), the willow | A whale		n	kl		
ehpoor	2	rudiments1924|practical1886	yes	B	ehpoor|E'hpoor	v lo shut | to shut			pr		
ehpoot	0		no	C	E'hpoot				pt	pat|pati	unvalidated_candidates_in=practical1886; kamloops_candidate_only
ekkahnam	1	shaw1909	no	A	Ek-kah-nam	tale; story			knm	aykehnam|canim|ehkahnam|kannum|kenem|kenum|knem	
ekkeh	3	gibbs1863|shaw1909|gill1909	no	A	Ek'-keh	A brother-in-law | brother-in-law		n	k		
ekkoli	1	shaw1909	no	A	Ek-ko-li	whale			kl		
ekone	1	gill1909	no	A	E-kone	Good spirit			kn	econe|kuon	
ekskaun	1	gill1909	no	B	Ek-skaun	Wood; wooden			kskn		
ekutoch	1	gill1909	no	A	E'-ku'-toch	Bad spirit			ktC	ecutoch	
elacka	1	gill1887	no	A	E-lac-ka	A sea otter			lk		
elaham	1	rudiments1924	yes	B	elaham	alms			lm		
elahan	4	gibbs1863|shaw1909|gill1909|gill1887	no	A	E'-la-han|Elann	Aid; assistance; alms | Aid; alms | Aid. Assistance			ln	hlahan	
elaiten	0		no	C	elaiten				ltn		unvalidated_candidates_in=rudiments1898; kamloops_candidate_only
elakka	1	gill1909	no	A	E-lak'ka	The sea otter			lk		
elehe	0		no	C	elehe|Elehe				l		unvalidated_candidates_in=rudiments1898/practical1886; kamloops_candidate_only
elip	5	gibbs1863|shaw1909|gill1909|gill1887|demers1871	no	A	E'-lip|El'-ip|Elip	First; before | First; before; the superlative; heginning; prior; ahead; senior; elder; former; original | First; foremost; before; soon, speedily; more | First. Before | first, ahead, before		adv	lp		
elip kloshe	1	gill1887	no	A	E'-lip kloshe	The best			lpLs		
elite	5	gibbs1863|hibben1889|shaw1909|gill1909|gill1887	no	A	E-li'-te|Elite|E-li'te|E-li-te	A slave | A slave. Eeslth, Indian corn or maize		n	lt		
elo	0		no	C	Elo				l		unvalidated_candidates_in=practical1886; kamloops_candidate_only
elo tomtom	0		no	C	elo tomtom				ltmtm		unvalidated_candidates_in=rudiments1924; kamloops_candidate_only
emeck	1	gill1887	no	A	E-meck	The back			mk		
emeek	1	gill1909	no	A	E-meek	The back			mk		
emeets	2	gill1909|gill1887	no	A	E-meets	The nose			mz		
emih	2	gill1909|gill1887	no	A	E-mi'h	The breast; the chest | The breast			m		
enapoo	1	gill1887	no	A	E'-na-poo	A louse			np	eenapoo|inapoo	
enatai	1	demers1871	no	A	Enatai	to go across | on the other side, across			nt	eenati|enatat|inatai|inati	
enatat	1	rudiments1898	yes	A	enatat	across			nt	eenati|enatai|inatai|inati	
enatevi	0		no	C	enatevi				ntv		unvalidated_candidates_in=rudiments1924; kamloops_candidate_only
equannat	1	gill1909	no	B	E-quan'-nat	The Chinook word for salmon			kwnt		
esalfh	1	shaw1909	no	B	E-salfh|Ye-salt'h	Indian corn; maize			slf	self	
esalht	1	rudiments1924	yes	B	esalht				slt	esalth|salt	
esalth	1	gill1909	no	A	E-salth	Maize; Indian corn			slt	esalht|salt	
eskkom	1	rudiments1898	yes	A	eskKom	to take			skm	eskom|iskum|isskum|shukom|skkookoom|skokum|skookoom|skookum	
eskom	2	rudiments1924|practical1886	yes	A	eskom|Eskom	lake | to take Eskom cloochemin to take a wife			skm	eskkom|iskum|isskum|shukom|skkookoom|skokum|skookoom|skookum	
espli	1	demers1871	no	B	Espli	Holy Ghost			spl	saplel|saplil|sapolil|sapolill|sapplel|siapool	
essal	1	gill1909	no	B	Es'-sal	To come			sl		
etamana	2	gill1909|gill1887	no	A	E-tam'-a-na|E-tam-a-na	A prophet			tmn	atimin|tamanna|temen	
ethlan	1	gill1909	no	A	Eth'-lan|it-lan	A fathom			Ln	itlan|klahanee|klahhane|klone|tloon	
ethlow	1	gill1887	no	B	E'th-low	A fathom			Lw	klahowya|klahwa|klawa|klawah|tlawa	
etinwill	1	gill1887	no	A	E'-tin-will	Rib or ribs			tnwl	eetinwill	
etshum	1	gill1909	no	B	Et-shum	The heart			zm	tsem|tsom	
etsitsa	2	gill1909|gill1887	no	A	Et-sit-sa	Sick | Sick. <3~			z		
eup shim	0		no	C	Eup shim				psm		unvalidated_candidates_in=rudiments1924; kamloops_candidate_only
evhe	0		no	C	evhe				v		unvalidated_candidates_in=rudiments1924; kamloops_candidate_only
ewash	1	gill1909	no	B	E'-wash	Penis; membrum virile			ws	wash	
ext	1	rudiments1924	yes	B	ext				kst	kakshet|kokshut|koushet|okuste|okustee	
eyeh	1	shaw1909	no	B	Eyeh	yes					
fa porte	0		no	C	fa porte				fprt		unvalidated_candidates_in=rudiments1924; kamloops_candidate_only
fa vite	0		no	C	fa vite				fvt		unvalidated_candidates_in=rudiments1924; kamloops_candidate_only
faint	2	gibbs1863|shaw1909	no	A	Faint|Pent	Mamook pent, to paint | Mamook pent, - to paint		n,adj	fnt		
fasese	1	shaw1909	no	B	Fa-se'-se|Fa'-see-sie	A blanket; woolen cloth		n	fs	fish	
fasiooks	1	shaw1909	no	B	Fa-'si-ooks	(French; a Frenchman		n,adj	fsks		
fechusrb	1	shaw1909	no	B	Fe-chusrb	green			fCsrb		
femocz	0		no	C	FEMOCZ				fmkz		unvalidated_candidates_in=rudiments1924; kamloops_candidate_only
feshak	1	shaw1909	no	B	Fe-shak|Fe-shuk	Bad. (Mesachie is used for it on Puget Sound		adj	fsk		
fewhat tie	1	shaw1909	no	B	Fe-what -tie	Thin, like paper, etc		adj	fwt		
fish	2	gibbs1863|shaw1909	no	A	Fish	Pish		n	fs	fasese	
fitlilh	1	shaw1909	no	B	Fit-lilh|Fit-hlil	Thick in consistence, as molasses		adj	fLl		
folaklie	1	shaw1909	no	B	Fo'-lak-lie|Polakly	Night; darkness; dark; gloom		n,adj	flL		
folallie	1	shaw1909	no	B	Fo'-lal-lie	Gunpowder; dust; sand		n	fl		
foqjorm stick	0		no	C	fo.qjorm Stick				fqCrmstk		unvalidated_candidates_in=rudiments1924; kamloops_candidate_only
fox pele	0		no	C	fox pele				fkspl		unvalidated_candidates_in=rudiments1924; kamloops_candidate_only
gawge	1	shaw1909	no	B	Gawge	English. King* chautshman, - an Englishman		adj	gwg		
getup	4	gibbs1863|hibben1889|shaw1909|gill1909	no	A	Get-up|Ket-op|ket-op	To get up; rise | 'l'o get up; rise | To g-et up; rise; risen | To rise; get up		v	gtp		
glease	3	gibbs1863|hibben1889|shaw1909	no	A	Glease	Fat, grease, or oil | Grease. Hyiu glease, very fat; too-toosh, glease, butter 4 bi | Grease; fat or oil		n	gls	gleese	
gleese	2	gill1909|gill1887	no	A	Gleese	Fat; oil; grease | Grease. Hy-iu gleese; very fat			gls	glease	
glo	0		no	C	glo				gl		unvalidated_candidates_in=rudiments1898; kamloops_candidate_only
goom	2	gill1909|gill1887	no	A	Goom|la-goom	Pitch; resin. Goom stick | Pitch			gm		
goomstick	1	gill1887	no	B	Goom-stick	Pine or fir tree			gmstk		
gy	0		no	C	Gy				g		unvalidated_candidates_in=rudiments1924; kamloops_candidate_only
h kumelh	0		no	C	H5-ku-melh				kml	hokumelh	unvalidated_candidates_in=gill1887
haan	1	gill1909	no	B	Ha-an	To kill			n		
hah lakl	1	gibbs1863	no	B	Hah lakl	Wide; open		adj	lL	hahlakl|lakloa|latlah|lekleh|leklo|lekloo|leklu	
haha	0		no	C	Haha						unvalidated_candidates_in=demers1871
hahlakl	5	hibben1889|shaw1909|gill1909|gill1887|long1909	no	A	Hah-lakl|Ha'h-lakl	Wide, open | Wide; open | Wide; open. Mam-ook hah-lakl laport; open the door | Wide; opende wide		v,adj	lL	lakloa|latlah|lekleh|leklo|lekloo|leklu	
hahtatshum	1	hibben1889	no	A	Haht-at-shum	Handkerchief		n	tzm	tzum	
hahthaht	5	gibbs1863|shaw1909|gill1909|gill1887|long1909	no	A	Haht-haht	The mallard duck | Mallard duck. See also Kweh-kweh | Duck (mallard)		n	t		
hakachum	1	gill1909	no	A	Hak'-a-chum	A handkerchief			kCm	hakatchum|kotchem	
hakatchum	1	gill1887	no	A	Hak-at-chum	A handkerchief			kCm	hakachum|kotchem	
hakatshum	3	gibbs1863|shaw1909|long1909	no	A	Hak-at-shum|Hak'-at-shum	A handkerchief | Handkerchief		n	kzm		
halak	0		no	C	halak				lk		unvalidated_candidates_in=rudiments1898; kamloops_candidate_only
halet	1	gill1909	no	B	Ha-let	To tremble			lt		
halo	6	gibbs1863|hibben1889|shaw1909|gill1909|gill1887|long1909	no	A	Ha'-lo|Halo|Ha-lo	None; absent | None; absent. @. Halo salmon mika? have you no fish? 4. Halo, none | Not; none; absent; no; all gone; devoid; vacant; without | None; absent; not | None; absent. Ha-lo wind | No; none; not any thing		adj	l		
haltash	1	gill1909	no	B	Hal-tash	Unaware; undesigned			lts		
hammer	0		no	C	Hammer				mr		unvalidated_candidates_in=practical1886; kamloops_candidate_only
hamooks	1	rudiments1898	yes	B	hamooks				mks	moamex|mox	
hanlkek	1	demers1871	no	B	Hanlkek				nlk	hiinlkih|hunlakih|hunlkih|hunlkik	
hanow	0		no	C	Hanow				nw	newah|newhah	unvalidated_candidates_in=rudiments1924; kamloops_candidate_only
haul	5	gibbs1863|hibben1889|shaw1909|gill1909|gill1887	no	A	Haul|mamook haul	To haul or pull | to baul or pull | To haul or pull; draw; bring1; dig*; pick; drag-; subtract; tow; attract; extract | To pull; to haul | To pull		v	l		
hawa	0		no	C	Hawa				w		unvalidated_candidates_in=rudiments1924; kamloops_candidate_only
hdkumel	1	gill1909	no	B	Hd'-ku-mel	To gather; to glean			dkml		
heehee	4	gibbs1863|shaw1909|gill1909|long1909	no	A	Hee'-hee|he-he	Laughter, amusement | Laughter; amusement; to laugh; fun; a game; gay; giggle; glee; mirth; humor; humorous; levity; merry; to deride; ridicule; romp; sport | Amusement; joke; fun | Amusement; laughter		n,adj,v			
hehe	1	gill1887	no	B	He-he	Laughter; amusement					
helo	1	demers1871	no	B	Helo	none, not			l		
heloitma	1	practical1886	yes	B	Heloitma	different			ltm	helotma	
heloman	1	demers1871	no	B	Heloman				lmn	lamimen|oleman|olman	
helotma	1	rudiments1898	yes	B	helotma	different			ltm	heloitma	
help	1	shaw1909	no	B	Help	As a verb it is commonly preceded by mamook, but not always		v,n	lp		
heltsh	1	gill1909	no	B	Heltsh	To laugh			lz	lazy	
hemenooit	0		no	C	Hemenooit				mnt		unvalidated_candidates_in=rudiments1898; kamloops_candidate_only
hihi	0		no	C	Hihi|hihi						unvalidated_candidates_in=demers1871
hiinlkih	1	gill1887	no	A	Hiinl-kih	Knotted; tangled			nlk	hanlkek|hunlakih|hunlkih|hunlkik	
hikoole salolooks	1	rudiments1924	yes	B	Hikoole salolooks				klslks		
hilapai	0		no	C	Hilapai				lp		unvalidated_candidates_in=rudiments1924; kamloops_candidate_only
hiloole	0		no	C	Hiloole				l		unvalidated_candidates_in=rudiments1924; kamloops_candidate_only
hit	0		no	C	Hit				t		unvalidated_candidates_in=practical1886; kamloops_candidate_only
hiyu	1	gill1909	no	B	Hi-yu	Much; plenty; enough; many					
hlahan	1	hibben1889	no	A	H-la-han	Aid; assistance; alms			ln	elahan	
hlalesta	1	rudiments1898	yes	B	Hlalesta	on ho			lst	lasote|lassiet|lassiett|lassseet|lest|lusst	
hlaska	1	rudiments1898	yes	B	hla'ska	they			lsk	lesac|lesak|lesook	
hlo kits	0		no	C	Hlo kits				lkz		unvalidated_candidates_in=practical1886; kamloops_candidate_only
hoche	0		no	C	hoche				C		unvalidated_candidates_in=rudiments1924; kamloops_candidate_only
hoh hoh	1	gibbs1863	no	B	Hoh hoh	To couyh. H6-ku melh, v		n,v			
hohhoh	3	shaw1909|gill1909|gill1887	no	A	Hoh-hoh|Hoh'-hoh	to cough					
hoho	0		no	C	ho'ho|Hoho						unvalidated_candidates_in=rudiments1924/demers1871; kamloops_candidate_only
hokumelh	1	shaw1909	no	B	Ho-ku-melh	to gather; glean			kml		
hollol	0		no	C	Hollol				l		unvalidated_candidates_in=demers1871
holoima	1	demers1871	no	A	Holoima	otherwise, other			lm		
hom	0		no	C	Hom				m		unvalidated_candidates_in=demers1871
hooe hooe	1	gill1887	no	B	Hoo-e hoo-e	To barter, or to trade					
hooeehooee	1	gill1909	no	B	Hoo'-ee-hoo-ee	To change; exchange; barter; trade					
hooilh	0		no	C	Hooilh				l		unvalidated_candidates_in=rudiments1898; kamloops_candidate_only
hoolhool	4	gibbs1863|shaw1909|gill1909|gill1887	no	A	Hool-hool|Hool'-hool	KHOILKHOIL. A mouse | A mouse. (Hyas hoolhool (big mouse), a rat.) (The word is obsolete now.) | a mouse		n	l		
hoophtaeps	0		no	C	HoopHtaeps				ftps		unvalidated_candidates_in=rudiments1924; kamloops_candidate_only
house	8	rudiments1924|practical1886|gibbs1863|hibben1889|shaw1909|gill1909|gill1887|long1909	yes	A	house|House	house | A house. Mahkook house, a store; Boston house, an American-built house, as distinguished from a lodge | A house. Mahkvook house, a store | A house; home; residence; building; cottage; den | House; dwelling | A house. Markook house; a store		n	s		
house mahkook	1	long1909	no	B	House mah-kook				smk	smok|smoke	
how	2	gill1909|demers1871	no	A	How	Listen; attend			w		
howh	7	rudiments1924|gibbs1863|hibben1889|shaw1909|gill1909|gill1887|long1909	yes	A	howh|Howh	HAUKH. Turn to; hurry | Turn to; hurry | turn to; hurry; ho! | Turn to, or get to work briskly; hurry | To turn | Hurry; turn to		interj	w		
howkwutl	6	gibbs1863|hibben1889|shaw1909|gill1909|gill1887|long1909	no	A	How'-kwutl|How-kwutl	An expression of in ability | Inability | inability; unable | Expresses inability | Inability. How-kwutl ni-ka klat-a-wa? How could I go? | Expressed inability		adv	wkwL		
hpai	0		no	C	Hpa-i				p		unvalidated_candidates_in=practical1886; kamloops_candidate_only
hpi	0		no	C	hpi				p		unvalidated_candidates_in=rudiments1924; kamloops_candidate_only
htanke	0		no	C	Htanke				tnk	tance	unvalidated_candidates_in=rudiments1898; kamloops_candidate_only
huihui	0		no	C	Huihui						unvalidated_candidates_in=demers1871
hullel	4	rudiments1924|gibbs1863|shaw1909|gill1909	yes	A	hullel|Hul-lel	To sliake. Used with the verb inamook, as, mauiook hullel, it becomes active | To tremble; to shake | To shake; or mamook hullel		v,n	l		
hullet	1	gill1887	no	B	Hul-let	To shake			lt		
huloima	1	shaw1909	no	A	Hul-o'-i-ma	Other; another; different; difference; averse; diverse; eccentric; foreign; odd; separate; strange; queer; unusual		n,adj	lm		
huloime	1	gill1887	no	A	Hul-oi-me|Hul-6i-me	Other; another			lm		
huloimee	1	gill1909	no	A	Hul-oi'-mee	Strange; different; other			lm		
humkih	1	shaw1909	no	B	Hum'-kih	Crooked; knotted; curled			mk		
humm	6	rudiments1898|gibbs1863|shaw1909|gill1909|gill1887|long1909	yes	A	humm|Humm	smell | A stink or smell; to stink | An invented word | A stench or smell | A bad odor | Bad smell; stink		n,v,adj	m		
humm opootch	1	gill1887	no	A	Humm o-pootch	A skunk			mpC		
hunlakih	1	long1909	no	A	Hunla-kih	Curley; knotted		adj	nlk	hanlkek|hiinlkih|hunlkih|hunlkik	
hunlkih	2	gibbs1863|gill1909	no	A	Hunl'-kih	Curled or curly; knotted; crooked | Curled; curly; crooked; knotted		adj	nlk	hanlkek|hiinlkih|hunlakih|hunlkik	
hunlkik	1	hibben1889	no	A	Hunl-kik	Curlea or curly; knotted; crooked			nlk	hanlkek|hiinlkih|hunlakih|hunlkih	
hutoima	1	hibben1889	no	B	Hut-o-i-ma	Other: another; different			tm	taghum|taham|tatham	
huyhuy	3	gibbs1863|shaw1909|long1909	no	A	Huy-huy	A bargain or ex change; to barter or trade | A bargain or exchange; to barter or trade | Barter; a hard bargain		n,v			
hwah	4	hibben1889|shaw1909|gill1909|gill1887	no	A	Hwah	Surprise or admiration, also earnestness. 'Hy-ak- Swift; fast; quickly; hurry; make haste | surprise; admiration; earnestness | Exclamation of surprise | Surprise, or admiration*			w		
hyak	5	gibbs1863|shaw1909|gill1909|gill1887|long1909	no	A	Hy'-ak|Hy-ak	also used as imperative | Hurry; hasten; swift; sudden; make haste | Hurry | Swift; hurry;haste		adv	k		
hyas	6	gibbs1863|hibben1889|shaw1909|gill1909|gill1887|long1909	no	A	Hy-as|Hyas	Large; great; very | Large; great; very; the general term for size; wide; big; arduous; vast; celebrated | Great; very; large | Large; great; very large		adj,adv	s		
hyas ahncutty	1	gill1887	no	A	Hy-as ahn-cut-ty	Long ago			snkt		
hyas kloshe	1	gill1887	no	A	Hy-as kloshe	Very good			sLs		
hyas markook	1	gill1887	no	A	Hy-as markook	High priced			smrk		
hyiu	4	hibben1889|shaw1909|gill1887|long1909	no	A	Hy-iu|Hi-yu	Much, many, plenty, enough | by Jewett. (Tokwaht,-aiya) | Enough; much; plenty | Much; plenty; plentiftS		adj,n			
hykwa	5	gibbs1863|hibben1889|shaw1909|gill1909|gill1887	no	A	Hy'-kwa|Hy'-a-kwa|Hy-kwa	The dentalium; the shell money or wampum of the Pacific coast | The shell money of the Pacific Coast | shell money; large dentalium | Shell money or wampum | Shell money		n	kw		
ibtibt	0		no	C	Ibtibt				btbt		unvalidated_candidates_in=demers1871
ih	0		no	C	Ih						unvalidated_candidates_in=demers1871
iht	0		no	C	Iht|ight				t		unvalidated_candidates_in=practical1886; kamloops_candidate_only
ii lahie	1	gibbs1863	no	B	II -la-hie	Tlie ground; the earth; dirt			l		
iiagwin	1	shaw1909	no	B	Iia-g-win	a saw			gwn		
iiakles	1	shaw1909	no	B	Iia'-kles	fat; oil; grease. la-lab/, (C), to cheat, trick; joke with			Ls	klis|klose|kloshe|tloos|tlosh	
ik tah	1	gibbs1863	no	B	Ik -tah	What. Iktah okook, what is that? iktah mika tikegh, what do you want? iktah, well, what now '* Ik -tah., n		pron	kt	ikt|ikta|iktah|kahta|kata|kot|ooakut	
ikhol	1	gill1909	no	B	Ik-hol	River; stream			kl		
ikik	1	shaw1909	no	B	Ik'-ik	fish hook			k		
ikkik	4	gibbs1863|hibben1889|gill1909|gill1887	no	A	Ik'-kik|Ik-kik	Ajish-hook | A fish-hook | A fishhook | A fish-hcok		n	k		
ikpooee	1	gill1909	no	A	Ik-poo-ee	To shut; close; closed; shut up			kp		
ikpooie	3	gibbs1863|hibben1889|shaw1909	no	A	Ik-poo'-ie|Ik-poo-ie	To shut. Ikpooie la pote, shut the door; inamook ikpooie, to surround; ikpooie kwillan, deaf | To shut. Ikpooie la pote, shut the door; mamook ikpooie, to surround; ikpooie kwillan, deaf | To shut; close; stop; cork; closed shut		v	kp		
ikpooye	1	gill1887	no	A	Ik-poo-ye	To shut			kp		
ikt	5	gibbs1863|hibben1889|shaw1909|gill1909|gill1887	no	A	Ikt|Icht	One; once. Used also as the indefinite article | One, once. Ikt man, a man; ikt nika klatawa copa yahka house, 1 have been once to his house | One; once; a unit | One; once; a; an | One; once. Ik-tah? What?		adj	kt	ikta|iktah|kahta|kata|kot|ooakut	
ikta	3	practical1886|gill1909|demers1871	yes	A	Ikta|Ik'-ta	what | A thing; that thing | ekita, what is the matter			kt	ikt|iktah|kahta|kata|kot|ooakut	
iktah	2	hibben1889|shaw1909	no	A	Ik-tah|Ik'-tah|Ikta	What. Iktah okook? what is that? iktah mika tikegh? what do you want? iktah? well, what now? © | What. "The interrogative pronouns are klaska, - who? Kahta or Iktah, - what? and Kunsih, - how many or how much? The latter is also used for when? - i. e., how much time, how many days?" - Hale		pron	kt	ikt|ikta|kahta|kata|kot|ooakut	
iktahs	2	hibben1889|gill1887	no	A	Ikta-hs|Ik-tahs	Goods, merchandise | Goods; merchandise			kts	aktas|iktas	
iktas	1	shaw1909	no	A	Ik'-tas|Iktahs	Things; garments; dress; a thing; goods; merchandise; clothing; utensils; baggage; attire; fabric; occasionally the singular Iktah is used, though not often		n	kts	aktas|iktahs	
il ahe	0		no	C	Il'1-a-he				l		unvalidated_candidates_in=gill1887
ilep	1	practical1886	yes	A	Ilep	first, more			lp		
illahee	1	gill1909	no	B	Ill'-a-hee	Country; earth; the ground; soil; land			l		
illahie	1	hibben1889	no	B	Il-la-hie	The ground; the earth; dirt		n	l		
ina	0		no	C	Ina				n		unvalidated_candidates_in=practical1886; kamloops_candidate_only
inapoo	2	hibben1889|shaw1909	no	A	In-a-poo|In'-a-poo|Ee'-na-poo	A lotise. Sopen inapoo, a flea | A louse. (Sopen inapoo, - jump-louse; a flea.) Inati, - see Enati		n	np	eenapoo|enapoo	
inatai	1	demers1871	no	A	Inatai	crossed, other side			nt	eenati|enatai|enatat|inati	
inati	4	gibbs1863|hibben1889|gill1909|gill1887	no	A	In'-a-ti|Een-a-ti|In-a-ti|ee'-na-tl	Across; oppo site to; on the other side of | Across; opposite to; on the other side of | Across		prep,adv	nt	eenati|enatai|enatat|inatai	
ipso to	1	rudiments1924	yes	B	ipso To	hide			pst	ipsoot|ipsut|possiette	
ipsoot	7	rudiments1898|practical1886|gibbs1863|hibben1889|shaw1909|gill1909|gill1887	yes	A	ip''soot|Ipsoot|Ip'-SOOt|Ip-soot|Ip'-soot|Ip-sut	hide | to hide | a., v. n. Chinook, ALHUPSO. To hide one's self, or any thing; to keep secret | To hide one's self or anything; to keep secret | To hide one's self, or anything; to keep secret; to conceal; hide; hid; sly; concealed | To hide; keep secret; concealed; a secret		v	pst	ipsut|possiette	
ipsut	1	demers1871	no	A	Ipsut	to hide			pst	ipsoot|possiette	
irtan	0		no	C	iRtan				rtn		unvalidated_candidates_in=rudiments1924; kamloops_candidate_only
isick	3	gibbs1863|hibben1889|shaw1909	no	A	Is'-ick|Is-ick	A paddle. Mamook isick, to paddle | A paddle; an oar (occasionally)		n	sk		
iskum	2	gibbs1863|shaw1909	no	A	Is'-kum	To take; take hold of; hold; get | To take hold of; hold; get; receive; accept; secure; catch; recover; obtain; seize		v	skm	eskkom|eskom|isskum|shukom|skkookoom|skokum|skookoom|skookum	
issick	2	gill1909|gill1887	no	A	Is'-sick|Iss-ick	A paddle			sk		
issick stick	1	gill1887	no	A	Iss-ick stick	Ash - also alder; (literally, paddle-wood.,1			skstk		
issike	1	practical1886	yes	A	Issike	paddle poy) Mk A eee pe			sk		
isskum	1	gill1887	no	A	Iss-kum	To get; to take			skm	eskkom|eskom|iskum|shukom|skkookoom|skokum|skookoom|skookum	
it ian	1	gibbs1863	no	B	It Ian|It'h-lan	A fathom; the length of the extended arms		n	tn	itian|tanino	
it lokum	1	gibbs1863	no	B	It lo-kum	The yame of " hand" - a common amusement		n	Lkm	itlokom|itlokum	
itian	1	gill1887	no	B	It-Ian	A fathom			tn	tanino	
itlam	1	rudiments1924	yes	B	itLam	fathom			Lm	klemahum|ootlum	
itlan	2	shaw1909|gill1909	no	A	It'-lan|ethlon	a fathom | A fathom; the length of the arms extended			Ln	ethlan|klahanee|klahhane|klone|tloon	
itlokom	1	rudiments1924	yes	B	itlokom				Lkm	itlokum	
itlokum	4	hibben1889|shaw1909|gill1909|gill1887	no	A	It-lo-kum|It'-lo-kum	The game of "hand," Mamook itlokum, to gamble | The game of "hand," - a common amusement; a mode of gambling | A game played with small marked sticks, called sometimes the game of | A game; to gamble		n	Lkm	itlokom	
itlooilh	1	practical1886	yes	B	Itlooilh	flesh			Ll	itluil|klale|klihl|klile|tlehl	
itluil	1	demers1871	no	B	Itluil	flesh, verenda			Ll	itlooilh|klale|klihl|klile|tlehl	
itlwille	1	gill1887	no	A	Itl-wil-le	Flesh; meat			Lwl	itlwillie	
itlwillec	1	gill1909	no	B	Itl-wil-lec	Flesh; meat			Lwlk		
itlwillie	2	gibbs1863|hibben1889	no	A	Itl'-wil-lie|Itl-wil-lie	The flesh; meat of any animal		n	Lwl	itlwille	
itswooat	1	hibben1889	no	A	Itswooat	A black bear			zwt	itswoot	
itswoot	3	gibbs1863|gill1909|gill1887	no	A	Its'-WOOt|Its'-hoot|Its'-woot|Its-woot	A black bear | The black bear | Black bear		n	zwt	itswooat	
itswoot pasesee	1	gill1887	no	A	Its-woot pa-se-see	Thick, black cloth, or blanket IEC Kah? Where? whence? whither?			zwtps		
ittokum	1	demers1871	no	B	Ittokum				tkm	taghkum|tahkum|teikom|ttkom	
iuka	0		no	C	Iuka				k		unvalidated_candidates_in=demers1871
iutl	0		no	C	Iutl				L		unvalidated_candidates_in=demers1871
iutsekat	1	demers1871	no	A	Iutsekat	short			zkt	yootskat|yootskut|youtskut	
ivtat	0		no	C	ivtat				vt		unvalidated_candidates_in=rudiments1898; kamloops_candidate_only
jabklab	0		no	C	Jabklab				CbLb		unvalidated_candidates_in=demers1871
jabklab alam	0		no	C	Jabklab alam				CbLblm		unvalidated_candidates_in=demers1871
jalim	1	demers1871	no	B	Jalim	to file			Clm		
jalim lawhit	0		no	C	Jalim lawhit				Clmlwt		unvalidated_candidates_in=demers1871
k pet	0		no	C	K5-pet				kpt	kipooit|kipoott|kopet	unvalidated_candidates_in=gill1909
ka	0		no	C	Ka				k		unvalidated_candidates_in=demers1871
kab	0		no	C	Kab				kb		unvalidated_candidates_in=demers1871
kadeena	1	gill1909	no	B	Ka-dee'na	To fight			kdn		
kah	4	rudiments1924|practical1886|gibbs1863|shaw1909	yes	A	Kah|Ka'h	by where | a where | where | Where; whither; whence | Where; whence; whither		adv	k		
kaha	0		no	C	Kaha				k		unvalidated_candidates_in=practical1886; kamloops_candidate_only
kahhah	1	hibben1889	no	B	Kah-hah	A crow			k		
kahkah	2	gibbs1863|gill1909	no	A	Kah'-kah|Kah-kah	A crow		n	k		
kahkwa	5	gibbs1863|hibben1889|shaw1909|gill1909|gill1887	no	A	Kahkwa|Kah-kwa|Kah'-kwa	Like; similar to; equal with; as | Like, similar to; equal witu | Like; similar to; equal with; as; so; thus; alike; because; hence; inasmuch; such | Like; equal with; so; as; thus | Like. 38 CHINOOK DICTIONARY		adv,adj	kw		
kahloken	2	gill1909|gill1887	no	A	Kah-lo'-ken|Kah-lo-ken	A swan | A swan. Keh-wa, or Kep-^wa			klkn		
kahnahway	1	gill1887	no	A	Kah-nah-way	Acorns			knw	kahnaway|kahnawee|kanawe|kanewe|kocnawe|konaway	
kahnahway stick	1	gill1887	no	A	Kah-nah-way stick	The oak			knwstk		
kahnaway	3	gibbs1863|hibben1889|shaw1909	no	A	Kah'-na-way|Kah-na-way	Acorns. Kahnaway stick, the oak | acorns		n	knw	kahnahway|kahnawee|kanawe|kanewe|kocnawe|konaway	
kahnawee	1	gill1909	no	A	Kah'-na-wee	Acorn; acorns			knw	kahnahway|kahnaway|kanawe|kanewe|kocnawe|konaway	
kahpho	3	gibbs1863|hibben1889|shaw1909	no	A	Kahp-ho|Kahp'-ho	An elder brother, sister, or cousin | Brother, sister, or cousin		n	kf	kapho	
kahpo	1	gill1909	no	B	Kah'-po	Elder brother or cousin			kp		
kahta	3	gibbs1863|hibben1889|shaw1909	no	A	Kah-ta|Kah'-ta	' Chinook, KATA. How; why | How; why. Kahta mika mamook okook? why do you do that? kahta mika chahko? how did you come? te ne what is the matter with apa pe kahta? and why Kalvee jai: ma, 2. goose | How; why		adv	kt	ikt|ikta|iktah|kata|kot|ooakut	
kaiah	0		no	C	Kaiah				k		unvalidated_candidates_in=demers1871
kaien	0		no	C	Kaien				kn	econe|ekone|kuon	unvalidated_candidates_in=demers1871
kais	1	gill1909	no	B	Kais	Stone; rock. Kah'-ta? How? why? what?			ks		
kaka	0		no	C	Kaka				k		unvalidated_candidates_in=demers1871
kako	0		no	C	Ka'ko				k		unvalidated_candidates_in=rudiments1924; kamloops_candidate_only
kakshet	3	rudiments1924|practical1886|demers1871	yes	A	Kakshet	break | broken | "broken | to strike, whip			kst	ext|kokshut|koushet|okuste|okustee	
kakwa	1	practical1886	yes	A	Kakwa	ike | thus			kw		
kakwn	1	rudiments1924	yes	B	Kakwn				kwn	kwan|kwann|kwunnun	
kalah kalah	1	gill1887	no	A	Kal-ah kal-ah	A goose			klkl	colecole|coleecolee|kalakala|kalkal|kalkala|kallakala|kiilakula	
kalaka	1	demers1871	no	B	Kalaka	wild inet			klk	cyluk|kehloke|kelok|keluk|kolko	
kalakala	1	practical1886	yes	A	Kala-kala	bird			klkl	colecole|coleecolee|kalkal|kalkala|kallakala|kiilakula	
kalakalah ma	1	gibbs1863	no	B	Kal-ak-a-lah ma	A goose. Used on the lower Columbia river		n	klklm	kalakalahma	
kalakalahma	2	shaw1909|gill1909	no	A	Kal-ak-a-lah'-ma|Kal-a-ka-lah'-ma	a goose | A goose; the wild goose			klklm		
kalakwahte	1	gill1887	no	A	Kal-a-kwah-te	The inner bark of the cedar; also the short skirt formerly worn by the squaws, made of strips of cedar bark			klkwt	kalakwahtee|kalakwahtie|kalakwat	
kalakwahtee	1	gill1909	no	A	Kal-a-kwah'-tee	The silky inner bark of the cedar			klkwt	kalakwahte|kalakwahtie|kalakwat	
kalakwahtie	3	gibbs1863|hibben1889|shaw1909	no	A	Kal-a-kwah-tie|Kal-a-kwah'-tie	The inner bark of the cedar (thuja); the petticoat, or skirt, formerly worn by women, and often made of strands of bark | The inner bark of the cedar; the petti-' coat or shirt formerly worn by women and often made of strands of bark | inner bark of the cedar; woman's petticoat of bark		n	klkwt	kalakwahte|kalakwahtee|kalakwat	
kalakwat	1	demers1871	no	A	Kalakwat	cedar bark			klkwt	kalakwahte|kalakwahtee|kalakwahtie	
kalathan	1	rudiments1898	yes	B	kalathan	ba Fence			kltn	kalitan	
kalitan	2	gibbs1863|shaw1909	no	A	Ka-li'-tan	An arrow; shot; a bullet		n	kltn	kalathan	
kalkal	1	demers1871	no	B	Kalkal	hard			klkl	colecole|coleecolee|kalakala|kalkala|kallakala|kiilakula	
kalkala	1	rudiments1898	yes	A	Kal'kala				klkl	colecole|coleecolee|kalakala|kalkal|kallakala|kiilakula	
kallakala	2	gibbs1863|hibben1889	no	A	Kal-lak'-a-la|Kul-luk'-ul-la|Kal-lak-a-la	A bird | <A bird		n	klkl	colecole|coleecolee|kalakala|kalkal|kalkala|kiilakula	
kalsnet	0		no	C	Kal'snet				klsnt		unvalidated_candidates_in=rudiments1898; kamloops_candidate_only
kaltas	1	demers1871	no	B	Kaltas				klts	cultus|kaltash|koltash|kultus	
kaltash	3	rudiments1924|rudiments1898|practical1886	yes	A	Kal'tash|Kaltash|kal'tash	po useless | useless			klts	cultus|kaltas|koltash|kultus	
kamae koch	0		no	C	Kamae Koch				kmkC		unvalidated_candidates_in=rudiments1924; kamloops_candidate_only
kamas	2	rudiments1924|hibben1889	yes	A	Kamas	A bulbous root used for food			kms	kamass|kamsih	
kamass	2	gibbs1863|gill1887	no	A	Kam-ass|La-karri ass	The Scilla esculcnta, - a bulbous root used for food by the Indians | A bulbous root used for food		n	kms	kamas|kamsih	
kamooks	5	rudiments1924|practical1886|gibbs1863|hibben1889|shaw1909	yes	A	Kamooks|Kam-ooks|Ka'm-ooks	dog | A dog. Kahkwa kamooks, like a dog; beastly | A dog. Kahkwa hamooks, like a dog; beastly | A dog-. Kahkwa kamooks, - like a dog; beastly		n	kmks	kiikamuks|komooks	
kamosek	1	rudiments1924	yes	B	kamosek				kmsk	kamosuk	
kamosuk	5	gibbs1863|hibben1889|shaw1909|gill1909|gill1887	no	A	Ka-mo'-suk|Ka-mo-suk	Beads. Tyee kamosuk (chiei beads), the large blue glass beads | Beads. 'Tyee kamosuk, (chief beads), the large blue glass beads | beads | Beads. Tyee ka-mo-suk; chief, or the large blue glass beads		n	kmsk	kamosek	
kamsih	2	rudiments1924|rudiments1898	yes	B	Kamsih|Kam'sih				kms	kamas|kamass	
kanamest	1	rudiments1898	yes	B	Kanamest	together			knmst		
kanamokst	1	practical1886	yes	A	Kanamokst	both, together			knmkst	kanamoxt|konamokst|kunamokst|kunamoxt	
kanamoxt	1	rudiments1924	yes	B	Kanamoxt				knmkst	kanamokst|konamokst|kunamokst|kunamoxt	
kanawe	3	rudiments1898|practical1886|demers1871	yes	A	Kanawe	all			knw	kahnahway|kahnaway|kahnawee|kanewe|kocnawe|konaway	
kanawe kuh	0		no	C	Kanawe ku'h				knwk		unvalidated_candidates_in=practical1886; kamloops_candidate_only
kanawe sti	1	demers1871	no	B	Kanawe sti				knwst		
kanewe	1	demers1871	no	A	Kanewe	all			knw	kahnahway|kahnaway|kahnawee|kanawe|kocnawe|konaway	
kannum	1	gill1909	no	A	Kan'-num	God			knm	aykehnam|canim|ehkahnam|ekkahnam|kenem|kenum|knem	
kansib	1	demers1871	no	B	Kansib	how many, wek kansib never			knsb		
kansvh	1	practical1886	yes	B	Kansvh	how many			knsv		
kao	0		no	C	Kao|kao				k		unvalidated_candidates_in=demers1871
kapho	1	rudiments1898	yes	A	kap'ho	elder brother			kf	kahpho	
kapo	1	practical1886	yes	A	Kapo	Coat			kp		
kapshiwala	2	rudiments1924|practical1886	yes	A	Kapshiwala	to steal			kpswl	kapshwala|kapswalla|kapswaula	
kapshwala	1	rudiments1898	yes	A	Kap'shwala	to steal			kpswl	kapshiwala|kapswalla|kapswaula	
kapsualla	1	gibbs1863	no	B	Kap-su-al-la	Kapsualla klatawa, to steal away; kapsualla mamook, to do secretly			kpsl		
kapswalla	3	hibben1889|shaw1909|gill1909	no	A	Kap-swal-la|Kap-su-al-la|Kap-swal'-la	To steal. Kapswalla klatawa, to steal away; kapswalla mamook; to do secretly | To steal; rob; a theft | To steal		v,n	kpswl	kapshiwala|kapshwala|kapswaula	
kapswaula	1	gill1887	no	A	Kap-swaUla	To steal; to do anything stealthily			kpswl	kapshiwala|kapshwala|kapswalla	
karaass	1	shaw1909	no	B	Kara'-ass|La'-kam-ass	The Scilla Esculenta, - a bulbous root used for food by the Indians, sometimes called Si wash onion		n	krs		
karpo	1	gill1887	no	B	Kar-po	Brother, sister, or cousin			krp		
kasskas	1	gill1909	no	A	Kass'-kas	A boy			ksks	kishkish|kuiskes	
kastik	1	demers1871	no	B	Kastik				kstk	kokostick	
kata	3	rudiments1898|practical1886|demers1871	yes	A	kata|Kata	how | to ill treat, to abuse, hurt one's feelings | how, what is the matter			kt	ikt|ikta|iktah|kahta|kot|ooakut	
katelta	0		no	C	Katelta				ktlt		unvalidated_candidates_in=demers1871
katsak	2	rudiments1924|demers1871	yes	A	Katsak	middle, ne | among, in the middle, between			kzk	katsuk	
katsuk	4	hibben1889|shaw1909|gill1909|gill1887	no	A	Kat-suk|Ka't-suk|Ko't-suk|Kat'-suk	The middle or center of anything | The middle or centre of anything | The middle or center of a circle or other figure or thing | The middle, or center		n	kzk	katsak	
kaupa	1	gill1887	no	A	Kau-pa	Coffee			kp		
kaupee	1	gill1909	no	A	Kau'-pee	Coffee			kp		
kaupy	3	gibbs1863|hibben1889|shaw1909	no	A	Kau'-py|Kau-py	Coffee		n	kp		
kawak	5	gibbs1863|hibben1889|shaw1909|gill1909|gill1887	no	A	Ka-wak|Ka-wa'k	To fly. Not in general use | To fly		v	kwk	kawek|kawok	
kawek	1	demers1871	no	B	Kawek	not yet			kwk	kawak|kawok	
kawkawak	5	gibbs1863|hibben1889|shaw1909|gill1909|gill1887	no	A	Kaw-ka-wak	Yellow, or pale green | rele ov pale green | yellow or pale green | Yellow or yellowish green		adj	kwkwk	kowkawak	
kawok	1	rudiments1924	yes	B	Kawok				kwk	kawak|kawek	
kdko	1	gill1909	no	B	Kd'-ko	To knock; to tap			kdk		
kdpa	1	gill1909	no	B	Kd'-pa	To; in; at; with; toward; concerning; about; there; than			kdp		
kebtsi	0		no	C	Kebtsi				kbz		unvalidated_candidates_in=demers1871
keekwillie	2	gibbs1863|hibben1889	no	A	Kee-kwil-lie|Keek-wil-lie	Low; below; under; leneath; down | Low, below, under, beneath, down		prep	kwl	keekwilly|keekwulee|keequilly|khkwalhe|kikwile|kwahl|kwalal|kwalh|kwallal|kwulh	
keekwilly	1	gill1909	no	A	Kee'-kwil-ly	Below; beneath; down			kwl	keekwillie|keekwulee|keequilly|khkwalhe|kikwile|kwahl|kwalal|kwalh|kwallal|kwulh	
keekwulee	1	shaw1909	no	A	Kee'-kwu-lee|Kee'-kwil-lie	Low; below; tinder; beneath; down; inward		prep	kwl	keekwillie|keekwilly|keequilly|khkwalhe|kikwile|kwahl|kwalal|kwalh|kwallal|kwulh	
keelally	2	gill1909|gill1887	no	A	Keel'-al-ly|Keel-al-ly	A doctor; a medicineman | A doctor			kl		
keelapie	1	gill1887	no	A	Keel-a-pie	To turn, return, upset			klp	keelapy|kelapi|kelapie|kilapai|kilapi	
keelapy	1	gill1909	no	A	Keel'-a-py	To turn; return; overturn; upset			klp	keelapie|kelapi|kelapie|kilapai|kilapi	
keep wot	1	gibbs1863	no	A	Keep '-wot	A needle; the sting of an insect; a thorn		n	kpwt	keepwoot|keepwot	
keepwoot	3	hibben1889|gill1909|gill1887	no	A	Keep-woot|Keep'-woot	A needle; the sing of an insect; a thorn; Shoes ~ keepwoot, an awl Keh-loke, n, A swan | A thorn; a needle or pin; sting of an insect | A pin, needle, sting, thorn, or awl			kpwt	keepwot	
keepwot	1	shaw1909	no	A	Keep'-wot	needle; pin; thorn; sting of an insect			kpwt	keepwoot	
keequilly	1	gill1887	no	A	Kee-quil-ly	Low; below			kwl	keekwillie|keekwilly|keekwulee|khkwalhe|kikwile|kwahl|kwalal|kwalh|kwallal|kwulh	
keghche	1	gill1909	no	A	Kegh'che	'Notwithstanding; although			kC	keghtche	
keghtche	1	gill1887	no	A	Kegh-t-che	Notwithstanding; although			kC	keghche	
kehloke	1	gibbs1863	no	A	Keh'-loke	A swan. Of local use only		n	klk	cyluk|kalaka|kelok|keluk|kolko	
kehsee	3	gibbs1863|hibben1889|shaw1909	no	A	Keh'-see|Ki'-SU|Keh-see	An apron		n	ks		
kehwa	3	gibbs1863|hibben1889|gill1909	no	A	Keh-wa|Keh'-wa	Not in common use | Because		adv	kw		
kelaften	1	practical1886	yes	B	Kelaften				klftn		
kelale	0		no	C	Kelale|kelale				kl		unvalidated_candidates_in=demers1871
kelapi	1	gibbs1863	no	A	Kel'-a-pi|Ka-la-pi	To turn; return; overturn; upset		v	klp	keelapie|keelapy|kelapie|kilapai|kilapi	
kelapie	1	hibben1889	no	A	Kel-a-pie	To turn; return; overturn; upset		v	klp	keelapie|keelapy|kelapi|kilapai|kilapi	
kelkicho	0		no	C	Kelkicho				klkC		unvalidated_candidates_in=demers1871
kelok	1	gill1909	no	A	Ke'-lok	The crane			klk	cyluk|kalaka|kehloke|keluk|kolko	
keluk	1	demers1871	no	A	Keluk	swan			klk	cyluk|kalaka|kehloke|kelok|kolko	
kenem	1	rudiments1924	yes	B	Kene'm				knm	aykehnam|canim|ehkahnam|ekkahnam|kannum|kenum|knem	
kenkiam	2	gill1909|demers1871	no	A	Ken-ki-am|Kenkiam	At the right; right-hand side			knkm		
kenum	1	rudiments1898	yes	A	Kenum	Canoe			knm	aykehnam|canim|ehkahnam|ekkahnam|kannum|kenem|knem	
keschi	3	gibbs1863|hibben1889|shaw1909	no	A	Kes'-chi|Keh-tsie|Kes-chi	Notwith standing; although | Notwithstanding; although			ksC		
ket ling	1	gibbs1863	no	A	Ket '-ling|Kit '-ling	A kettle; can; basin, <fec		n	kLng	ketling	
ketlin	1	hibben1889	no	B	Ket-lin	A ketttle, can, basin, ete			kLn		
ketling	2	gill1909|gill1887	no	A	Ket'-ling|Ket-ling	A kettle, dish, can or pail | A basin, can, or kettle			kLng		
ketwilla	1	gill1909	no	B	Ket-wil-la	A pit; a cellar			ktwl		
khell	2	rudiments1924|rudiments1898	yes	A	Khell	hard			kl		
khkwalhe	1	hibben1889	no	A	Khk-wal-he	Brass			kwl	keekwillie|keekwilly|keekwulee|keequilly|kikwile|kwahl|kwalal|kwalh|kwallal|kwulh	
kiikamuks	1	gill1887	no	A	Kiik-a-muks	Blackor dewberries			kmks	kamooks|komooks	
kiilakula	1	gill1887	no	A	Kiil-a-kul-a	A bird			klkl	colecole|coleecolee|kalakala|kalkal|kalkala|kallakala	
kiimtux	1	gill1887	no	A	Kiim-tux	To know; understand; to be acquainted with; believe			kmtks	komtax|komtoks|kumtuks	
kikoole	3	rudiments1924|rudiments1898|practical1886	yes	B	ki'Koole|Kikoole	down | below | tlep, bottom, deep, below			kl		
kikoole kot	1	rudiments1924	yes	B	Kikoole Kot	vest			klkt		
kikoole shit	1	rudiments1924	yes	B	Kikoole shit				klst	kilusut	
kikvile	0		no	C	Kikvile				kvl		unvalidated_candidates_in=demers1871
kikwathi	1	rudiments1924	yes	B	Kikwathi	brass			kwt	kuwte|kwahta|kwahtah|kwoata	
kikwile	1	demers1871	no	A	Kikwile|kikwile	tlip, bottom, below, deep | to lower down, descend			kwl	keekwillie|keekwilly|keekwulee|keequilly|khkwalhe|kwahl|kwalal|kwalh|kwallal|kwulh	
kikwiletai	1	demers1871	no	B	Kikwile-Tai	the devil			kwlt	kwelt|kwelth|kwult|kwulth	
kilapai	1	demers1871	no	A	Kilapai	returned, turned | to return | up side down, cle, a lony time, wekléle, not long			klp	keelapie|keelapy|kelapi|kelapie|kilapi	
kilapai tlush	1	demers1871	no	B	Kilapai tlush				klpLs		
kilapailemai	0		no	C	Kilapailemai				klplm		unvalidated_candidates_in=demers1871
kilapar	1	practical1886	yes	B	Kilapar	upset			klpr		
kilapi	1	shaw1909	no	A	Kil'-a-pi|Kel'-a-pi|Ka-la-pi	To turn; return; overturn; upset; reverse; retreat; capsize		v	klp	keelapie|keelapy|kelapi|kelapie|kilapai	
kilitsut	5	gibbs1863|hibben1889|shaw1909|gill1909|gill1887	no	A	Kil-it'-sut|Kil-it-sut	Flint; a bottle; glass | Flint, a bottle, glass | flint; bottle; glass. Kinni-kinnik, smoking weed (mixture). See note under Tatoosh, main vocabulary | Flint; glass | A bottle, glass, or flint		n	klzt		
kilusut	1	rudiments1924	yes	B	Kilusut	flint			klst		
kim	0		no	C	Kim				km	kom	unvalidated_candidates_in=rudiments1898; kamloops_candidate_only
kimoolth	1	gill1887	no	B	Kim-oolth	Tobacco			kmlt		
kimpta	1	demers1871	no	B	Kimpta	behind, back			kmpt		
kimta	5	rudiments1924|practical1886|gibbs1863|shaw1909|gill1909	yes	A	kim'ta|Kimta|Kim'-ta|Kim-tah	after | Behind; after; afterwards; last; since | Behind; after; afterwards; last; since; back; rear; subsequent; younger | Behind; since; last; after		prep	kmt	kimtah	
kimtah	2	hibben1889|gill1887	no	A	Kimtah|Kim-tah	Behind, after, afterwards, last, since | Behind; after; since; last			kmt	kimta	
king chautsh	1	gibbs1863	no	B	King Chautsh	King chautshman, an Englishman		adj	kngCz		
king george	0		no	C	King George				kngrg		unvalidated_candidates_in=practical1886; kamloops_candidate_only
kinootl	3	gibbs1863|hibben1889|gill1909	no	A	Ki'-nootl|Ki -noos|Ki-nootl|ki noos	Tobacco | Tobacco. King George, or, as pronounced kin-chautsh		n	knL		
kionass	1	hibben1889	no	A	Kio-nass	Uncertainty; doubt; I don't know; may be so; who knows?			kns	konsee|kunsih	
kiootan	1	practical1886	yes	A	Kiootan	horse			ktn	kiuatan|kuitan	
kip hwij	1	rudiments1924	yes	B	Kip hwij				kfwC		
kipooit	2	rudiments1898|practical1886	yes	B	kipooit|Kipooit	needle			kpt	kipoott|kopet	
kipoott	1	rudiments1924	yes	B	Kipoott				kpt	kipooit|kopet	
kis lis	1	rudiments1924	yes	B	Kis' lis				ksls		
kishkish	5	hibben1889|shaw1909|gill1909|gill1887|demers1871	no	A	Kish-kish|kishkish	To drive as cattle or horses | To drive, as cattle or horses | To drive; to herd, as a band of horses or cattle | To drive		v	ksks	kasskas|kuiskes	
kishklsh	1	gibbs1863	no	B	Kish-kLsh	To drive, as cattle or horses		v	ksLs		
kissu	2	gill1909|gill1887	no	A	Kissu|Kis-su	An apron			ks		
kitsutqua	1	gill1909	no	B	Kit-sut-qua	Old name of Columbia City			kztkw		
kiu	0		no	C	kiu				k		unvalidated_candidates_in=rudiments1898; kamloops_candidate_only
kiuatan	3	gibbs1863|hibben1889|shaw1909	no	A	Kiu'-a-tan|Kiu-a-tan|Kuitan	Cooley kiuatan, a race-horse; stone kiuatan, a stallion | A horse. Stone kiuatan, a stallion | A horse		n	ktn	kiootan|kuitan	
kivkis	1	rudiments1898	yes	B	kivkis	drive			kvks		
kiwa	4	rudiments1924|gibbs1863|hibben1889|shaw1909	yes	A	ki'wa|Ki'-wa|Ki-wa	Crooked. Of only local use | Crooked Ki-yah, 7. Entrails | crooked			kw		
kiwea	1	rudiments1924	yes	A	Kiwea	because			kw		
kiyah	4	gibbs1863|shaw1909|gill1909|gill1887	no	A	Ki'-yah|Ki-yah	Entrails | Entrails; bowels | Entrails. (Also kee-quil-ly yah-kwah-tin.)		n	k		
kkwantem	0		no	C	kKwantem				kwntm		unvalidated_candidates_in=rudiments1924; kamloops_candidate_only
klah	6	rudiments1924|gibbs1863|hibben1889|shaw1909|gill1909|gill1887	yes	A	Klah	Free or clear from; in sight | adj. Free or clean from; in sight | Free or clear from; in sight; to escape | Visible; in sight; free of		adj,v	L		
klahanee	1	gill1909	no	A	Kla'-ha-nee|kla-ha-nee	Out; outside; out-of-doors			Ln	ethlan|itlan|klahhane|klone|tloon	
klahetlak	1	gill1909	no	B	Klah'-e-tlak	Grasshopper			Lk	klak|klook|tlak|tleyuk	
klahhane	1	gill1887	no	A	Klah-ha-ne	Out of doors; out; without			Ln	ethlan|itlan|klahanee|klone|tloon	
klahowya	4	hibben1889|shaw1909|gill1909|gill1887	no	A	Kla-how-ya|Kla-ho'w-ya|Kla-how'-ya	How do you? good bye. _ | The ordinary salutation at meetingor parting*. How do you do? good evening; good day; good morning; good-bye; as, Klahowya sikhs, - good day, friend | Salutation at meeting or parting; how are you? good-bye | How are you? Good-bye		adv	Lw	ethlow|klahwa|klawa|klawah|tlawa	
klahowyam	1	rudiments1898	yes	B	Kla'howyam				Lwm	klahowyum|klohowiam	
klahowyum	5	gibbs1863|hibben1889|shaw1909|gill1909|gill1887	no	A	Kla-hoW-yum|Kla-how-yum|Kla-ho'w-yum|Kla-how'-yum	Poor; miserable; wretched; compassion | Poor. miserable, wretched, compassion | Poor; miserable; wretched; compannion; distress | Poor; wretched; compassion		adj,n	Lwm	klahowyam|klohowiam	
klahwa	2	gibbs1863|shaw1909	no	A	Klah-wa	Slow; slowly | Slow; slowly; tardy		adv	Lw	ethlow|klahowya|klawa|klawah|tlawa	
klahwap	1	rudiments1924	yes	B	Klahwap				Lwp	klawhap|klawhop|tlwhop	
klak	6	rudiments1924|gibbs1863|hibben1889|shaw1909|gill1909|gill1887	yes	A	klak|Klak	from | [To take] off | Off | Off; out; away; (to take) off | Take off or take away; get out | Off; to take away		adv	Lk	klahetlak|klook|tlak|tleyuk	
klakoth	1	rudiments1924	yes	B	Klakoth				Lkt	yootlkut|youtlkut	
klaksta	4	gibbs1863|hibben1889|shaw1909|gill1887	no	A	Klak-sta|Kluk'-sta|Klaks-ta|Klak'-sta	Who. Klaksta mamook okook? who made or did that? Halo klaksta, no one | Who; whose; which; which one; any | Who. Klak-sta mam-ook 6-coke? who made or did that? Ha-lo klak-sta; no one		pron	Lkst	tlaksta	
klakwun	5	gibbs1863|hibben1889|gill1909|gill1887|long1909	no	A	Klak-wun|Kleh kwan|Kleh-kwan|Klak'-wun	To wipe, or lick | To wipe, to lick | To wipe or lick		v	Lkwn		
klale	6	gibbs1863|hibben1889|shaw1909|gill1909|gill1887|long1909	no	A	Klale|Tklale|T'kale|T'klale	Black, or dark blue, or green | Black or dark blue or green | Black, or dark blue, or green; brown; ignorant | Black or dark-colored; ignorant; obscure | Black, or dark color		adj	Ll	itlooilh|itluil|klihl|klile|tlehl	
klanite	1	gill1909	no	B	Kla-nite	Thread; twine			Lnt	tlinite	
klap	5	gibbs1863|hibben1889|shaw1909|gill1909|gill1887	no	A	Klap	To find | To find; arrive | To find; to catch | To find. Mi-ka klap mi-ka kii-i-tan? Did you find your horse?		v	Lp	klip|tlap|tlep	
klap tenas	1	gill1887	no	A	Klap ten-as	To be with young			Lptns		
klapait	1	practical1886	yes	A	Klapait	thread			Lpt	klapite|tlepait|tlipait	
klapite	5	gibbs1863|hibben1889|shaw1909|gill1887|long1909	no	A	Kla'-pite|Kla-pite	Thread; twine		n	Lpt	klapait|tlepait|tlipait	
klapoochus	1	gill1909	no	B	Kla-poo-chus	Beard			LpCs		
klaska	7	rudiments1924|practical1886|gibbs1863|shaw1909|gill1909|gill1887|long1909	yes	A	Klaska|Klas-ka|Klus'-ka|Klas'-ka	they K laksta? who? | They; thine; them | Anything" pertaining to the third person, plural number; they; thine; them; their; theirs | They; them; their		pron	Lsk		
klatawa	5	gibbs1863|hibben1889|shaw1909|gill1909|gill1887	no	A	Klat'-a-wa|Klat-a-wa	To go. Klatawa tea h wit, to walk; go on foot; klatawa kopa kiuatan, to ride; klatawa kopa boat, to sail; mamook klatawa, to send | Togo. Klatawa teahwhit, to walk; go on foot | (Nittinat,-Klatoukh.) To gx>; travel; attend; flow; migrate; start; tread; leave; begone; get out; depart | To go; to walk | To go		v	Ltw	klatwa|klatwe|tlatwa	
klatawa klah	1	gill1887	no	A	Klat-a-wa klah	To escape. Chah-co klah (of seed), to come up; (of the woods), to open out; (of the weather), to clear up			LtwL		
klatoa	0		no	C	Klatoa				Lt		unvalidated_candidates_in=practical1886; kamloops_candidate_only
klatwa	1	rudiments1924	yes	B	Klatwa	lo go			Ltw	klatawa|klatwe|tlatwa	
klatwe	1	rudiments1924	yes	B	klatwe				Ltw	klatawa|klatwa|tlatwa	
klavhane	1	rudiments1898	yes	B	klavhane	out doors			Lvn		
klawa	1	gill1909	no	A	Kla'-wa	Slow; slowly			Lw	ethlow|klahowya|klahwa|klawah|tlawa	
klawah	1	gill1887	no	A	Kla-wah	Slow; slowly			Lw	ethlow|klahowya|klahwa|klawa|tlawa	
klawhap	3	gibbs1863|hibben1889|long1909	no	A	Kla-whap	A hole. Mamook klawhap, to dig a hole		n	Lwp	klahwap|klawhop|tlwhop	
klawhop	1	gill1887	no	A	Kla-whop	A hole. Mam-ook kla-whop; to dig a hole			Lwp	klahwap|klawhap|tlwhop	
klemahum	1	gill1887	no	B	Klem-a-hum	To stab; to spear; to hook; to gore			Lm	itlam|ootlum	
klemahun	3	gibbs1863|hibben1889|shaw1909	no	A	Klem'-a-hun|Kle-ma-hun	To stab; to wound; to dart; to cast as a spear; to hook or aoi-e as an ox | To stab, to wound, to dart, to cast asa spear, to hook or goreasanox | to stab, wound, spear		v	Lmn	klemeahun|klimmin|tlemen|tlemin	
klemeahun	1	rudiments1924	yes	A	Klemeahun	lo spear			Lmn	klemahun|klimmin|tlemen|tlemin	
kleonas	1	rudiments1898	yes	A	kleonas	perhaps			Lns	klonas|klonass|kloonas|tlonas	
klickwally	1	gill1909	no	A	Klick'-wal-ly	Brass armlet; brass wire			Lkwl	klikwallie|klikwally	
klietan	1	gill1887	no	B	Kli-e-tan	An arrow, shot, or bullet			Ltn		
klihl	3	gibbs1863|hibben1889|long1909	no	A	Klihl|Klilt|Khit	Bitter. Not of universal use | Bitter. _ Aslik-a-muks, n		adj	Ll	itlooilh|itluil|klale|klile|tlehl	
klikamuks	3	gibbs1863|shaw1909|long1909	no	A	Klik'-a-muks	Blackberries, or more properly dewberries | blackberries		n	Lkmks	klikamux|klikumuks	
klikamux	1	gill1909	no	A	Klik'-a-mux	Blackberries; dewberries			Lkmks	klikamuks|klikumuks	
klikumuks	1	rudiments1924	yes	B	Klikumuks				Lkmks	klikamuks|klikamux	
klikwallie	3	gibbs1863|shaw1909|long1909	no	A	Klik'-wal-lie|Kloke'-Wal-lie	Brass wire; an armlet or bracelet of brass wire | brass wire; brass armlet		n	Lkwl	klickwally|klikwally	
klikwally	1	gill1887	no	A	Klik-wal-ly	Bracelets; brass			Lkwl	klickwally|klikwallie	
klile	1	gill1887	no	A	Klile	Bitter			Ll	itlooilh|itluil|klale|klihl|tlehl	
klilt	2	shaw1909|gill1909	no	A	Klilt|mile	sour; bitter			Llt		
klim min	1	gibbs1863	no	A	Klim -min|Klimmin-TrHmmin	Soft; fine in substance		adj	Lmn	klemahun|klemeahun|klimmin|tlemen|tlemin	
kliminawhit	3	hibben1889|shaw1909|long1909	no	A	Klim-in-a-whit|Klim-in'-awhit|Klim-in'-a-whit	<A lie;to lie | A lie; to lie; falsehood; untrue		n,v	Lmnwt	kliminawit|tleminwhit	
kliminawit	2	gill1909|gill1887	no	A	Klim-in'-a-wit|Klim-in-a-wit	A lie; to lie			Lmnwt	kliminawhit|tleminwhit	
klimmin	6	rudiments1924|hibben1889|shaw1909|gill1909|gill1887|long1909	yes	A	Klimmin|Klim-min|Klim'-min	soft | Soft; fine in substance | Soft; fine in substance; not hard; fine; little		adj	Lmn	klemahun|klemeahun|tlemen|tlemin	
klip	7	gibbs1863|hibben1889|shaw1909|gill1909|gill1887|demers1871|long1909	no	A	Klip|K-lip	Deep; sunken | First; before; elip lolo énuck, in the first place carry water; - elip kloshe, best; elip tilikum, the first people | Deep; sunken; to sink | Deep -, sunken | ilep, more, in a superior way		adj	Lp	klap|tlap|tlep	
klis	1	demers1871	no	A	Klis|klis	grease, oil, lard | to oil, get fat			Ls	iiakles|klose|kloshe|tloos|tlosh	
klis kwiss	1	long1909	no	B	Klis -kwiss			n	Lskws	kliskwis|kliskwiss|tliskwis	
kliskes	1	practical1886	yes	B	Kliskes	mat			Lsks		
kliskwis	2	gill1909|gill1887	no	A	Klis'-kwis|Klis-kwis	A mat, made of rushes or grass | A mat			Lskws	kliskwiss|tliskwis	
kliskwiss	3	gibbs1863|hibben1889|shaw1909	no	A	Klis'-kwiss|Klis-kwiss	A mat | A mat, (made of the cattail rush.)		n	Lskws	kliskwis|tliskwis	
klnkulh	1	hibben1889	no	B	Klnk-ulh	Broad or wide, as of a plank			Lnkl		
kloghklogh	3	gibbs1863|hibben1889|gill1887	no	A	Klogh-klogh	Oysters. The word is common to the Puget Sound tribes, as well as to the Chinooks | Oysters		n	L		
klohkloh	2	rudiments1924|shaw1909	yes	A	KlohKloh|Kloh-kloh	oysters. See chetlo			L		
klohowiam	1	rudiments1924	yes	B	Klohowiam				Lwm	klahowyam|klahowyum	
kloklo	1	gill1909	no	B	Klo-klo	Oysters. Chetlo is another word for oyster			L		
klonas	1	shaw1909	no	A	Klo-nas	Perhaps; I don't know; may be so; who knows? it is doubtful; might; may		adv	Lns	kleonas|klonass|kloonas|tlonas	
klonass	3	gibbs1863|gill1887|long1909	no	A	Klo-nass	Expression of uncertainty or doubt | Doubt. Klo-nass ni-ka klat-a-wa; perhaps I shall go		adv	Lns	kleonas|klonas|kloonas|tlonas	
klone	4	hibben1889|shaw1909|gill1909|gill1887	no	A	Klone	Three | Three. (Other spellings: None; clone; cloak; kloon; thlune; tlon, etc.) | Three; thrice		adj	Ln	ethlan|itlan|klahanee|klahhane|tloon	
kloochman	2	gill1909|gill1887	no	A	Kloochman|Klooch-man	Woman; female | A woman; any female			LCmn	klootchman|klootchmin|tluchmen	
kloochmun kiwotam	1	rudiments1924	yes	B	Kloochmun Kiwotam				LCmnkwtm		
klook	5	gibbs1863|hibben1889|shaw1909|gill1909|gill1887	no	A	Klook	Crooked. Klook teahwit, broken legged; lame | Crooked. Klook teahwit, breken legged; lame | crooked		adj	Lk	klahetlak|klak|tlak|tleyuk	
klookteowit	1	gill1887	no	B	Klook-te-ow-it	Broken-legged; lame			Lktwt		
kloonas	1	rudiments1924	yes	A	Kloonas|Kloo'na's				Lns	kleonas|klonas|klonass|tlonas	
klootchman	4	gibbs1863|hibben1889|shaw1909|long1909	no	A	Klootch-man	A woman; a female of any animal | A woman; a female of any animal. 'Tenas klootchman, a girl | A woman; madam; wife; mistress; a lady; a female of any animal		n	LCmn	kloochman|klootchmin|tluchmen	
klootchmin	1	rudiments1898	yes	A	Klootchmin	woman			LCmn	kloochman|klootchman|tluchmen	
klose	1	gibbs1863	no	A	Klose|Kloshe	Good; well; well enough		adj,adv	Ls	iiakles|klis|kloshe|tloos|tlosh	
klosespose	3	gibbs1863|hibben1889|long1909	no	A	Klose-spose	Shall or may I; let me			Lsps	kloshespose	
kloshe	5	hibben1889|shaw1909|gill1909|gill1887|long1909	no	A	Kloshe|Klosh	Good; well; enough | A very expressive word; has 45 meanings.) Good; well; well enoug-h; affable; amiable; apt; auspicious; beautiful; beloved; beneficial; convenient; efficient; elegant; even; fair; fine; fortunate; fragrant; gay; graceful; hospitable; meek ... | Good; nice; well		adj,adv	Ls	iiakles|klis|klose|tloos|tlosh	
kloshespose	2	shaw1909|gill1887	no	A	Kloshe-spose	Shall or may I; let me; good if | Shall or may I? Let me		adv	Lsps	klosespose	
kloue	1	gibbs1863	no	B	Kloue	Three		adj	L		
klugh	3	gibbs1863|hibben1889|gill1887	no	A	Klugh|Klugh-klugh	To tear. Mamook klugh illahie, to plough (literally, to tear the ground) | To tear, Mamook klugh illahie, to plough | To tear; to plow			L		
kluh	2	shaw1909|gill1909	no	A	Kluh|Klug-h|klugh-klugh	to tear; to plow | To tear; to rend			L		
klukuir	1	gill1909	no	B	Kluk-uir	Broad; wide; flat			Lkr		
klukulh	2	shaw1909|long1909	no	A	Kluk-ulh	broad, or wide, as of a plank		adj	Lkl	klukull|tlkul	
klukull	1	gill1887	no	A	Kluk-ull	Broad or wide			Lkl	klukulh|tlkul	
klvonaz	0		no	C	Klvonaz				Lvnz		unvalidated_candidates_in=practical1886; kamloops_candidate_only
knem	1	practical1886	yes	A	K'nem	Canoe			knm	aykehnam|canim|ehkahnam|ekkahnam|kannum|kenem|kenum	
knkwa	0		no	C	Knkwa				knkw		unvalidated_candidates_in=demers1871
ko	6	rudiments1924|gibbs1863|hibben1889|shaw1909|gill1909|gill1887	yes	A	ko|Ko	Canve | To reach; arrive at | To reach, arrival] at | To reach; to arrive		v	k		
koakwa	1	rudiments1924	yes	A	Koakwa	thus			kw		
kocnawe	1	rudiments1924	yes	B	Kocnawe				knw	kahnahway|kahnaway|kahnawee|kanawe|kanewe|konaway	
kofess	0		no	C	Kofess				kfs		unvalidated_candidates_in=practical1886; kamloops_candidate_only
koh	0		no	C	koh				k		unvalidated_candidates_in=rudiments1898; kamloops_candidate_only
koko	4	gibbs1863|hibben1889|shaw1909|gill1887	no	A	Ko'-ko|Ko-ko	To knock. Koko stick, a wood pecker | Toknock. Koko stick, a woodpecker | to knock | To knock. 0		v	k		
koko stick	1	gill1887	no	A	Ko-ko stick	A woodpecker			kstk	kastik|kokostick	
kokostick	1	shaw1909	no	B	Ko'-ko-stick	(knock-tree), woodpecker			kstk	kastik	
kokshut	5	gibbs1863|hibben1889|shaw1909|gill1909|gill1887	no	A	Kok'-shut|Kok-shut	In the original, dead | To break; broken; to beat | To break; broken; to beat; hit; bruise; burst; cleave; hurt; demolished; knock; rap; tear; torn; kick; slap; shatter; split; bruised; a break | To break; destroy; broken; killed; to beat		v	kst	ext|kakshet|koushet|okuste|okustee	
kol	2	rudiments1924|demers1871	yes	A	Kol	Be Cold | cold			kl		
kol elehe	1	practical1886	yes	B	Kol elehe	Winter			kl		
kolan	2	rudiments1898|practical1886	yes	B	kolan|Kolan	A ear | ears			kln	kolen|kullaghan	
kolelehe	1	rudiments1924	yes	A	Kol-elehe	winter			kl		
kolen	1	rudiments1924	yes	B	kolen				kln	kolan|kullaghan	
kolko	1	rudiments1924	yes	B	Kolko				klk	cyluk|kalaka|kehloke|kelok|keluk	
koltash	1	rudiments1924	yes	B	Kol'tash				klts	cultus|kaltas|kaltash|kultus	
kom	2	practical1886|demers1871	yes	B	Kom|kom	comb | to comb, harrow, curry			km		
komooks	1	gill1909	no	A	Kom'-ooks|komox	A dog			kmks	kamooks|kiikamuks	
komtax	3	rudiments1924|rudiments1898|practical1886	yes	A	Kom'tax|komtax|Komtax	a give | know | to know			kmtks	kiimtux|komtoks|kumtuks	
komtoks	1	demers1871	no	B	komtoks	to teach			kmtks	kiimtux|komtax|kumtuks	
konamokst	1	demers1871	no	A	Konamokst	both, together			knmkst	kanamokst|kanamoxt|kunamokst|kunamoxt	
konamox	1	gill1909	no	B	Kon'-a-mox	Both; together; with			knmks		
konan som	1	rudiments1924	yes	B	Konan som				knsm		
konaway	6	gibbs1863|hibben1889|shaw1909|gill1909|gill1887|long1909	no	A	Kon'-a-way|Kon-a-way|Kon'-away	All; every. Klaska kon away klatawa, they have all gone; konaway tilikum, everybody; konaway kah, everyiohere | All; every. Klaska konaway klatawa, they have all gone | All; every; total; universal; aggregate; entire; the sum; the whole | All; every | All; every. Klas-ka kon-a-way klat-a-wa; they have all gone		adj	knw	kahnahway|kahnaway|kahnawee|kanawe|kanewe|kocnawe	
kons	0		no	C	Kon-s^|K6n-s^				kns	kionass|konsee|kunsih	unvalidated_candidates_in=gill1887
konsee	1	gill1909	no	A	Kon'see	How many? how much? ever; when			kns	kionass|kunsih	
koosa	1	gill1909	no	A	Koo'-sa	The sky; heaven			ks		
koosah	5	rudiments1924|hibben1889|shaw1909|gill1887|long1909	yes	A	Koosah|Koo-sah|Koo'sah|Koo'-sah	he shy | The sky | sky		n	ks		
kop	0		no	C	Kop				kp		unvalidated_candidates_in=practical1886; kamloops_candidate_only
kopa	6	rudiments1924|rudiments1898|gibbs1863|hibben1889|shaw1909|gill1887	yes	A	Ko'pa|Kopa|Ko'-pa|Ko-pa	a | To; in; at; with; towards; of; about; concerning; there or in that place | To; in; at; with; towards; of; about;; concerning; there or in that place | The principal preposition in the language | To, in, at, with, towards, of, about, concerning, there or in that place		adv,prep,conj	kp		
kope	1	demers1871	no	A	Kope				kp		
kopel	1	rudiments1924	yes	B	Kopel				kpl	capala	
kopet	8	rudiments1924|rudiments1898|practical1886|gibbs1863|hibben1889|shaw1909|gill1887|demers1871	yes	A	Kopet|Ko-pet|Ko-p'et	enough, finished | To stop; leave off; enough | To stop; leave off; enough, Kopet wauwau, stop talking | To stop; leave off; enough; only; alone; forbear; quit; simply; submit; abdicate; abrogate; cease; except | To stop, leave off, enough | enough		v,adv,adj	kpt	kipooit|kipoott	
kopet okuk	0		no	C	Kopet okuk				kptk		unvalidated_candidates_in=demers1871
kormooxs	0		no	C	Kormooxs				krmks		unvalidated_candidates_in=rudiments1924; kamloops_candidate_only
kosho	4	rudiments1924|practical1886|gill1909|demers1871	yes	A	Kosho|Ko'-sho	pork | Pig; swine | pig, pork: link			ks		
kot	2	practical1886|demers1871	yes	B	Kot	coat | coat, cloak, bress.*			kt	ikt|ikta|iktah|kahta|kata|ooakut	
kotchem	1	rudiments1924	yes	B	kot'chem	catch			kCm	hakachum|hakatchum	
koushet	1	rudiments1924	yes	A	Kou'shet	broken			kst	ext|kakshet|kokshut|okuste|okustee	
kovfookvotoo	0		no	C	Kovfoo-kvotoo				kvfkvt		unvalidated_candidates_in=practical1886; kamloops_candidate_only
kow	6	rudiments1898|gibbs1863|hibben1889|shaw1909|gill1909|gill1887	yes	A	Kow	To tie; to fasten | To tie; to fasten; to be fastened		v	kw		
kowkawak	1	rudiments1924	yes	A	Kowkawak	yellow			kwkwk	kawkawak	
kowmux	1	gill1887	no	B	Kow-mux	A dog. Kah-kwa kow-mux; like a dog			kwmks		
krell	0		no	C	Krell				krl		unvalidated_candidates_in=practical1886; kamloops_candidate_only
kuiskes	1	rudiments1924	yes	B	KUiskes				ksks	kasskas|kishkish	
kuitan	1	gill1887	no	A	Ku-i-tan	A horse. Stone kii-i-tan; a stallion			ktn	kiootan|kiuatan	
kulapaz	1	practical1886	yes	B	Kulapaz	to return			klpz		
kull	5	gibbs1863|hibben1889|shaw1909|gill1909|gill1887	no	A	Kull	Hard in substance; difficult | Hard in substance; difficult; tough; solid | Hard; solid; difficult | Hard substance; difficult		adj	kl		
kullagh	2	gibbs1863|hibben1889	no	A	Kul-lagh|Kul-lagh'-an	A fence; a corral, or inclosure | A fence; corrall or enclosure		n	kl		
kullaghan	1	shaw1909	no	B	Kul-lagh'-an|Kullah	A fence; a corral, or inclosure; pen, a rail		n	kln	kolan|kolen	
kullah	2	gill1909|gill1887	no	A	Kul'-lah|Kul-lah	A fence; an enclosure			kl		
kulmakurla	1	gill1909	no	B	KulMa-kur-la	A bird			klmkrl		
kultus	2	gill1909|gill1887	no	A	Kul'-tus|Kul-tus	Worthless; bad; purposeless | Worthless			klts	cultus|kaltas|kaltash|koltash	
kultus eenah	1	gill1887	no	B	Kul-tus ee-nah	A muskrat			kltsn		
kultus hehe	1	gill1887	no	B	Kul-tus he-he	A jest			klts	cultus|kaltas|kaltash|koltash|kultus	
kultus potlatch	1	gill1887	no	A	Kul-tus pot-latch	A present			kltspLC		
kultus smoke	1	gill1887	no	A	Kul-tus smoke	Fog			kltsmk		
kumtuks	3	gibbs1863|hibben1889|shaw1909	no	A	Kum-tuks|Kame-taks|Kumtuks|Kum'-tuks|kum'-tux	To know; understand; be acquainted with; imagine; believe | To know; understand; be acquainted with; learn; perceive; ascertain; recognize; imagine; believe; to be wise; knowing; knowledge; wisdom; sense		v,n	kmtks	kiimtux|komtax|komtoks	
kunamokst	2	shaw1909|long1909	no	A	Kun'-a-mokst|Kun'-a-moxt	Both; tog-ether; with; amid; among-; beside; besides | Both; together		adj,prep	knmkst	kanamokst|kanamoxt|konamokst|kunamoxt	
kunamoxt	1	gibbs1863	no	A	Kun'-a-moxt	Both; together (literally, all two)		adj	knmkst	kanamokst|kanamoxt|konamokst|kunamokst	
kunjih	1	shaw1909	no	B	Kun'-jih|kun'-sih	How many; when; ever		adv	knC		
kunsih	1	hibben1889	no	A	Kun-sih	How many; when; ever			kns	kionass|konsee	
kuon	1	gill1887	no	B	Kuon	To conquer			kn	econe|ekone	
kush is	1	gibbs1863	no	B	Kush -is	Stockings. In the original, any clastic article of dress			ks		
kushis	4	hibben1889|shaw1909|gill1909|long1909	no	A	Kush-is|Kush'-is|Kush'is	Stockings | Stockings; socks | Stockings; something worn next to foot		n	ks		
kuwte	1	rudiments1924	yes	B	Kuw'te				kwt	kikwathi|kwahta|kwahtah|kwoata	
kvveest	1	gill1887	no	B	Kvveest	Nine			kvst		
kwaddis	1	gill1909	no	B	Kwad'-dis	Whale. Ecola also means whale			kwds		
kwahl	1	gill1909	no	A	Kwahl	Aunt			kwl	keekwillie|keekwilly|keekwulee|keequilly|khkwalhe|kikwile|kwalal|kwalh|kwallal|kwulh	
kwahnesum	4	gibbs1863|hibben1889|shaw1909|long1909	no	A	Kwah'-ne-sum|Kwah-ne-sum|Kw'an-e-sum	Always; forever | Always; forever; eternal; continual; everlasting*; perpetual; unceasing		adv	kwnsm	kwanesem|kwonesem|kwonesum	
kwahnice	5	gibbs1863|hibben1889|shaw1909|gill1887|long1909	no	A	Kwah-nice|Kwad-dis	A whale | whale		n	kwnk		
kwahta	5	gibbs1863|hibben1889|gill1909|gill1887|long1909	no	A	Kwahta	The quarter of a dollar | Quarter of a dollar | A quarter of		n	kwt	kikwathi|kuwte|kwahtah|kwoata	
kwahtah	1	shaw1909	no	A	Kwahtah	The quarter of a dollar		n	kwt	kikwathi|kuwte|kwahta|kwoata	
kwahtin	3	gibbs1863|hibben1889|long1909	no	A	Kwah'-tin|Kwah-tin			n	kwtn	yakwahtin	
kwahtl	1	gill1909	no	A	Kwaht'l	Drop the sail			kwL	kwatl|kwetl|kwetlh|kwutl	
kwaist	4	gibbs1863|shaw1909|gill1909|long1909	no	A	Kwaist|Kweest	Nine | Nine; ninth		adj	kwst		
kwaits	0		no	C	Kwaits				kwz		unvalidated_candidates_in=demers1871
kwaken	1	rudiments1898	yes	B	kwaken	belly			kwkn		
kwalal	1	hibben1889	no	A	Kwa-lal	To gallop. Kwalh, An aunt			kwl	keekwillie|keekwilly|keekwulee|keequilly|khkwalhe|kikwile|kwahl|kwalh|kwallal|kwulh	
kwalalkwalal	2	shaw1909|long1909	no	A	Kwa-lal-kwa-lal|Kwa-lal'-kwa-lal	to gallop		v	kwlkwl	kwalkwol	
kwalallrwalal	1	gibbs1863	no	B	Kwa-lal'-lrwa-lal	To gallop		v	kwlrwl		
kwalh	3	rudiments1924|gibbs1863|gill1887	yes	A	Kwalh|Kwal'h	a aunt | An aunt | Aunt			kwl	keekwillie|keekwilly|keekwulee|keequilly|khkwalhe|kikwile|kwahl|kwalal|kwallal|kwulh	
kwalist	1	rudiments1924	yes	B	Kwalist	nine			kwlst		
kwalkwol	1	rudiments1924	yes	B	Kwalkwol				kwlkwl	kwalalkwalal	
kwallal	1	gill1909	no	A	Kwal-lal	To gallop			kwl	keekwillie|keekwilly|keekwulee|keequilly|khkwalhe|kikwile|kwahl|kwalal|kwalh|kwulh	
kwallal kwallal	1	gill1887	no	A	Kwal-lal kwal-lal	To gallop			kwlkwl	kwalalkwalal|kwalkwol	
kwan	2	gill1909|demers1871	no	A	Kwan|kwan	Glad; content; tame | tame, quite, genilo, meek | to tame			kwn	kakwn|kwann|kwunnun	
kwanesem	3	rudiments1924|rudiments1898|practical1886	yes	A	Kwa'nesem|kwanesem|Kwanesem	always			kwnsm	kwahnesum|kwonesem|kwonesum	
kwankwan	2	hibben1889|gill1887	no	A	Kwan-kwan	Glad			kwnkwn		
kwann	3	gibbs1863|shaw1909|long1909	no	A	Kwann	Glad. According to Mr. Anderson, it means a custom or habit | Glad. (According to Mr. Anderson, it means a custom or habit | Glad; pleased		adj	kwn	kakwn|kwan|kwunnun	
kwanom	1	demers1871	no	A	Kwanom	five			kwnm	kwenam|kwinnum|kwonam|kwunnum	
kwanten	1	practical1886	yes	B	Kwanten	belly			kwntn		
kwas	1	demers1871	no	A	Kwas	afraid			kws	kwash|kwass|kwiseo|kwish|kwosh	
kwas kwenom	1	demers1871	no	B	Kwas kwenom				kwskwnm		
kwas sothin	1	demers1871	no	B	Kwas sothin				kwstn		
kwash	3	rudiments1924|practical1886|hibben1889	yes	A	Kwash	afraid | Fear; afraid; tame			kws	kwas|kwass|kwiseo|kwish|kwosh	
kwass	4	shaw1909|gill1909|gill1887|long1909	no	A	Kwass	Pear; to be afraid; tame; shy; timid | Fear; fearful; tame | Fear, tame | Pear; afraid; tame		n,adj,v	kws	kwas|kwash|kwiseo|kwish|kwosh	
kwates	6	gibbs1863|hibben1889|shaw1909|gill1909|gill1887|long1909	no	A	Kwates|Kwehts	Sour | sour; bitter; not pleased		adj	kwts		
kwatim	1	gill1909	no	A	Kwa-Tim	Young			kwtm	oquahtum	
kwatl	1	demers1871	no	A	Kwatl	glad, pleased, proud			kwL	kwahtl|kwetl|kwetlh|kwutl	
kwehkweh	6	gibbs1863|hibben1889|shaw1909|gill1909|gill1887|long1909	no	A	Kweh-kweh	A mallard duck | A duck | A duck (mallard)		n	kwkw	kwekkweo|kwekwe|kweokweo|kweukweu	
kwekkweo	1	hibben1889	no	A	Kwek-kweo	A ring;a circle			kwkw	kwehkweh|kwekwe|kweokweo|kweukweu	
kwekwe	1	rudiments1924	yes	B	kwekwe				kwkw	kwehkweh|kwekkweo|kweokweo|kweukweu	
kwekweens	1	gill1887	no	A	Kwek-we-ens	A pin			kwkwns	kwekwiens	
kwekwiens	3	gibbs1863|hibben1889|long1909	no	A	Kwek-wi-ens	A pin. Of limited use | <A pin. " | A pin; small like a pin		n	kwkwns	kwekweens	
kwekwies	1	gill1909	no	B	Kwek'-wi-es	A pin			kwkws		
kwelt	1	rudiments1924	yes	A	Kwelt	proud			kwlt	kikwiletai|kwelth|kwult|kwulth	
kwelth	1	gill1887	no	A	Kwelth	Proud			kwlt	kikwiletai|kwelt|kwult|kwulth	
kwenam	2	rudiments1924|rudiments1898	yes	A	Kwe'nam|kwe'nam	five			kwnm	kwanom|kwinnum|kwonam|kwunnum	
kweokweo	3	gibbs1863|shaw1909|long1909	no	A	Kweo-kweo	A ring; a circle		n	kwkw	kwehkweh|kwekkweo|kwekwe|kweukweu	
kwetl	1	gill1909	no	A	Kwetl	Proud			kwL	kwahtl|kwatl|kwetlh|kwutl	
kwetlh	3	hibben1889|shaw1909|long1909	no	A	Kwetlh	Proud | proud. AND HOW TO USE IT | Dignified; proud		adj	kwL	kwahtl|kwatl|kwetl|kwutl	
kwets	0		no	C	Kwets				kwz		unvalidated_candidates_in=demers1871
kwetshodee	1	gill1887	no	A	Kwet-shod-ee	A hare or rabbit			kwzd	kwitshaddie|kwitshadee|kwitshadie	
kweukweu	2	gill1909|gill1887	no	A	Kweu-kwe-u|Kweu-kweu	A ring; a circle | A circle; a ring; round			kwkw	kwehkweh|kwekkweo|kwekwe|kweokweo	
kwinnum	6	gibbs1863|hibben1889|shaw1909|gill1909|gill1887|long1909	no	A	Kwin'-num|Kwin-num|Kw'in'-num	five | Five; fifth		adj	kwnm	kwanom|kwenam|kwonam|kwunnum	
kwiseo	1	gill1909	no	A	Kwi-se-o	Porpoise			kws	kwas|kwash|kwass|kwish|kwosh	
kwish	5	gibbs1863|hibben1889|gill1909|gill1887|long1909	no	A	Kwish|Kweesh	Refusing any thing contemptuously | Refusing anything contemptuously | Expression of contempt or refusal | Refusing, with contempt | To refuse with contempt			kws	kwas|kwash|kwass|kwiseo|kwosh	
kwishkwish	1	practical1886	yes	A	Kwish-kwish	squirrel			kwskws	kwiskwis	
kwiskwis	3	gill1909|gill1887|demers1871	no	A	Kwis-kwis|Kwiskwis	A squirrel (the red or pine squirrel) | A squirrel | squirrel			kwskws	kwishkwish	
kwitsbadie	1	shaw1909	no	B	Kwit-sbad-ie	hare; rabbit			kwzbd		
kwitshaddie	1	long1909	no	A	Kwit'-shad-die	A hare; a rabbit		n	kwzd	kwetshodee|kwitshadee|kwitshadie	
kwitshadee	1	gill1909	no	A	Kwit-shad-ee	The rabbit or hare			kwzd	kwetshodee|kwitshaddie|kwitshadie	
kwitshadie	1	hibben1889	no	A	Kwit-shad-ie	The hare or rabbit. « eee The ear			kwzd	kwetshodee|kwitshaddie|kwitshadee	
kwoata	1	rudiments1924	yes	B	Kwoata				kwt	kikwathi|kuwte|kwahta|kwahtah	
kwolann	1	gibbs1863	no	A	Kwo-lann|Kwo-lah'-nie	The ear. Halo kwolann, or,"ikpooie kwolann, deaf		n	kwln	kwolon	
kwolon	2	gill1909|gill1887	no	A	Kwo-lon|Kwo-lonn	Ear; ears | The ear			kwln	kwolann	
kwonam	1	practical1886	yes	A	Kwonam	five			kwnm	kwanom|kwenam|kwinnum|kwunnum	
kwonam son	1	practical1886	yes	B	Kwonam son	Fri day			kwnmsn		
kwonesem	1	rudiments1924	yes	B	Kwonesem				kwnsm	kwahnesum|kwanesem|kwonesum	
kwonesum	1	gill1887	no	A	Kwon-e-sum	Always; forever			kwnsm	kwahnesum|kwanesem|kwonesem	
kwonesunx	1	gill1909	no	B	Kwon'-e-sunx	Always; forever			kwnsnks		
kwosh	1	rudiments1924	yes	B	Kwosh				kws	kwas|kwash|kwass|kwiseo|kwish	
kwulh	1	gibbs1863	no	A	Kwulh|Kwult	To hit; to wound loith an arrow or gun; to strike with a stick or stone; or in any manner without cutting; to hit		v	kwl	keekwillie|keekwilly|keekwulee|keequilly|khkwalhe|kikwile|kwahl|kwalal|kwalh|kwallal	
kwult	1	gill1909	no	A	Kwult	To bruise or wound with a stone, shot or arrow; to wound, without cutting			kwlt	kikwiletai|kwelt|kwelth|kwulth	
kwulth	2	hibben1889|gill1887	no	A	Kwult'h	'To hit; to wound with an arrow or gun | To hit; to wound with an arrow or gun			kwlt	kikwiletai|kwelt|kwelth|kwult	
kwunmin	1	gibbs1863	no	B	Kwun'-min	A count; numbers		n	kwnmn		
kwunnum	3	gill1909|gill1887|long1909	no	A	Kwun-num|Kwun'-num	To count; numbers. (Konsee is much more used.) | Account; numbers | A count; numbers		n	kwnm	kwanom|kwenam|kwinnum|kwonam	
kwunnun	1	hibben1889	no	A	Kwun-nun	A count: numbers			kwn	kakwn|kwan|kwann	
kwutl	5	gibbs1863|shaw1909|gill1909|gill1887|long1909	no	A	Kwutl	Literally, fast | literally, fast; to push or squeeze | To push; to squeeze; secure; fast | To push or squeeze | To make fast; push or squeeze		adj	kwL	kwahtl|kwatl|kwetl|kwetlh	
kyhva	1	gill1909	no	B	Ky'-hva	Crooked			kv		
kywa	1	gill1887	no	A	Ky-wa	Crooked. Xj			kw		
la	0		no	C	La|lo				l		unvalidated_candidates_in=demers1871
la bouche	0		no	C	la bouche				lbC		unvalidated_candidates_in=rudiments1898; kamloops_candidate_only
la cassette	1	rudiments1898	yes	B	la cassette	box			lkst	lacaset|lacasett|lacasset|lakaset|lakasset	
la clef	0		no	C	la clef				lklf		unvalidated_candidates_in=rudiments1898; kamloops_candidate_only
la cloa	1	gill1887	no	B	La clo-a	The cross			lkl	lacloa|lacloah|lecaille|lecloo|olocl	
la croix	0		no	C	la Croix				lkrks		unvalidated_candidates_in=rudiments1898; kamloops_candidate_only
la hache	1	rudiments1898	yes	B	la hache	axe			lC	lach|lahache|ulalach|ulchey	
la langue	1	rudiments1898	yes	B	la langue	tongue			lng	lalang	
la monti	1	gibbs1863	no	B	La mon-ti|La-mo-ti	A mountain		n	lmnt	lamonta|lamontay|lamonti	
la motai	0		no	C	La mota-i				lmt	lamiat|lamooto|lemahto|lematto|lemooto|lemoto	unvalidated_candidates_in=practical1886; kamloops_candidate_only
la pellab	1	gibbs1863	no	B	La -pel-lab	Mamook lapellah, (u roast before the fire			lplb		
la pelle	1	rudiments1898	yes	B	la pelle	shovel ee			lpl	lapel|lapell|lapellah|lapelle|lapoel|lapoell|lapool|lapuel|lepla|lepul	
la piege	1	gibbs1863	no	B	La piege	A trap. Eena la piege, a beaver-trap		n	lpg	lapeeage|lapiege|lepeage	
la poele	1	rudiments1924	yes	B	la poele	frying pan			lpl	lapel|lapell|lapellah|lapelle|lapoel|lapoell|lapool|lapuel|lepla|lepul	
la pooshet	1	gibbs1863	no	B	La poo-shet	A fork		n	lpst	lapooshet|lapooshett|lapushet	
la porte	1	rudiments1898	yes	B	la porte	door			lprt	laport	
la pote	1	gibbs1863	no	B	La pote	A door. La s an j el, n		n	lpt	lapot|lapote|lepet|lepot	
la see	1	gibbs1863	no	B	La see	A saw		n	ls		
laballe	1	rudiments1924	yes	B	laballe				lbl	lebal|leblau|lebley|leblou	
lableed	5	gibbs1863|shaw1909|gill1909|gill1887|long1909	no	A	La-bleed	A bridle		n	lbld		
laboos	4	gibbs1863|shaw1909|gill1909|gill1887	no	A	La-boos|Lapush	The mouth; mouth of a river Moxt laboos, the forks of a liver | The mouth; mouth of a river | The mouth | The mouth. Mox la-boos; the forks of a river		n	lbs	laboosh	
laboosh	2	rudiments1924|practical1886	yes	A	laboosh|Laboosh	mouth			lbs	laboos	
labootai	1	gill1909	no	A	La-boo-tai	A bottle			lbt	labooti|labotai|lebat	
labootel	1	practical1886	yes	B	Labootel	lamala, bottle			lbtl		
labooti	3	gibbs1863|hibben1889|shaw1909	no	A	La-boo-ti	A bottle | <A bottle | bottle		n	lbt	labootai|labotai|lebat	
labotai	1	gill1887	no	A	La-bo-tai	A bottle			lbt	labootai|labooti|lebat	
lacalat	4	gibbs1863|hibben1889|shaw1909|long1909	no	A	La-ca-lat|La-cal-at	A carrot | carrot		n	lklt	lacalet|lacallat	
lacalet	1	gill1887	no	A	La-cal-et	A carrot			lklt	lacalat|lacallat	
lacallat	1	gill1909	no	A	La-cal-lat	Carrot			lklt	lacalat|lacalet	
lacarrot	1	practical1886	yes	B	Lacarrot				lkrt		
lacaset	4	gibbs1863|hibben1889|shaw1909|long1909	no	A	La-ca-set	A box, trunk, or chest | A box, trunk or chest | A trunk; box; chest		n	lkst	lacasett|lacasset|lakaset|lakasset	
lacasett	1	gill1909	no	A	La-cas-ett	A trunk, box or chest			lkst	lacaset|lacasset|lakaset|lakasset	
lacasset	1	gill1887	no	A	La-cas-set	A box; trunk or chest			lkst	lacaset|lacasett|lakaset|lakasset	
lach	1	gill1887	no	B	Lach	To lean; to tip as a boat; to stoop			lC	lahache|ulalach|ulchey	
lacloa	4	gibbs1863|hibben1889|shaw1909|long1909	no	A	La-clo-a	A cross		n	lkl	lacloah|lecaille|lecloo|olocl	
lacloah	1	gill1909	no	A	La-clo'-ah	The cross			lkl	lacloa|lecaille|lecloo|olocl	
lagh	4	gibbs1863|hibben1889|shaw1909|gill1909	no	A	Lagh|Lag-h	To lean; to tip, us a, boat; to stoop; tc bend over, as a tree | To lean; to tip as a boat; to stoop; to bend over as a tree | to tip; to lean; to stoop; to bend over | To lean, stoop, bend; to tip, as a boat		v	l		
lagleese	2	gill1909|gill1887	no	A	La-gleese	Fat; oil			lgls		
lagom stick	1	practical1886	yes	B	Lagom stick	pitch wood			lgmstk		
lagome	4	gibbs1863|hibben1889|shaw1909|long1909	no	A	La-gome	Pitch; glue. La gome stick, Ugh t-wood; the pitch-pine | Pitch; glue. La. gome stick, light-wood; the pitch-pine., hed | Pitch; glue. La gomme stick, - lightwood; the pitchpine | Pitch; glue		n	lgm	lagoom	
lagoom	1	gill1909	no	A	La-goom	Pitch; rosin; glue			lgm	lagome	
lagoom stick	1	gill1887	no	A	La-goom stick	Light wood; pitch pine			lgmstk		
lagwin	4	gibbs1863|hibben1889|gill1887|long1909	no	A	La-gwin|La-kween|la-see	A saw		n	lgwn		
lahache	1	rudiments1924	yes	B	lahache	axe			lC	lach|ulalach|ulchey	
lahal	2	gibbs1863|hibben1889	no	A	La-hal				l		
lahash	8	rudiments1924|practical1886|gibbs1863|hibben1889|shaw1909|gill1909|gill1887|long1909	yes	A	lahash|Lahash|La-hash	axe | An axe or hatchet | An axe or hatchet. | | An ax or hatchet | Ax or hatchet | Axe; hatchet		n	ls		
lahb	4	gibbs1863|hibben1889|shaw1909|gill1887	no	A	Lahb	The arbutus uva ursi, the leaves of which are used in smoking, alone or mixed with tobacco | The arbutus		n	lb	leloba|loloba|olbyiu	
lahm	1	gill1887	no	A	La-Hm	A file			lm		
laiket	1	rudiments1898	yes	A	laiket	four			lkt	laket|lakit|lekateta|lokit	
lakammas	1	gibbs1863	no	B	La-kam-mas				lkms		
lakaset	1	demers1871	no	A	Lakaset	box:'t up i			lkst	lacaset|lacasett|lacasset|lakasset	
lakasset	1	practical1886	yes	B	Lakasset	bow			lkst	lacaset|lacasett|lacasset|lakaset	
lake	1	practical1886	yes	B	Lake	Lake			lk		
laken	0		no	C	Laken				lkn		unvalidated_candidates_in=demers1871
laket	2	practical1886|demers1871	yes	A	Laket	four			lkt	laiket|lakit|lekateta|lokit	
laket son	1	practical1886	yes	B	Laket son				lkzn		
lakit	4	gibbs1863|hibben1889|shaw1909|long1909	no	A	Lak'-it|Lok'-it|Lakit|Lak'it	four; four times | Four; four times, Lakit tathelum, forty | Pour; four times | Fourfour times		adj	lkt	laiket|laket|lekateta|lokit	
lakle	0		no	C	Lakle				lL	hahlakl|lakloa|latlah|lekleh|leklo|lekloo|leklu	unvalidated_candidates_in=rudiments1924; kamloops_candidate_only
lakles	3	gibbs1863|hibben1889|long1909	no	A	La'-kles|La-kles	Fat; oil. See, also, GLEASE | Fat; oil		n	lLs		
lakloa	1	demers1871	no	B	Lakloa	cross			lL	hahlakl|latlah|lekleh|leklo|lekloo|leklu	
lakomelo	0		no	C	Lakomelo				lkml		unvalidated_candidates_in=practical1886; kamloops_candidate_only
lakroa	0		no	C	Lakroa				lkr		unvalidated_candidates_in=practical1886; kamloops_candidate_only
lakrow	0		no	C	Lakrow				lkrw		unvalidated_candidates_in=rudiments1924; kamloops_candidate_only
lalah	5	gibbs1863|hibben1889|gill1909|gill1887|long1909	no	A	La-lah	To cheat; fool; to practise jokes | To cheat;fool; to practice jokes | To cheat; to trick | To cheat; to joke | To cheat; fool; joke		v	l		
lalahm	4	gibbs1863|hibben1889|shaw1909|long1909	no	A	La-lahm|La-lum	An oar. Mamook lalahm, to row | An oar. Mamook lalahm, - to row | An oar		n	lm		
lalam	2	gill1909|demers1871	no	A	La-lam|Lalam	An oar			lm		
lalang	6	practical1886|hibben1889|shaw1909|gill1909|gill1887|long1909	yes	A	Lalang|La-lang	tongue | The tongue; a language | The tongue; a languag-e; dialect; tribe | The tongue; speech; language | A language; the tongue		n	lng		
lalasin	1	demers1871	no	B	Lalasin				lsn	lashen	
lalaug	1	gibbs1863	no	B	La-laug	The tongue; a language		n	lg		
lale	0		no	C	lale				l		unvalidated_candidates_in=rudiments1924; kamloops_candidate_only
laleem	3	gibbs1863|shaw1909|long1909	no	A	La-leem	A file		n	lm		
lalep	0		no	C	LaleP				lp		unvalidated_candidates_in=demers1871
lalim	2	hibben1889|gill1909	no	A	La-lim	A file			lm		
laly	1	shaw1909	no	B	La'-ly	Time; a longtime		n	l		
lamai	1	gill1909	no	A	La-mai	An old woman. (From la me're, French.)			lm		
lamala	1	rudiments1924	yes	B	lamala				lml	lemaliay|lemalo|lemel|lemolo|lemulai	
lamass	1	gill1909	no	A	La-mass	The ceremony of the mass			lms	lamasse|lames|lamess|lamesse|lamuss|lemus	
lamasse	1	gill1887	no	A	La-masse	The ceremony of the mass, La-mes-tin, or le Les-sen			lms	lamass|lames|lamess|lamesse|lamuss|lemus	
lames	1	demers1871	no	A	Lames	Mass			lms	lamass|lamasse|lamess|lamesse|lamuss|lemus	
lamess	1	rudiments1924	yes	B	Lamess				lms	lamass|lamasse|lames|lamesse|lamuss|lemus	
lamesse	4	gibbs1863|hibben1889|shaw1909|long1909	no	A	La-messe	The ceremony of the mass | Ceremony of mass		n	lms	lamass|lamasse|lames|lamess|lamuss|lemus	
lamestin	5	gibbs1863|hibben1889|shaw1909|gill1909|long1909	no	A	La-mes-tin|La-mo-tchin|La-met-sin|La-mes'-tin|le-mes'-sen	Mededue, not including magic | Medicine | Medicine, (not including* ma?ic); drug1; ointment; panacea; pill; physic | Remedy; medicine. (This word is not used for magic or the		n	lmstn		
lamiat	1	rudiments1924	yes	B	lamiat	go women			lmt	lamooto|lemahto|lematto|lemooto|lemoto	
lamimen	1	long1909	no	A	Lam'-im-en	An old woman		n	lmn	heloman|oleman|olman	
lammei	1	gill1887	no	A	Lam-me-i	An old woman			lm		
lammieh	2	gibbs1863|hibben1889	no	A	Lam'-mi-eh|Lam-mi-i|Lam-mi-eh	An old woman		n	lm		
lamonta	1	gill1887	no	A	La-mon-ta	A mountain			lmnt	lamontay|lamonti	
lamontay	1	gill1909	no	A	La-mon'-tay	A mountain			lmnt	lamonta|lamonti	
lamonti	3	hibben1889|shaw1909|long1909	no	A	La-mon-ti|La-mo -ti	A mountain | A mountain. La pea or Le pee, (see leepee.)		n	lmnt	lamonta|lamontay	
lamook	1	practical1886	yes	B	Lamook	to work ae? essik, to row			lmk		
lamooto	2	rudiments1924|practical1886	yes	B	lamooto|Lamooto				lmt	lamiat|lemahto|lematto|lemooto|lemoto	
lamuss	1	practical1886	yes	A	Lamuss	The Mass			lms	lamass|lamasse|lames|lamess|lamesse|lemus	
lapatak	0		no	C	Lapatak				lptk		unvalidated_candidates_in=demers1871
lape osh	1	gibbs1863	no	B	La-pe osh	A mattock; a hoe		n	lps	lapehsh|lapeosh|lapesh|lapiosh|lapush|lepeshe|liapehsh	
lapebsh	1	shaw1909	no	B	La-pebsh	a pole			lpbs		
lapeeage	1	gill1887	no	A	La-pee-age	A trap			lpg	lapiege|lepeage	
lapeep	6	gibbs1863|hibben1889|shaw1909|gill1909|gill1887|long1909	no	A	La-peep	A tobacco-pipe | A tobacco pipe | Pipe for smoking tobacco		n	lp		
lapehsh	2	gibbs1863|long1909	no	A	La-pehsh	A pole; the setting-pole of a boat or canoe | A pole			lps	lapeosh|lapesh|lapiosh|lapush|lepeshe|liapehsh	
lapel	3	rudiments1924|practical1886|demers1871	yes	A	lapel|Lapel	shovel | 'spade or shovel			lpl	lapell|lapellah|lapelle|lapoel|lapoell|lapool|lapuel|lepla|lepul	
lapell	1	gill1909	no	A	La-pell	A shovel; a spade			lpl	lapel|lapellah|lapelle|lapoel|lapoell|lapool|lapuel|lepla|lepul	
lapellah	5	hibben1889|shaw1909|gill1909|gill1887|long1909	no	A	La-pel-lah|La-pel'-lah	Roast. Mamook lapellah, to roast before the fire | Mamook lapellah,- to roast before the fire | A roast of meat cooked before a fire | Roast; to roast before the fire | To roast with fire		v	lpl	lapel|lapell|lapelle|lapoel|lapoell|lapool|lapuel|lepla|lepul	
lapelle	5	gibbs1863|hibben1889|shaw1909|gill1887|long1909	no	A	La-pelle	A shovel or spade | a shovel or spade. Iia-pe-osb/, (F), a mattock or hoe | A spade; shovel		n	lpl	lapel|lapell|lapellah|lapoel|lapoell|lapool|lapuel|lepla|lepul	
lapeosh	4	hibben1889|gill1909|gill1887|long1909	no	A	La-pe-osh|La-pe-6sh	A mattock; a hoe | A hoe, or a mattock | A mattock or hoe | A hoe; mattock		n	lps	lapehsh|lapesh|lapiosh|lapush|lepeshe|liapehsh	
lapesh	2	gill1909|gill1887	no	A	La-pesh	A pole; specially a setting pole for a canoe | A pole; fishing-rod			lps	lapehsh|lapeosh|lapiosh|lapush|lepeshe|liapehsh	
lapiege	3	hibben1889|shaw1909|long1909	no	A	La-piege|La-pieg-e	A trap. Eena lapiege, a beaver trap | a trap | A trap for animals		n	lpg	lapeeage|lepeage	
lapikwo	0		no	C	Lapikwo				lpkw		unvalidated_candidates_in=demers1871
lapiosh	3	rudiments1924|practical1886|demers1871	yes	A	lapiosh|Lapiosh	hoe			lps	lapehsh|lapeosh|lapesh|lapush|lepeshe|liapehsh	
lapip	1	practical1886	yes	A	Lapip	pipe... +5			lp		
laplash	9	rudiments1924|practical1886|gibbs1863|hibben1889|shaw1909|gill1909|gill1887|demers1871|long1909	yes	A	laplash|Laplash|La-plash|La-plas'h	plank, board Laplash moolin, Saw-mill | A board | A board. La-po-el, A frying pan | A board; lumber; plank | A board; a plank | plank, vou		n	lpls		
laplash moolin	0		no	C	laplash moolin				lplsmln		unvalidated_candidates_in=rudiments1924; kamloops_candidate_only
laplitas	1	demers1871	no	B	Laplitas				lplts		
lapoel	3	gibbs1863|shaw1909|gill1887	no	A	La-po-el	A frying-pan | a frying pan, (a stove. - Hale.) | A frying pan		n	lpl	lapel|lapell|lapellah|lapelle|lapoell|lapool|lapuel|lepla|lepul	
lapoell	1	gill1909	no	A	La-po-ell|La-p6-ell	A frying pan			lpl	lapel|lapell|lapellah|lapelle|lapoel|lapool|lapuel|lepla|lepul	
lapoen	1	demers1871	no	B	Lapoen	frying pan			lpn	lepain|lepan	
lapome	3	gibbs1863|hibben1889|shaw1909	no	A	La-pome	An apple | An apple. (The word apple is now used on Puget Sound.)		n	lpm	lepome	
lapool	5	gibbs1863|hibben1889|shaw1909|gill1909|gill1887	no	A	La-pool	A fowl; poultry | fowl; poultry | A hen; poultry | A fowl. La-pool Si-wash		n	lpl	lapel|lapell|lapellah|lapelle|lapoel|lapoell|lapuel|lepla|lepul	
lapooshef	1	long1909	no	B	La-poo-shef	A fork		n	lpsf		
lapooshet	2	hibben1889|gill1887	no	A	La-poo-shet	A fork			lpst	lapooshett|lapushet	
lapooshett	1	gill1909	no	A	La-poo-shett	A fork; hayfork			lpst	lapooshet|lapushet	
lapoosliet	1	shaw1909	no	B	La-poo-sliet	fork			lpslt		
laport	1	practical1886	yes	B	Laport	door			lprt		
lapot	1	demers1871	no	B	Lapot				lpt	lapote|lepet|lepot	
lapote	4	hibben1889|shaw1909|gill1909|gill1887	no	A	La-pote	A door | A door. La-push, see laboos		n	lpt	lapot|lepet|lepot	
lapuel	1	demers1871	no	A	Lapuel	frying pan			lpl	lapel|lapell|lapellah|lapelle|lapoel|lapoell|lapool|lepla|lepul	
lapush	1	demers1871	no	B	Lapush	mouth, ) 'r4l			lps	lapehsh|lapeosh|lapesh|lapiosh|lepeshe|liapehsh	
lapushet	1	demers1871	no	B	Lapushet				lpst	lapooshet|lapooshett	
lasanjel	4	hibben1889|shaw1909|gill1887|long1909	no	A	La-sanjel|La-san-jel	A girth; a sash; a belt | girth, sash, belt | A girth, sash or belt | A girth		n	lsnCl	lesanjel	
lasee	5	hibben1889|shaw1909|gill1909|gill1887|long1909	no	A	La-see	A saw		n	ls		
lasel	1	demers1871	no	A	Lasel	saddle			lsl	lasell|laselle|lashalloo|leshal|leshalloo	
lasell	5	gibbs1863|hibben1889|shaw1909|gill1909|gill1887	no	A	La-sell	A saddle | saddle		n	lsl	lasel|laselle|lashalloo|leshal|leshalloo	
laselle	1	rudiments1924	yes	A	laselle	saddle			lsl	lasel|lasell|lashalloo|leshal|leshalloo	
lashal loo	1	gibbs1863	no	B	La-shal loo|La-shal-lee	A plough. La slian del, n		n	lsl	lasel|lasell|laselle|lashalloo|leshal|leshalloo	
lashalloo	4	hibben1889|shaw1909|gill1909|long1909	no	A	La-shal-loo|La'-shal-loo	A plough | plough		n	lsl	lasel|lasell|laselle|leshal|leshalloo	
lashancel	1	practical1886	yes	B	Lashancel	candle			lsnkl		
lashandel	6	rudiments1924|hibben1889|shaw1909|gill1909|gill1887|long1909	yes	A	lashandel|La-shan-del|La-shan'-del	candle | A candle		n	lsndl		
lashanshel	1	demers1871	no	B	Lashanshel	belt			lsnsl		
lashantel	1	demers1871	no	B	Lashantel	candle			lsntl		
lashase	6	gibbs1863|hibben1889|shaw1909|gill1909|gill1887|long1909	no	A	La-shase	A chair | chair. La-sben'f (F), a chain		n	ls		
lashe n	0		no	C	La-she"n				lsn	lalasin|lashen	unvalidated_candidates_in=gill1887
lasheminay	1	gill1909	no	B	La-shem'-i-nay	The chimney			lsmn		
lashen	5	gibbs1863|hibben1889|gill1909|demers1871|long1909	no	A	La-shen|Lashen	A chain | chain." « t		n	lsn	lalasin	
lashes	1	demers1871	no	A	Lashes	chair:' peg			ls		
lashey	1	gill1909	no	B	La-shey	Barley			ls		
lasote	1	rudiments1924	yes	B	lasote				lst	hlalesta|lassiet|lassiett|lassseet|lest|lusst	
lasoy	2	gill1909|gill1887	no	A	La-soy	Silk; satin | Silk; silken			ls		
lassi	1	practical1886	yes	A	Lassi	saw			ls		
lassiet	3	gibbs1863|hibben1889|shaw1909	no	A	Las-siet	A plate | <A plate		n	lst	hlalesta|lasote|lassiett|lassseet|lest|lusst	
lassiett	1	gill1909	no	A	Las-siett	A plate or dish			lst	hlalesta|lasote|lassiet|lassseet|lest|lusst	
lassseet	1	gill1887	no	A	L'ass-se-et	A plate			lst	hlalesta|lasote|lassiet|lassiett|lest|lusst	
laswa	1	demers1871	no	A	Laswa	silk			lsw	lasway	
lasway	4	gibbs1863|hibben1889|shaw1909|long1909	no	A	La-sway	Silk; silken | silk, silken		n,adj	lsw	laswa	
latab	1	practical1886	yes	A	Latab	table			ltb	latabb|latahb|letab	
latabb	1	shaw1909	no	A	La-tabb	table			ltb	latab|latahb|letab	
latable	1	rudiments1898	yes	B	latable				ltbl		
latahb	4	hibben1889|gill1909|gill1887|long1909	no	A	La-tahb	A table		n	ltb	latab|latabb|letab	
latap	0		no	C	Latap|latam				ltp		unvalidated_candidates_in=demers1871
latate	1	gill1887	no	A	La-tate	The head			lt		
latet	4	rudiments1924|gibbs1863|hibben1889|demers1871	yes	A	latet|Latet|La-tet	The head. Pil latet, red-headed | The bead. Pil latet, red-jieaded | head		n	lt		
latlah	5	gibbs1863|hibben1889|shaw1909|gill1909|gill1887	no	A	La-tlah	A noise. Mamook latlah, to make a noise | noise | A noise; a disturbance | A noise		n	lL	hahlakl|lakloa|lekleh|leklo|lekloo|leklu	
lavket	1	rudiments1924	yes	B	lavket	four			lvkt		
law	1	shaw1909	no	B	Law	A law; command; decree; rule; mandate; statutes		n	lw		
laween	1	hibben1889	no	A	La-ween	Oats			lwn	lawen|lawin	
lawen	4	gibbs1863|shaw1909|gill1909|long1909	no	A	La-wen	Oats		n	lwn	laween|lawin	
lawest	6	gibbs1863|hibben1889|shaw1909|gill1909|gill1887|demers1871	no	A	La-west|Lawest	A waistcoat | <A waistcoat | waist-coat, vest | A vest or waistcoat | A vest | vest		n	lwst		
lawin	1	gill1887	no	A	La-win	Oats			lwn	laween|lawen	
lawlow	1	demers1871	no	B	Lawlow	round			lwlw		
lawsuk	1	gill1909	no	B	Law'-suk	To dance; dance			lwsk		
lazy	5	gibbs1863|hibben1889|gill1909|gill1887|long1909	no	A	Lazy	Lazy. Le-bah-do (often pronounced lab'-a-do), n | Lazy | Same as in English | Idle		adj	lz	heltsh	
le biscust	0		no	C	le biscust				lbskst		unvalidated_candidates_in=rudiments1924; kamloops_candidate_only
le biskwie	1	shaw1909	no	B	Le bis'-kwie	biscuit, crackers, hard bread			lbskw	lebiskwee|lebiskwie	
le chapelet	0		no	C	le chapelet				lCplt		unvalidated_candidates_in=rudiments1898; kamloops_candidate_only
le cock	2	rudiments1924|gibbs1863	yes	A	le cock|Le cock	A cock; a fowl		n	lk		
le mouton	2	rudiments1924|rudiments1898	yes	B	le mouton	sheep | sheep a			lmtn		
le oba	0		no	C	Le-1o-ba|Le-16-ba				lb	lahb|leloba|loloba|olbyiu	unvalidated_candidates_in=gill1887
le pap	0		no	C	le Pap				lp		unvalidated_candidates_in=rudiments1924; kamloops_candidate_only
le pech	0		no	C	le pech				lpC		unvalidated_candidates_in=rudiments1898; kamloops_candidate_only
le piege	0		no	C	le piege				lpg	lapeeage|lapiege|lepeage	unvalidated_candidates_in=rudiments1924; kamloops_candidate_only
le plat	0		no	C	le plat				lplt	leplate|lepleet|leplet|leplit	unvalidated_candidates_in=rudiments1898; kamloops_candidate_only
le pois	0		no	C	le pois				lps	lapehsh|lapeosh|lapesh|lapiosh|lapush|lepeshe|liapehsh	unvalidated_candidates_in=rudiments1924; kamloops_candidate_only
le pretre	0		no	C	le pretre				lprtr		unvalidated_candidates_in=rudiments1898; kamloops_candidate_only
le seeblo	1	shaw1909	no	B	Le- see-blo	spurs			lsbl	leseeblo	
lebabdo	1	shaw1909	no	A	Le-bab-do|La-ba-do	a shingle			lbd	lebado|lebahdo	
lebado	1	rudiments1924	yes	B	lebado				lbd	lebabdo|lebahdo	
lebahdo	3	hibben1889|gill1887|long1909	no	A	Le-bah-do	A shingle		n	lbd	lebabdo|lebado	
lebal	3	hibben1889|gill1909|gill1887	no	A	Le-bal	<A ball; builet | A ball; bullet | A ball*; bullet; shot.'			lbl	laballe|leblau|lebley|leblou	
lebardo	1	gill1909	no	B	Le-bar'-do	A shingle; shingles			lbrd		
lebat	1	gibbs1863	no	A	Le-baT	A ball; bullet		n	lbt	labootai|labooti|labotai	
lebiskwee	2	gill1909|gill1887	no	A	Le-bis-kwee	Biscuit; crackers; ship-bread | Biscuit; hard-bread			lbskw	lebiskwie	
lebiskwie	3	gibbs1863|hibben1889|long1909	no	A	Le-bis'-kwie|Le-bis-kwie	Biscuit; crackers; hard bread | Biscuit; cracker; hard bread		n	lbskw	lebiskwee	
leblau	2	gill1909|gill1887	no	A	Le-blau	(F.). A sorrel horse; chestnut-col¬ ored | A sorrel horse; chestnut colored			lbl	laballe|lebal|lebley|leblou	
lebley	2	gill1909|gill1887	no	A	Le-bley	Wheat			lbl	laballe|lebal|leblau|leblou	
leblou	1	hibben1889	no	A	Le-blou	<A sorrel horse; chestnut colored			lbl	laballe|lebal|leblau|lebley	
lecaille	1	rudiments1924	yes	B	lecaille				lkl	lacloa|lacloah|lecloo|olocl	
leclem	4	hibben1889|shaw1909|gill1909|gill1887	no	A	Le-clem	Cream colored;acream colored or light dun horse | cream-colored | Cream; cream-colored; a | Cream color; light dun			lklm	lekalem	
lecloo	2	rudiments1924|practical1886	yes	B	lecloo|Lecloo	nails			lkl	lacloa|lacloah|lecaille|olocl	
lecock	3	hibben1889|shaw1909|long1909	no	A	Le-cock	<A cock; a fowl | a cock; a fowl		n	lk		
lecok	2	gill1909|gill1887	no	A	Le-cok	A cock; a fowl | A cockerel; a cock			lk		
lecoo	1	gill1909	no	A	Le-coo	The neck			lk		
lecou	1	rudiments1924	yes	A	lecou	neck			lk		
ledan	0		no	C	Ledan				ldn		unvalidated_candidates_in=practical1886; kamloops_candidate_only
ledoo	6	gibbs1863|hibben1889|shaw1909|gill1909|gill1887|long1909	no	A	Le-doo	A finger. Le-gley, «., adj | A finger | finger | A finger; fingers		n	ld		
legley	4	hibben1889|shaw1909|gill1909|gill1887	no	A	Le-gley|Le-g-ley	A gray horse; gray | Gray; a gray horse | A gray horse, gray			lgl		
leiom	0		no	C	Leiom|leiop				lm		unvalidated_candidates_in=demers1871
lejaub	4	gibbs1863|hibben1889|shaw1909|gill1909	no	A	Le-jaub	The devil; satan; a demon | (See Deaub.)		n	lCb		
lek	1	demers1871	no	B	Lek	lake; he, Lanta am f peat et inal			lk		
lekalem	1	practical1886	yes	B	Lekalem				lklm	leclem	
lekalisti	1	practical1886	yes	B	Lekalisti				lklst	lukalisti	
lekateta	1	rudiments1924	yes	B	Lekateta				lkt	laiket|laket|lakit|lokit	
lekatlta	0		no	C	Lekatl-ta				lkLt		unvalidated_candidates_in=practical1886; kamloops_candidate_only
lekeh	1	demers1871	no	A	Lekeh	cock			lk		
lekleh	5	gibbs1863|hibben1889|shaw1909|gill1909|gill1887	no	A	Le-kleh	A key. Mamook le kleh, lock the door | A key. Mamook lekleh, lock the door | A key | A key. Le-kloo A nail; nails		n	lL	hahlakl|lakloa|latlah|leklo|lekloo|leklu	
leklo	1	hibben1889	no	A	Le-klo	A nail; nails			lL	hahlakl|lakloa|latlah|lekleh|lekloo|leklu	
lekloo	3	gibbs1863|shaw1909|gill1909	no	A	Le-kloo	A nail; nails | nail; nails		n	lL	hahlakl|lakloa|latlah|lekleh|leklo|leklu	
leklu	1	demers1871	no	A	Leklu	nail,"			lL	hahlakl|lakloa|latlah|lekleh|leklo|lekloo	
lekoo	4	gibbs1863|hibben1889|shaw1909|gill1887	no	A	Le-koo	The neck | neck		n	lk		
lekwin	1	demers1871	no	B	Lekwin	hand saw			lkwn		
lekye	5	gibbs1863|hibben1889|shaw1909|gill1909|gill1887	no	A	Le-ky'e|Le-kye	Mr. Anderson derives this from a Canadian word caille, meaning a piebald horse | <A spot; spotted or speckled | spot; spotted; a piebald horse | A piebald horse; a spot; speckled; spot¬ ted | A spot; spotted; speckled		n,adj	lk		
lele	0		no	C	Lele				l		unvalidated_candidates_in=practical1886; kamloops_candidate_only
leloba	3	gibbs1863|shaw1909|gill1909	no	A	Le-lo'-ba	A ribbon | ribbon			lb	lahb|loloba|olbyiu	
leloo	8	rudiments1924|practical1886|gibbs1863|hibben1889|shaw1909|gill1909|gill1887|long1909	yes	A	leloo|Leloo|Le-loo	wolf | A wolf (the large wolf) | <A wolf., -Le-mah | The big gray wolf | A wolf		n	l		
lemah	5	gibbs1863|shaw1909|gill1909|gill1887|long1909	no	A	Le-mah|Leh-ma|Le'-mah|Leh'ma	The hand; the arm | The hand; the arm; thumb; finders; sleeve; handle; limb or knot of a tree | The hand; the arms | The hand or arm		n	lm		
lemah kl she	0		no	C	Le-mah kl5she				lmLs		unvalidated_candidates_in=gill1887
lemahto	6	gibbs1863|hibben1889|shaw1909|gill1909|gill1887|long1909	no	A	Le-mah-to|Le-mah'-to	A hammer | hammer		n	lmt	lamiat|lamooto|lematto|lemooto|lemoto	
lemai	2	practical1886|demers1871	yes	A	Lemai	hands | fandj sooto, handle' arm, finger.: ° Lie			lm		
lemaliay	1	practical1886	yes	B	Lemaliay	Matrimony			lml	lamala|lemalo|lemel|lemolo|lemulai	
lemalo	1	practical1886	yes	A	Lemalo	wild			lml	lamala|lemaliay|lemel|lemolo|lemulai	
lematto	1	demers1871	no	A	Lematto	hammer			lmt	lamiat|lamooto|lemahto|lemooto|lemoto	
lemel	5	gibbs1863|hibben1889|shaw1909|gill1909|gill1887	no	A	Le-mel|Le-'mel	A mule. Le-xno'-lo, »., adj | A mule | The mule		n	lml	lamala|lemaliay|lemalo|lemolo|lemulai	
lemold	1	gill1909	no	B	Le-mo'ld	One that has escaped; wild; untamed			lmld		
lemolo	5	hibben1889|shaw1909|gill1887|demers1871|long1909	no	A	Le-mo-lo|Le-mo'-lo|Lemolo	Wild; untamed | Wild; untamed; skittish; uncivilized | wild, skittish		n,adj	lml	lamala|lemaliay|lemalo|lemel|lemulai	
lemooto	5	gibbs1863|shaw1909|gill1909|gill1887|long1909	no	A	Le-moo'-to|Lam'-mu-to|Lam-mu'-to|Le-moo-to	Sheep | Sheep. The word sheep is rapidly taking its place.) - Eells | Sheep; a flock of sheep		n	lmt	lamiat|lamooto|lemahto|lematto|lemoto	
lemoto	1	hibben1889	no	A	Le-mo-to	Sheep			lmt	lamiat|lamooto|lemahto|lematto|lemooto	
lemulai	1	demers1871	no	B	Lemulai|mulai	mill			lml	lamala|lemaliay|lemalo|lemel|lemolo	
lemus	1	demers1871	no	B	Lemus	fly, gnat			lms	lamass|lamasse|lames|lamess|lamesse|lamuss	
lepain	1	rudiments1924	yes	B	lepain				lpn	lapoen|lepan	
lepan	5	gibbs1863|hibben1889|shaw1909|gill1909|gill1887	no	A	Le-pan	Bread; raised or light bread | bread. Le-pisb'-e-mo, saddle-blanket or housing. (See note under Tatoosh, main vocabulary.) | Bread; a loaf of bread | Bread. Also, pi-ah sap-o-lil		n	lpn	lapoen|lepain	
lepap	0		no	C	Lepap				lp		unvalidated_candidates_in=practical1886; kamloops_candidate_only
lepeage	1	gill1909	no	A	Le-pe-age	A trap; a snare			lpg	lapeeage|lapiege	
lepee	2	gibbs1863|hibben1889	no	A	Le-pee	The feet			lp		
lepeea	2	gill1909|gill1887	no	A	Le-pee'-a|Le-pee-a	The foot; feet | The feet, or a foot			lp		
lepeshe	2	practical1886|demers1871	yes	B	Lepeshe	sin			lps	lapehsh|lapeosh|lapesh|lapiosh|lapush|liapehsh	
lepet	2	hibben1889|demers1871	no	A	Le-pet|Lepet	A priest. le-pwau			lpt	lapot|lapote|lepot	
lepie	1	demers1871	no	A	Lepie	foot, foot-print, track »			lp		
lepishemo	5	gibbs1863|hibben1889|gill1909|gill1887|long1909	no	A	Le-pish'-e-mo|Le-pish-e-mo	Quaere u. d. The saddle-blanket and housings of a horse | The saddle, blankets and housings ofa horse | The saddle blanket and trappings of a horse | Saddle trappings		n	lpsm		
lepla	3	rudiments1924|practical1886|demers1871	yes	B	Lepla	plate | dish | dish, rarikeveag. /0o4 Lasiet; plate			lpl	lapel|lapell|lapellah|lapelle|lapoel|lapoell|lapool|lapuel|lepul	
leplate	1	gill1909	no	A	Le-plate	A priest			lplt	lepleet|leplet|leplit	
lepleet	1	gill1887	no	A	Le-pleet|Le-plate	A priest			lplt	leplate|leplet|leplit	
leplep	1	rudiments1898	yes	A	lep'lep	boil			lplp	liplip	
leplet	4	practical1886|gibbs1863|shaw1909|long1909	yes	A	Leplet|Le-plet|Le-p'let	The Priest | A priest | A priest; minister; clergyman; parson		n	lplt	leplate|lepleet|leplit	
leplit	1	demers1871	no	A	Leplit	priest			lplt	leplate|lepleet|leplet	
lepoa	2	practical1886|demers1871	yes	B	Lepoa	peas | pea			lp		
lepome	2	gill1909|gill1887	no	A	Le-pome	The apple | An apple			lpm	lapome	
lepot	2	rudiments1924|practical1886	yes	B	lepot|Lepot				lpt	lapot|lapote|lepet	
lepul	1	demers1871	no	B	Lepul	chicken, a <2			lpl	lapel|lapell|lapellah|lapelle|lapoel|lapoell|lapool|lapuel|lepla	
lepwah	2	gill1909|gill1887	no	A	Le-pwah	Peas | Pea or pease			lpw	lepwau	
lepwau	2	gibbs1863|shaw1909	no	A	Le-pwau	Peas		n	lpw	lepwah	
leriau	1	shaw1909	no	B	Le-riau	a sorrel horse; chestnut colored			lr		
les enerons	0		no	C	les enerons				lsnrns		unvalidated_candidates_in=rudiments1924; kamloops_candidate_only
lesac	1	gill1909	no	A	Le-sac	A sack; a bag			lsk	hlaska|lesak|lesook	
lesai	1	demers1871	no	B	Lesai				ls		
lesak	3	gibbs1863|hibben1889|demers1871	no	A	Le-sak|Lesak	A bag; a pocket | <A bag; a pocket		n	lsk	hlaska|lesac|lesook	
lesanjel	1	gill1909	no	A	Le-sanjel	A saddle girth; a sash or belt			lsnCl	lasanjel	
lesap	3	gibbs1863|hibben1889|shaw1909	no	A	Le-sap|Le-zep	An egg; eggs | eerg; eggs		n	lsp	lesep	
lesapot	0		no	C	Lesapot				lspt		unvalidated_candidates_in=practical1886; kamloops_candidate_only
lese	0		no	C	Lese				ls		unvalidated_candidates_in=demers1871
leseebld	1	gill1909	no	B	Le-see'-bld	Spurs			lsbld		
leseeblo	3	gibbs1863|hibben1889|gill1887	no	A	Le-see-blo	Spurs		n	lsbl		
leseezo	6	gibbs1863|hibben1889|shaw1909|gill1909|gill1887|long1909	no	A	Le-see-ZO|Le-see-zo|Le-see'-zo	Scissors | Scissors. _Le-sook- Sugar | Scissors; shears		n	lsz		
lesep	2	gill1909|gill1887	no	A	Le-sep	Eggs; an egg | An egg; eggs			lsp	lesap	
lesevek	2	rudiments1924|practical1886	yes	B	LesEvek|Lesevek	The Bishop			lsvk		
leshal	3	rudiments1924|practical1886|demers1871	yes	B	leshal|Leshal				lsl	lasel|lasell|laselle|lashalloo|leshalloo	
leshalloo	1	gill1887	no	A	Le-shal-loo	A plough			lsl	lasel|lasell|laselle|lashalloo|leshal	
leshaple	0		no	C	Leshaple				lspl	lesiplo	unvalidated_candidates_in=practical1886; kamloops_candidate_only
lesiplo	1	demers1871	no	B	Lesiplo				lspl		
lesiso	0		no	C	Lesiso				ls		unvalidated_candidates_in=demers1871
leso k	0		no	C	Le-so5k				lsk	hlaska|lesac|lesak|lesook	unvalidated_candidates_in=gill1887
lesook	3	gibbs1863|shaw1909|gill1909	no	A	Le-sook	Sugar		n	lsk	hlaska|lesac|lesak	
lessai	1	practical1886	yes	B	Lessai	The Saints			ls		
lest	1	practical1886	yes	B	Lest	lazy			lst	hlalesta|lasote|lassiet|lassiett|lassseet|lusst	
lesuj	0		no	C	Lesuj				lsC		unvalidated_candidates_in=practical1886; kamloops_candidate_only
letab	1	shaw1909	no	A	Le-tab	the teeth			ltb	latab|latabb|latahb	
letah	3	gibbs1863|hibben1889|long1909	no	A	Le-tah	The teeth		n	lt		
letau	1	gill1909	no	A	Le-tau	The teeth; a tooth			lt		
letoh	1	gill1887	no	A	Le-toh	The teeth			lt		
levi	0		no	C	Levi				lv		unvalidated_candidates_in=demers1871
levijil	0		no	C	Levijil				lvCl		unvalidated_candidates_in=practical1886; kamloops_candidate_only
lewet	1	gill1909	no	A	Le-wet	A whip			lwt	lewhet	
lewhet	4	gibbs1863|hibben1889|shaw1909|gill1887	no	A	Le-whet	A whip. Mamook lewhet, to whip. ^ | A whip. Mamook lewhet, to whip | A whip		n	lwt	lewet	
liapehsh	1	hibben1889	no	A	Lia-pehsh	A pole; the sefting pole of a canoe or boat			lps	lapehsh|lapeosh|lapesh|lapiosh|lapush|lepeshe	
lice	6	gibbs1863|hibben1889|shaw1909|gill1909|gill1887|long1909	no	A	Lice	Rice. Lik-pu'-hu, or Lik'-po, «. (Hale.) An elder sister | Rice		n	lk		
likpehu	1	gill1887	no	A	Lik-pe-hu	An elder sister			lkp	likpuhu	
likpho	1	gill1909	no	B	Lik'-p'ho	A girl			lkf		
likpubu	1	shaw1909	no	B	Lik-pu'-bu	a sister; an elder sister			lkpb		
likpuhu	1	hibben1889	no	A	Lik-pu-hu	An elder sister			lkp	likpehu	
lip lip	1	gibbs1863	no	A	Lip -lip	To boil. Mamook liplip, to make, or cause to boil		v	lplp	leplep|liplip	
liplip	4	hibben1889|shaw1909|gill1909|gill1887	no	A	Lip-lip|Lip'-lip	To boil. Mamook liplip, to make or cause to boil | To boil		v	lplp	leplep	
liver	1	shaw1909	no	B	Liver	A river		n	lvr		
lo pelitas	1	rudiments1924	yes	B	Lo pelita's				lplts	laplitas	
lobolob	0		no	C	Lobolob				lblb		unvalidated_candidates_in=demers1871
lokit	1	gill1909	no	A	Lok'-it	Four			lkt	laiket|laket|lakit|lekateta	
lokwiwa	0		no	C	LOkwiwa				lkw		unvalidated_candidates_in=demers1871
lolda wawa	1	rudiments1924	yes	B	Lo'lda Wa'wa				ldw		
lole	1	rudiments1898	yes	B	lole	A carry			l		
lolo	8	rudiments1924|practical1886|gibbs1863|hibben1889|shaw1909|gill1909|gill1887|long1909	yes	A	lo'lo|Lolo|Lo-lo|Lo'-lo|L6'-lo|L6-lo	to carry | Round; whole; the entire of any thing | To carry; to load | To carry; to load; to bear; bring; fetch; remove; transfer; convey; lucr; pack; renew | To carry; to load; to lead or take with one | Whole; round; all of anything		adj,v	l		
loloba	1	hibben1889	no	A	Lo-lo-ba	A ribbon			lb	lahb|leloba|olbyiu	
lolsh	1	demers1871	no	A	Lolsh	barley			ls		
lop	0		no	C	Lop				lp		unvalidated_candidates_in=demers1871
lope	6	practical1886|gibbs1863|shaw1909|gill1909|gill1887|long1909	yes	A	Lope	rope | A rope. Tenas lope, a cord; skin lope, a raw hide, riata, or thong | A rope. Tenas lope, - a cord | A rope		n	lp		
lowiillo	1	gill1887	no	A	Lo-wiil-lo	Round; whole			lwl	lowoolo|lowullo|olwli	
lowoolo	1	rudiments1924	yes	B	lowoolo				lwl	lowiillo|lowullo|olwli	
lowullo	2	hibben1889|gill1909	no	A	Lo-wul-lo|Lo-wul'-lo	Round; whole; the entire of anything | Round; entire; the whole of anything			lwl	lowiillo|lowoolo|olwli	
lstate	0		no	C	LS-tate'^				lst	hlalesta|lasote|lassiet|lassiett|lassseet|lest|lusst	unvalidated_candidates_in=gill1909
lukalisti	1	demers1871	no	B	Lukalisti				lklst	lekalisti	
lukutcbee	1	shaw1909	no	B	Luk'-ut-cbee	clams			lktkb		
lukutchee	4	gibbs1863|hibben1889|gill1909|long1909	no	A	Luk'-ut-chee|La-kwit-chee|Luk-ut-chee	(?) Clams. Used chiefly on Puget Sound | Clams. 0) | Clams. This word is applied only to the hardshell or little-neck clam | Clams		n	lkC		
lum	5	gibbs1863|hibben1889|gill1909|gill1887|long1909	no	A	Lum	Spirits of any sort | Rum, or any spirits | Rum; spirits of any kind | Rum. Luk-ut-chee, or 6-na | Rum; spirits		n	lm		
lune	0		no	C	lune				ln	elahan|hlahan	unvalidated_candidates_in=rudiments1924; kamloops_candidate_only
lusst	1	rudiments1924	yes	B	lusst				lst	hlalesta|lasote|lassiet|lassiett|lassseet|lest	
ma ma	1	shaw1909	no	B	Ma -ma	A mother; a mama		n	m		
mackeson	1	gill1909	no	B	Mac'-ke-son	The chin			mksn		
mah kook	1	gibbs1863	no	B	Mah kook	To buy or sell; trade or exchange; a bargain		v,n	mk		
mahkook	2	hibben1889|shaw1909	no	A	Mah-kook|Mah'kook	To buy or sell. © Kah mika mahkook okook ealipeen? where did you buy that rifle? Hyas mahkook, dear | To buy or sell; trade or exchange; a bargain; purchase		v,n	mk		
mahkvookhouse	1	hibben1889	no	B	Mah-kvook-house	A trading house or store. ©			mkvks		
mahle	1	gill1887	no	A	Mah-le	To forget. Also, ko-pet kum-tux			ml		
mahlee	1	gill1909	no	A	Mah'-lee	To forget			ml		
mahlie	2	hibben1889|shaw1909	no	A	Mah-lie	To forget. | | to forget			ml		
mahsh	3	gibbs1863|hibben1889|shaw1909	no	A	Mahsh	a. French, MARCHER. To leave; to turn out; to throw away; to part with; remove | To leave; to turn out; to throw away; to part with; remove | To leave; to turn out; to throw away; sell; acquit; banish; cast; dash; desert; dispatch; dismiss; distribute; detach; drop; apply; expel; to part with; remove; exterminate; extinguish; fling; forsake; get rid of; heave; hurl; lay down ...		v	ms	mahsie|mash|messee	
mahsie	3	gibbs1863|hibben1889|shaw1909	no	A	Mah-sie	Thank you | Thank you; thanks; thankful		v	ms	mahsh|mash|messee	
mahtlinnie	4	gibbs1863|hibben1889|shaw1909|gill1887	no	A	Maht-lin-nie|Maht'-lin-nie	Offshore. (In boating), keep off! (if on land), towards the water | ft shore | Off shore; out at sea | Off shore		adv	mLn	matline	
mahtlmnee	1	gill1909	no	B	Maht-lm'-nee	Off-shore; toward the water			mLmn		
mahtwiliee	1	gill1909	no	A	Maht-wil'-iee	In-shore; toward the land			mtwl	mahtwille|mahtwillie	
mahtwille	1	gill1887	no	A	Maht-wil-le	In shore; shoreward; keep in			mtwl	mahtwiliee|mahtwillie	
mahtwillie	3	gibbs1863|hibben1889|shaw1909	no	A	Maht-wil-lie|Mah'twil-lie	In shore; shoreioard. (As a command), keep in; (on land), towards the woods, or the interior | In shore; shoreward; keep in | In shore; shoreward		adv	mtwl	mahtwiliee|mahtwille	
maika	3	rudiments1898|practical1886|demers1871	yes	A	maika|Maika	G thou | thou laka, he, him | thee, thou, thy, ~ thine			mk		
maimee	1	gill1909	no	B	Mai'-mee	Down stream; with the tide			m		
maimi	0		no	C	Maimi				m		unvalidated_candidates_in=demers1871
makimak	1	rudiments1898	yes	A	makimak	to eat			mkmk	makmak|makmok|mokamok|muckamuck	
makmak	2	rudiments1924|practical1886	yes	A	mak'mak|Makmak	to eat			mkmk	makimak|makmok|mokamok|muckamuck	
makmok	1	rudiments1924	yes	B	makmok				mkmk	makimak|makmak|mokamok|muckamuck	
makook	1	practical1886	yes	A	Makook	to buy			mk		
makook house	1	practical1886	yes	B	Makook house	store			mks	hamooks|moamex|mox	
makuk	1	demers1871	no	A	Makuk	to sell, buy			mk		
mala	0		no	C	Mala				ml		unvalidated_candidates_in=practical1886; kamloops_candidate_only
malah	5	gibbs1863|hibben1889|shaw1909|gill1909|gill1887	no	A	Ma-lah	Tinware; crockery; earthenware | tin ware, earthenware, dishes		n	ml		
malakwa	2	gill1887|demers1871	no	A	Ma-lak-wa|Malakwa	A mosquito			mlkw	melakwa	
male	1	practical1886	yes	A	Mal-e	to get married			ml		
maliash	1	demers1871	no	B	Maliash	matrimony			mls	melass|melasses|melosses|memaloose|memeloos|memloos	
malieh	3	gibbs1863|hibben1889|shaw1909	no	A	Mal-i-eh	To marry | To marry; to get married; marriage; matrimony		v,n	ml		
malleh	2	gill1909|gill1887	no	A	Mal'-leh|Mal-leh	To marry			ml		
malllie	1	gibbs1863	no	A	Mall-lie	To forget. Of local use on Puget Sound		v	ml		
malteeny	1	gill1909	no	B	Mal-tee'-ny	Near at hand			mltn		
mama	4	gibbs1863|hibben1889|gill1887|demers1871	no	A	Ma'-ma|Ma-ma|Mama	A mother | naha, mother			m		
mammia	1	gill1909	no	B	Mam'-mia	Same as in English			m		
mamook	7	rudiments1924|rudiments1898|gibbs1863|hibben1889|shaw1909|gill1909|gill1887	yes	A	Mamook|ma'mook|Mam'-ook|Mam-ook|Mam'ook	a. Nootka, MAMUK. To make; to do; to work | 'To make; todo;to work | To make; to do; to work; labor; exertion; exercise; act; action; deed; work; enact; appoint; accomplish; make; manage; operate; practice; resolve; serve; use; toil; a job; task; achieve, the one word denoting action | To make; to work; to do; to use | To make; to do; to work; to use		v,n	mk		
mamook kansth	0		no	C	Mamook kanst'h				mknst		unvalidated_candidates_in=practical1886; kamloops_candidate_only
mamook kaw	1	practical1886	yes	B	Mamook kaw	to tie up			mkw		
mamook kikoole	1	practical1886	yes	B	Mamook kikoole	to lower			mkl		
mamook klahowyum	1	gill1887	no	A	Mam-ook kla-how-yum	To give alms			mkLwm		
mamook klatwa	1	practical1886	yes	B	Mamook klatwa	to send, to drive i' ol, to cook			mkLtw		
mamook komtax	1	practical1886	yes	B	Mamook komtax	to kiskis, to drive			mkmtks		
mamook memeloos	1	practical1886	yes	B	Mamook memeloos	to kill			mkmls		
mamook nanich pepa	0		no	C	Mamook Nanich pepa				mknCp		unvalidated_candidates_in=practical1886; kamloops_candidate_only
mamook noo	0		no	C	Mamook noo				mkn		unvalidated_candidates_in=practical1886; kamloops_candidate_only
mamook olo	1	practical1886	yes	B	Mamook olo	to fast " kla'lawitiam, to be merciful			mkl		
mamook pail	1	practical1886	yes	B	Mamook pail	to fill up			mkpl		
mamook paint	1	practical1886	yes	B	Mamook paint	to paint			mkpnt		
mamook pepa	0		no	C	Mamook pepa				mkp		unvalidated_candidates_in=practical1886; kamloops_candidate_only
mamook sathale	0		no	C	Mamook sathale				mkstl		unvalidated_candidates_in=practical1886; kamloops_candidate_only
mamook tamanoaz	0		no	C	Mamook tamanoaz				mktmnz		unvalidated_candidates_in=practical1886; kamloops_candidate_only
mamook tintin	1	practical1886	yes	B	Mamook tintin	to ring a bell			mktntn		
mamook tloos	1	practical1886	yes	B	Mamook tloos	to fix, to do good whip, towhip y warn, to., warm up			mkLs		
mamuk	1	demers1871	no	A	Mamuk	to work, make, do			mk		
mamuk itlokom	1	demers1871	no	B	Mamuk itlokom	to gamble			mkLkm		
man	5	practical1886|gibbs1863|hibben1889|shaw1909|gill1909	yes	A	Man	man | A man; the male of any animal | A man; the male of any animal; a husband | Man. Also the male of any animal, as		n	mn	moon|myeena	
man moosmoos	1	practical1886	yes	B	Man - moosmoos				mnmsms		
man mowich	1	gill1887	no	A	Man mow-ich	A stag			mnmwC		
mankiootan	0		no	C	Man-kiootan				mnktn		unvalidated_candidates_in=practical1886; kamloops_candidate_only
marie	0		no	C	marie				mr		unvalidated_candidates_in=rudiments1898; kamloops_candidate_only
marko	1	rudiments1924	yes	A	Marko	lo buy			mrk	markook	
markook	2	gill1909|gill1887	no	A	Mar'kook|Mar-kook	To buy; to sell; trade; swap; ex¬ change; bargain | To buy or sell			mrk	marko	
markook house	1	gill1887	no	A	Mar-kook house	Store			mrks		
marsh	2	gill1909|gill1887	no	A	Marsh	To leave; remove; throw away; turn out | To leave; to turn out; to throw away; to part with; to remove			mrs		
masache	1	demers1871	no	A	Masache	evil, sin			msC	masatchi|massach|mesahche|mesahchee|mesahchie	
masatchi	1	rudiments1898	yes	A	masatchi	bad			msC	masache|massach|mesahche|mesahchee|mesahchie	
mash	4	rudiments1924|rudiments1898|practical1886|demers1871	yes	A	mash|Mash	away | throw away | to throw | lost, away | to lose, thfow away, give up, abandon, forgive, sell			ms	mahsh|mahsie|messee	
massach	1	practical1886	yes	A	Massach	bad			msC	masache|masatchi|mesahche|mesahchee|mesahchie	
matab	0		no	C	Matab				mtb		unvalidated_candidates_in=demers1871
matline	1	demers1871	no	A	Matline	towards the shore, ae downon the other side: a: Malwhole kopa saia, anny on the other side			mLn	mahtlinnie	
mawich	2	rudiments1924|practical1886	yes	A	ma'wich|mawich|Mawich	deer | deer LY			mwC	mowich	
mawvk	0		no	C	mawvk				mwvk		unvalidated_candidates_in=rudiments1924; kamloops_candidate_only
mel ass	1	gibbs1863	no	B	Mel -ass	Molasses			mls	maliash|melass|melasses|melosses|memaloose|memeloos|memloos	
melakwa	5	rudiments1924|gibbs1863|hibben1889|shaw1909|gill1909	yes	A	melakwa|Mel-a-kwa|Mal-a-kwa|Mel'-a-kwa	(Ander son.) A mosquito | A mosquito		n	mlkw	malakwa	
melass	4	hibben1889|shaw1909|gill1909|gill1887	no	A	Mel-ass|Mel'-ass|Me-lass	Molasses | Molasses. ("Not much used, as silup (syrup) has largely taken its place." - Eells.) | Molasses. Mem'-a-loose, or mim-a-loost (These are used equally without preference)		n	mls	maliash|melasses|melosses|memaloose|memeloos|memloos	
melasses	1	practical1886	yes	B	Melasses				mls	maliash|melass|melosses|memaloose|memeloos|memloos	
melosses	1	rudiments1924	yes	A	melosses	molasses			mls	maliash|melass|melasses|memaloose|memeloos|memloos	
memaloose	1	gill1887	no	A	Mem-a-loose	To die; dead. Mam-ook mem-a-loose; To kill			mls	maliash|melass|melasses|melosses|memeloos|memloos	
memaloost	3	gibbs1863|hibben1889|shaw1909	no	A	Mem'-a-loost|Mem-a-loost|Mim'-a-loos	part. Chinook, MEMALUST. To die; dead | 'To die;dead. _Mamook memaloost, to kill | To die; dead; to expire; decay; become rotten		v,n,adj	mlst	memelust|memlust	
memeloos	1	practical1886	yes	A	Memeloos	dead			mls	maliash|melass|melasses|melosses|memaloose|memloos	
memelust	1	demers1871	no	A	Memelust	dead, corpse | to die			mlst	memaloost|memlust	
memloos	2	rudiments1924|rudiments1898	yes	A	memloos	SU dead			mls	maliash|melass|melasses|melosses|memaloose|memeloos	
memlust	1	demers1871	no	A	Memlust	dead, thrown dry			mlst	memaloost|memelust	
meosom	1	rudiments1924	yes	B	Meo'som				msm	moossoom|moosum|musom	
mesahche	1	gill1887	no	A	Me-sah-che	Bad; wicked			msC	masache|masatchi|massach|mesahchee|mesahchie	
mesahche tamahnawis	1	gill1887	no	A	Me-sah-che ta-mah-na-wis	Witchcraft; evil spirits			msCtmnws		
mesahchee	1	gill1909	no	A	Me-sah'-chee	Wicked; bad; cruel; vicious			msC	masache|masatchi|massach|mesahche|mesahchie	
mesahchie	3	gibbs1863|hibben1889|shaw1909	no	A	Me-sah-chie	Bad; wicked | Bad; wicked; evil; vile; sin; bitter; cruel; depravity; dissolute; dung"; filthv; immodest; nasty; obscene; vice; insolence; unworthy; unruly; iniquity; unrighteous; naughty		adj,n	msC	masache|masatchi|massach|mesahche|mesahchee	
mesika	4	gibbs1863|hibben1889|shaw1909|gill1887	no	A	Me-si'-ka|Me-si-ka	You; your; yours | "The second person, plural number in all cases." You; your; yours		pron	msk	msaika|msecika	
messee	1	gill1887	no	A	Mes-see	Thank you			ms	mahsh|mahsie|mash	
meten	1	gill1909	no	B	Met'-en	Very bad. Mika (singular pronoun)			mtn		
mika	4	gibbs1863|hibben1889|shaw1909|gill1887	no	A	Mi'-ka|Mika|Mi'ka|Mi-ka	Thou; thy; thine | Thou; thy: thine | You; your; yours; thee; thou; thy; thine		pron	mk		
mika wawa	1	rudiments1924	yes	B	Mika wawa				mkw		
millait	0		no	C	millait				mlt		unvalidated_candidates_in=rudiments1898; kamloops_candidate_only
mimee	1	gill1887	no	B	Mi-mee	Down stream. Mist'-chi-mas, (or E-H-te.) A slave			m		
mimie	3	gibbs1863|hibben1889|shaw1909	no	A	Mi'-mie|Mi-mie	Down, stream | Down stream		adv	m		
mischimas	1	gill1909	no	A	Mis'-chi-mas	A slave. See Elite			msCms	mistchimas	
mistcbimas	0		no	C	Mist-cbi'-mas				mstkbms		unvalidated_candidates_in=shaw1909
mistchimas	2	gibbs1863|hibben1889	no	A	Mist-chi'-mas|Mist-chi-mas	Dr. Scouler gives this word as Nootka and Columbian | A slave		n	msCms	mischimas	
misteli	2	rudiments1924|practical1886	yes	B	Misteli	Mystery, se el			mstl		
mitass	2	gibbs1863|hibben1889	no	A	Mit-ass	A word im ported by the Canadian French | Leggings. |		n	mts	mittass	
mitlait	2	rudiments1924|demers1871	yes	A	mitlait|Mitlait	to be, have; put, be sitting, remain			mLt	mitlite|mitluit	
mitlite	5	gibbs1863|hibben1889|shaw1909|gill1909|gill1887	no	A	Mit'-lite|Mit-lite|MIt'-lIte	To nit; xtt, down; stay at; resilie; remain | To sit; sit down; stay at; reside; remain | To sit; sit down; stay at; reside; remain; have; inhabit; abide; dwell; exist; dwell; be present; recline; keep; linger; lodge; possess; reside; roost; wait | To stay; reside; camp; remain; to sit; to set down; to stay with | To sit down; stay; reside; remain		v	mLt	mitlait|mitluit	
mitluit	1	practical1886	yes	A	Mitluit	to stay			mLt	mitlait|mitlite	
mitoohtt	1	practical1886	yes	B	Mitoohtt	to stand			mt	ahmoteh|amota|amote|mitooit	
mitooit	1	rudiments1898	yes	B	mit'ooit				mt	ahmoteh|amota|amote|mitoohtt	
mittass	1	gill1887	no	A	Mit-tass	Leggings			mts	mitass	
mitwhit	4	gibbs1863|hibben1889|shaw1909|demers1871	no	A	Mit'-whit|Mit-whit|Mitwhit	To stand; stand up | To stand; stand up; mitwhit stick, a standing tree; a mast | To stand; stand up; rise; be erect | alive, standing		v	mtwt	mitwit	
mitwit	2	gill1909|gill1887	no	A	Mit'-wit|Mit-wit	To stand; to arise; erect | To stand; to get up			mtwt	mitwhit	
moamex	1	rudiments1924	yes	B	moamex				mks	hamooks|mox	
mokamok	1	demers1871	no	A	Mokamok	to eat			mkmk	makimak|makmak|makmok|muckamuck	
mokst	5	rudiments1924|practical1886|gibbs1863|hibben1889|demers1871	yes	A	mokst|Mokst	two | Tivo; twice | Twice		adj	mkst	moxt	
mokst son	1	practical1886	yes	B	Mokst son				mkszn		
mola	1	rudiments1924	yes	B	mola	mule			ml		
mold	0		no	C	mold				mld		unvalidated_candidates_in=rudiments1924; kamloops_candidate_only
molok	1	rudiments1924	yes	B	molok				mlk	moolack|moolock|moolok|mulak	
mom	0		no	C	mom				m		unvalidated_candidates_in=rudiments1924; kamloops_candidate_only
moo lock	1	shaw1909	no	B	Moo '-lock	an elk			mlk	molok|moolack|moolock|moolok|mulak	
moola	6	practical1886|gibbs1863|hibben1889|shaw1909|gill1909|gill1887	yes	A	Moola|Moo'-la|Moo-la|Moo'la	mule | A mill. Stick moola, a saw-mill | A mill; a manufactory | Mill | A mill		n	ml		
moolack	1	shaw1909	no	A	Moo'-lack	An elk. (This word, strangely enough, occurs also in the Koquilth of Humbolt Bav.) The word is obsolete now		n	mlk	molok|moolock|moolok|mulak	
moolock	3	gibbs1863|hibben1889|gill1887	no	A	Moo'-lock|Moo-lock	An elk. This word, strangely* enough, occurs also in the Koquilth of Humboldt Bay | An elk		n	mlk	molok|moolack|moolok|mulak	
moolok	1	gill1909	no	A	Moo'-lok	An elk. Moon (O. C., Oot'-lum)			mlk	molok|moolack|moolock|mulak	
moon	6	rudiments1924|practical1886|gibbs1863|hibben1889|shaw1909|gill1887	yes	A	moon|Moon	Moon | The moon. Ikt moon, a month; sick moon, the wane or old moon | The moon. Ikt moon; a month | The moon | The moon. Ikt moon; one month		n	mn	man|myeena	
moosmoos	5	gibbs1863|hibben1889|shaw1909|gill1909|gill1887	no	A	Moos'-moos|Moos-moos	Buffalo, horned cattle | Buffalo; horned cattle | Buffalo; horned cattle; beef | Cattle; buffalo		v,n	msms	moosmos	
moosmoos house	1	practical1886	yes	B	Moosmoos house				msms	moosmoos|moosmos	
moosmos	1	practical1886	yes	A	Moosmos	beet | cattle			msms	moosmoos	
moossoom	1	practical1886	yes	A	Moossoom	sleep Mamook bloom tosweep			msm	meosom|moosum|musom	
moosum	4	hibben1889|shaw1909|gill1909|gill1887	no	A	Moo-sum|Moo'-sum	To sleep; sleep | To sleep; sleep; asleep; slumber | Sleep		v,n	msm	meosom|moossoom|musom	
mosket	2	practical1886|demers1871	yes	A	Mosket	gun			mskt	musket	
mour	0		no	C	mour				mr		unvalidated_candidates_in=demers1871
mowich	4	rudiments1898|gill1909|gill1887|demers1871	yes	A	mowich|Mow'-ich|Mow-ich|Mowich	deer | A deer; venison | A deer | 'deer			mwC	mawich	
mowitsh	1	hibben1889	no	B	Mow-itsh	A deer; venison			mwz		
mox	1	gill1887	no	B	Mox	Two, or twice			mks	hamooks|moamex	
moxt	2	rudiments1924|gill1909	yes	A	moxt|Moxt	Two; twice			mkst	mokst	
moxt som	1	rudiments1924	yes	B	moxt som				mkszm		
moxt tatitan	1	practical1886	yes	B	Moxt tatitan	twenty			mkstn		
msaika	2	rudiments1924|demers1871	yes	A	msaika|Msaika	You | you, your, yours			msk	mesika|msecika	
msecika	1	rudiments1924	yes	B	MSecika				msk	mesika|msaika	
mtickamuck	1	gill1909	no	B	Mtick'-a-muck	Food; to eat; to drink			mtkmk		
muckamuck	4	gibbs1863|hibben1889|shaw1909|gill1887	no	A	Muck-a-muck	To eat; to bite; food | 'To eat; to bite; food | To eat; bite; food; imbibe; lunch; chew; browse; devour; suck food; nutrition; wienie; subsistence: ailment; diet; feast | Food; to bite; to eat		n,v	mkmk	makimak|makmak|makmok|mokamok	
muckamuck chuck	1	gill1887	no	A	Muck-a-muck chuck	To drink water			mkmkCk		
mula	1	demers1871	no	A	Mula	mill, machine			ml		
mulak	1	demers1871	no	A	Mulak	elk, moose			mlk	molok|moolack|moolock|moolok	
mulak man	1	demers1871	no	B	Mulak man				mlkmn		
mulet	0		no	C	mulet				mlt		unvalidated_candidates_in=rudiments1898; kamloops_candidate_only
musket	5	gibbs1863|hibben1889|shaw1909|gill1909|gill1887	no	A	Mus'-ket|Musket	A gun or musket | A musket; a gun | A gun; a musket		n	mskt	mosket	
musom	1	demers1871	no	A	Musom	to sleep			msm	meosom|moossoom|moosum	
myeena	1	gill1909	no	A	My-ee'-na	To sing; a song. (Old Chinook.)			mn	man|moon	
na	4	hibben1889|gill1909|gill1887|demers1871	no	A	Na	Theinterrogative particle | An interrogatory interjection | An interrogatory syllable | say, listen, here			n		
na ah	1	gibbs1863	no	B	Na ah	A mother. (Hale.) Peculiar to the Columbia, and now in fact obsolete, the English MA'MA being used instead		n	n		
nah	4	hibben1889|shaw1909|gill1909|gill1887	no	A	Nah	Look here! I say! Nah sikhs! halloo, friend | look here! Nanich, to see; look | Look here! I say! | Halloa! Look here! Nah, six! Halloa, friend			n		
naha	1	shaw1909	no	B	Na'-ha|Na-ah|Na-ha|Na-ab	A mother, (Hale.) Peculiar to the Columbia, and now in fact obsolete, the English 'mama' being used instead."- Gibbs | a mother		n	n		
nain	0		no	C	Nain				n		unvalidated_candidates_in=practical1886; kamloops_candidate_only
nam	0		no	C	nam				nm	nem	unvalidated_candidates_in=rudiments1924; kamloops_candidate_only
nanamuks	1	demers1871	no	B	Nanamuks	Glin:: phen table, name, |			nmks	nenamooks	
nanich	4	rudiments1924|practical1886|gill1909|gill1887	yes	A	nanich|Nanich|Nan'-Ich|Nan-ich	to look | To look; see; search			nC		
nanitsh	3	gibbs1863|hibben1889|shaw1909	no	A	Nan'-itsh|Nan-itsh|Nan-ich	Quaere u. d. To see; look; look for; seek | 'To see; look; look for; seek | To see; look; look for; seek; observe; glance; view; perceive; behold; listen; look here		v	nz	nauits	
nauits	5	gibbs1863|hibben1889|shaw1909|gill1909|gill1887	no	A	Nau'-its|Nau-its	Mr. Hale gives this for off shore; on the stream | The sea beach | off shore; on the stream, Hale. The sea-beach. - Anderson | The sea beach; off-shore		adv	nz	nanitsh	
nawilikea	1	rudiments1924	yes	B	nawilikea	yes			nwlk		
nawitika	1	practical1886	yes	A	Nawitika	yes			nwtk	nawitka	
nawitka	6	rudiments1898|gibbs1863|hibben1889|shaw1909|gill1909|gill1887	yes	A	nawitka|Na-wit'-ka|Na-wit-ka	yes | Yes; certainly; yes indeed; to be sure | Klikatat and Yakama,-N'witka.) Yes; certainlv; yes, indeed; to be sure; aye; assure Sly; indeed | Yes; indeed; certainly | Yes; certainly; indeed		adv	nwtk	nawitika	
ne sika	1	gibbs1863	no	B	Ne si'-ka	We; us; our			nsk	nesika|nsaika	
necktie	1	practical1886	yes	B	Neck-tie	neck-tre			nkt	ahncutty|ahnkutte|ahnkuttie|ahnkutty|ankate	
nem	4	gibbs1863|hibben1889|shaw1909|gill1887	no	A	Nem	A name. Mamook nem, to name, or call by name. * | A name. Mamovok nem, to name or call by name | A name		n	nm		
nenamooks	6	rudiments1924|gibbs1863|hibben1889|shaw1909|gill1909|gill1887	yes	A	nenamooks|Ne-nam-ooks|Ne-nam'-ooks	land otter | The land otter		n	nmks	nanamuks	
nesika	3	hibben1889|shaw1909|gill1887	no	A	Ne-si-ka|Ne-si'-ka	We; us; our | We; us; ours		pron	nsk	nsaika	
newah	1	gill1887	no	A	Ne-wah	Hither; come or bring it to me			nw	newhah	
newhah	3	gibbs1863|hibben1889|gill1909	no	A	Ne'-whah|Ne-whah	It seems to be an adverb used, as is often the case, as a verb, the meaning being hither, come, or bring it hither | Hither; come, or bring it hither | Here, come here! Bring it here!			nw	newah	
nibwa	0		no	C	Nibwa				nbw		unvalidated_candidates_in=demers1871
nigga	1	gill1909	no	B	Nig'-ga	Negro			ng		
nika	5	gibbs1863|hibben1889|shaw1909|gill1909|gill1887	no	A	Ni'-ka|Ni-ka	/; me; my; mine | I; me; my; mine | I; me; mine; my | I, my, mine, me		pron	nk		
nitz	1	gill1887	no	B	Nitz	Grandmother			ntz		
nocae itlokom	1	practical1886	yes	B	Nocae itlokom	to gamble -" krell, to harden			nkLkm		
nose	6	practical1886|gibbs1863|hibben1889|shaw1909|gill1909|gill1887	yes	A	Nose	nose | The nose; also, a promontory | The nose: also, a promontory | "(Buck-sid (Indian, -Common.) Bock-s'd." - Buchanan | The nose; cape or headland; bow of a boat | The nose; cape; headland; the bow of a boat		n	ns	eens	
nowich	1	gill1909	no	B	Now'-ich	Island. (O. C.)			nwC		
nsaika	4	rudiments1924|rudiments1898|practical1886|demers1871	yes	A	nsaika|Nsaika	we us | we, us - Msaika, you | us, we, our, ours			nsk	nesika	
ocoke	1	gill1887	no	B	O-coke	This; that; it			k		
ofo	0		no	C	ofo				f		unvalidated_candidates_in=rudiments1924; kamloops_candidate_only
oghuway	1	gill1909	no	B	Og-hu-way	Much			w		
oibot	0		no	C	Oibot				bt	bit|boat	unvalidated_candidates_in=demers1871
oihat	0		no	C	oihat|Oihat				t		unvalidated_candidates_in=rudiments1924/rudiments1898; kamloops_candidate_only
okale	0		no	C	Okale				kl		unvalidated_candidates_in=demers1871
okchock	2	gill1909|gill1887	no	A	Ok-chock	Shoulders | The shoulders			kCk		
oke	1	gill1909	no	B	Oke	To cry			k		
okoke	3	gibbs1863|shaw1909|gill1909	no	A	O'-koke|O'-kook	This; that; it | This; that; it; these; those; (differentiate by pointing)		pron	k		
okook	2	rudiments1924|hibben1889	yes	A	okook|O-kook	This; that; it			k		
okuk	0		no	C	Okuk				k		unvalidated_candidates_in=demers1871
okuk towab	0		no	C	Okuk towab				ktwb		unvalidated_candidates_in=demers1871
okuste	1	gill1887	no	A	O-kus-te	Daughter			kst	ext|kakshet|kokshut|koushet|okustee	
okustee	1	gill1909	no	A	O-kus-tee	A daughter			kst	ext|kakshet|kokshut|koushet|okuste	
olali	0		no	C	olali|Olali				l		unvalidated_candidates_in=rudiments1898/practical1886; kamloops_candidate_only
olali stick	0		no	C	Olali stick				lstk		unvalidated_candidates_in=practical1886; kamloops_candidate_only
olallie	1	shaw1909	no	B	O'-lal-lie|O'-lil-lie	Originally the salmon berry		n	l		
olapitakl	1	shaw1909	no	B	O'-la-pita-kl	fire			lptL		
olapitske	1	gill1887	no	A	O-la-pits-ke	Fire			lpzk	olapitskee|olapitski	
olapitskee	1	gill1909	no	A	O'-la-pits'-kee	Fire			lpzk	olapitske|olapitski	
olapitski	2	gibbs1863|hibben1889	no	A	O'-la-pits-ki|O-la-pits-ki	Not prop erly a Jargon word | Fire O-le-man, Old man: old; worn out		n	lpzk	olapitske|olapitskee	
olbyiu	1	shaw1909	no	B	Ol'-by-iu	a seal			lb	lahb|leloba|loloba	
olebaio	0		no	C	Olebaio				lb	lahb|leloba|loloba|olbyiu	unvalidated_candidates_in=demers1871
oleman	6	gibbs1863|shaw1909|gill1909|gill1887|demers1871|long1909	no	A	O'-le-man|Oleman	An old man; old; worn out | An old man; old; worn out; stale | Old; an old man; worn out | Old man; old; worn out | old, worn out | Old man; worn out		n,adj	lmn	heloman|lamimen|olman	
olhiyu	1	gill1909	no	B	Ol'-hi-yu	The common seal			l		
olhyiu	4	gibbs1863|hibben1889|gill1887|long1909	no	A	Ol'-hy-iu|Ol-hy-iu	A seal		n	l		
olillee	1	gill1909	no	B	O'-lil-lee	Berries			l		
olillie	2	gibbs1863|hibben1889	no	A	O'-lil-lie|O'-lal-lie|O.-lil-lie	Belbella, idem. (Tolmie.) Originally the salmon berry | Berries. Shot olillie huckleberries		n	l		
olillies	1	gill1887	no	B	O'-lil-lies	Berries. Shot 6-lil-lies; huckleberries			ls		
olishinel	0		no	C	Olishinel				lsnl		unvalidated_candidates_in=demers1871
olman	2	practical1886|demers1871	yes	A	Olman	old man			lmn	heloman|lamimen|oleman	
olman cloochemin	0		no	C	Olman cloochemin				lmnklCmn		unvalidated_candidates_in=practical1886; kamloops_candidate_only
olo	6	rudiments1924|practical1886|gibbs1863|hibben1889|shaw1909|gill1887	yes	A	olo|Olo|O'-lo|O-lo	hungry | Hungry. Olo chuck, thirsty; olo moosum, sleepy | Hungry. O-lo chuck: thirsty		adj	l		
olochok	0		no	C	Olo.chok				lCk		unvalidated_candidates_in=practical1886; kamloops_candidate_only
olocl	1	rudiments1924	yes	B	olocl				lkl	lacloa|lacloah|lecaille|lecloo	
olok	1	demers1871	no	A	Olok	oleka, snake			lk		
oluk	5	gibbs1863|hibben1889|shaw1909|gill1909|gill1887	no	A	O'-luk|O-luk	A snake | Asnake | A snake; a reptile		n	lk		
olwli	1	rudiments1924	yes	B	olwli				lwl	lowiillo|lowoolo|lowullo	
oly	1	gibbs1863	no	B	Oly	To cry		v	l		
ona	4	gibbs1863|shaw1909|gill1909|gill1887	no	A	O'-na|Ona	The razor fish or solen; clams | razor fish or solen; clams | Clam; clams. This word specially applied to | Clam; clams		n	n		
onekwan	1	gill1909	no	B	One'-kwan	Basket; tin kettle; can			nkwn		
ooakut	1	shaw1909	no	B	Oo'-a-kut|Wayhut	A road; path; trail; way; highway; lane		n	kt	ikt|ikta|iktah|kahta|kata|kot	
ookook	0		no	C	Ookook				k		unvalidated_candidates_in=practical1886; kamloops_candidate_only
ookook son	0		no	C	Ookook son				ksn		unvalidated_candidates_in=practical1886; kamloops_candidate_only
oolchus	2	gill1909|gill1887	no	A	Ool'-chus	Herring; herrings | The herring			lCs		
oopoots	1	practical1886	yes	A	Oopoots	small of the back			pz	opitsah|opoots|oputs	
ooskan	6	gibbs1863|hibben1889|shaw1909|gill1909|gill1887|long1909	no	A	Oos'-kan|Oos-kan	A cup; a bowl | <A cup; a bowl | Bowl; cup | A cup, or bowl		n	skn	oskan|skin	
ootlum	1	gill1909	no	B	Oot'-lum	The moon; a month			Lm	itlam|klemahum	
opa	0		no	C	Opa				p		unvalidated_candidates_in=demers1871
opekenar	0		no	C	Opekenar				pknr		unvalidated_candidates_in=practical1886; kamloops_candidate_only
opekwan	4	gibbs1863|hibben1889|shaw1909|gill1887	no	A	O'-pe-kwan|O-pe-kwan|O-pek'-wan	A basket; tin kettle | basket; can; tin kettle | A basket; a can		n	pkwn		
openpen	0		no	C	Openpen				pnpn		unvalidated_candidates_in=demers1871
opitkegh	1	gill1887	no	A	O-pit-kegh	A bow			ptk	opitkeh	
opitkeh	1	gill1909	no	A	O-pit'-keh	A bow for arrow shooting			ptk	opitkegh	
opitlkegh	1	gibbs1863	no	B	O'-pitl-kegh	A bow		n	pLk	opitlkeh	
opitlkegrb	1	shaw1909	no	B	O'-pitl-kegrb	bow			pLkgrb		
opitlkeh	1	rudiments1924	yes	B	opitlkeh				pLk	opitlkegh	
opitsab	1	shaw1909	no	B	O'-pit-sab	knife, razor, sword			pzb	petsib	
opitsah	3	gibbs1863|gill1909|gill1887	no	A	O'-pit-sah|O-pit'-sah	A knife. Opitsah yakka sikhs (the knife's friend), a fork | A knife. The table fork is sometimes called | A knife		n	pz	oopoots|opoots|oputs	
opitsahsix	1	gill1887	no	B	O'-pit-sah-six	A table fork, (companion to the knife.)			pzsks		
opooch	1	gill1909	no	B	O-pooch	Tail; posterior; stern of a vessel or boat			pC	pche|pchih|pechugh|pichah	
opoots	4	gibbs1863|shaw1909|gill1887|long1909	no	A	O'-poots|O'-pOOtsh|O'pootsh|O-poots	The posterior; the fundament; the tail of an animal | The fundament; the posterior; the tail of an animal; anus; end; rectum; stern; back; backside | The posterior; tail of an animal; the rudder of a boat | Tail of animal; the posterior		n	pz	oopoots|opitsah|oputs	
opootssill	1	gill1887	no	B	O-poots-sill	A breech-clout			pzsl		
oputs	1	demers1871	no	A	Oputs	end, tail; rudder, a-,: OFT Lass backside			pz	oopoots|opitsah|opoots	
oquackakull	1	gill1887	no	A	O-quack-a-kull	A wife			kwkl	oqukakull	
oquahtum	2	gill1909|gill1887	no	A	O-quah'-tum|O-quah-tum	Sister			kwtm	kwatim	
oquanax	2	gill1909|gill1887	no	A	O-quan'-ax|O-quan-ax|le-koo	The neck			kwnks		
oqukakull	1	gill1909	no	A	O-quk'-a-kull	A wife; woman; sweetheart			kwkl	oquackakull	
oskan	1	demers1871	no	B	Oskan	uskan, dish, cops é pp			skn	ooskan|skin	
otelagh	4	gibbs1863|hibben1889|shaw1909|long1909	no	A	Ote-lagh|Ote-lag-h	The sun. Not prop erly a Jargon word | The sun | the sun. Pchib, orPlt-cbib, (?), Thin, as of a board		n	tl	tel|til|till|tolo	
otetagh	1	gill1887	no	B	O'-te-tagh	The sun			t		
othe	0		no	C	othe				t		unvalidated_candidates_in=rudiments1924; kamloops_candidate_only
othol	0		no	C	O'thol				tl	otelagh|tel|til|till|tolo	unvalidated_candidates_in=rudiments1924; kamloops_candidate_only
otlah	1	gill1909	no	B	O'-tlah	The sun			L		
otsatsach	2	gill1909|gill1887	no	A	Ots-ats-ach|or|le-doh	Teeth | The teeth			zC		
our	0		no	C	our				r		unvalidated_candidates_in=rudiments1898; kamloops_candidate_only
ouwucheh	1	gill1887	no	A	Ou-wu-cheh	A swan. IE3			wC	owwoochee	
ow	6	rudiments1924|rudiments1898|hibben1889|shaw1909|gill1909|long1909	yes	A	ow|Ow	A brother younger than'the speaker Pp ~~ Pahtl Full | A brother younger than the speaker | Brother, younger than the person speaking | A younger brother		n	w		
owwoochee	1	gill1909	no	A	Ow-woo'-chee	Swan			wC	ouwucheh	
ox	0		no	C	Ox				ks		unvalidated_candidates_in=demers1871
pahkisilth	1	gill1887	no	B	Pah-kis-ilth	Sharp			pkslt		
pahseooks	1	gill1887	no	A	Pah-se-ooks	A Frenchman			psks	pasaiuks|paseeooks|pasiooks|passaiooks|passayoox	
pahtl	4	gibbs1863|shaw1909|gill1909|gill1887	no	A	Pahtl|Paht'l	Full. 1'ahtl him or paht-luin, drunk; pahtl chuck, wetpahtl illahic, dirty; inamook pahtl, to Jill | Full | Full. Pahtl lum; drunk		adj	pL	patl|patle	
paia stick	0		no	C	Paia stick				pstk		unvalidated_candidates_in=practical1886; kamloops_candidate_only
paint	2	rudiments1924|practical1886	yes	A	paint|Paint	paint			pnt	peint|pent|punt	
pait	0		no	C	Pait				pt	pat|pati	unvalidated_candidates_in=practical1886; kamloops_candidate_only
pala	0		no	C	pala				pl		unvalidated_candidates_in=rudiments1898; kamloops_candidate_only
pamas	1	gill1909	no	B	Pa-mas	Cold			pms		
papa	8	rudiments1924|practical1886|gibbs1863|hibben1889|shaw1909|gill1909|gill1887|long1909	yes	A	pa'pa|Papa|Pa-pa	father | A father | Same as in English		n	p		
papah	2	gill1909|gill1887	no	A	Pa'-pah|Pa-pah	Paper; a letter or any writing | Paper			p		
papoos	0		no	C	papoos				ps	paseesee|paseesie|pasese|pasisse|passissi|pish|pos	unvalidated_candidates_in=rudiments1898; kamloops_candidate_only
pasaiuks	1	demers1871	no	A	Pasaiuks	French			psks	pahseooks|paseeooks|pasiooks|passaiooks|passayoox	
paseeooks	1	gill1909	no	A	Pa-see'-ooks	French or Canadian French			psks	pahseooks|pasaiuks|pasiooks|passaiooks|passayoox	
paseesee	1	gill1909	no	A	Pa-see'-see	Blanket; woolen cloth			ps	paseesie|pasese|pasisse|passissi|pish|pos	
paseesie	3	gibbs1863|hibben1889|long1909	no	A	Pa'see-sie|Pa-see-sie|Pa'-see-sie	A blanket; woollen cloth | A blanket; woolen cloth Pa-si ooks | A blanket; soft woolen cloth		n	ps	paseesee|pasese|pasisse|passissi|pish|pos	
pasese	1	gill1887	no	A	Pa-se-se	A blanket; woolen cloth			ps	paseesee|paseesie|pasisse|passissi|pish|pos	
pasiooks	2	gibbs1863|long1909	no	A	Pa-si'-ooks	Mr. Hale supposed this to be a corruption of the French word Franfais		n,adj	psks	pahseooks|pasaiuks|paseeooks|passaiooks|passayoox	
pasisse	1	demers1871	no	A	Pasisse	blanket, woolen Qs abate; high, 'Tne: ven, sky			ps	paseesee|paseesie|pasese|passissi|pish|pos	
paska	1	rudiments1924	yes	B	Paska				psk	peshak|pishak|pusk	
passaiooks	1	practical1886	yes	A	Passaiooks	Frenchman. a			psks	pahseooks|pasaiuks|paseeooks|pasiooks|passayoox	
passayoox	1	rudiments1924	yes	A	Passayoox	Frenchman			psks	pahseooks|pasaiuks|paseeooks|pasiooks|passaiooks	
passissi	1	practical1886	yes	A	Passissi	blanket			ps	paseesee|paseesie|pasese|pasisse|pish|pos	
paston	1	demers1871	no	B	Paston	American			pstn		
pat	1	rudiments1898	yes	B	pat	full ee			pt	pati	
patate	0		no	C	patate				pt	pat|pati	unvalidated_candidates_in=rudiments1898; kamloops_candidate_only
pati	1	demers1871	no	B	Pati				pt	pat	
patl	1	rudiments1924	yes	A	patl				pL	pahtl|patle	
patlach	2	rudiments1924|rudiments1898	yes	A	patlach	give			pLC	patloch|potlatch	
patlash	0		no	C	Patlash				pLs		unvalidated_candidates_in=practical1886; kamloops_candidate_only
patle	1	practical1886	yes	A	Patle	full			pL	pahtl|patl	
patloch	1	rudiments1924	yes	A	patloch	lo give			pLC	patlach|potlatch	
patsuk	2	gill1909|gill1887	no	A	Pat'suk|Pat-suk	Between			pzk		
pawitch	1	rudiments1924	yes	B	pawitch				pwC	powich	
pche	1	gill1909	no	A	P'che	Thin, flat, like a board. (Little used now)			pC	opooch|pchih|pechugh|pichah	
pchih	1	gibbs1863	no	A	Pchih|Pit-chih	Quaere u. d. Thin in dimension, as of a board. (Shaw.) Not in common use		adj	pC	opooch|pche|pechugh|pichah	
pe	1	shaw1909	no	B	Pe|Pee	And; but; Eells says and and out are its only meanings		conj	p		
pe htem	1	rudiments1924	yes	B	pe h'tem				ptm		
pechugh	4	gibbs1863|hibben1889|gill1887|long1909	no	A	Pe-chugh|Pec-hug-h	Green | Green. Pee. Then; besides; ard; or; but		adj	pC	opooch|pche|pchih|pichah	
pechuk	1	gill1909	no	B	Pe-chuk	Green in color			pCk		
pee	3	gibbs1863|gill1909|gill1887	no	A	Pee	(Anderson.) Then; besides; and; or; but | And, then, beside | Then; besides; and, or but			p		
peeweghf	1	gill1887	no	B	Pee-weghf	And also; beside; which			pwf		
pehih	1	hibben1889	no	B	Pehih|Pit-chih	Thin in dimensions			p		
pehpah	3	gibbs1863|hibben1889|long1909	no	A	Peh'-pah|Peh-pah	Paper; a letter; any writiny | Paper; a letter; any writing | Paper; letter; writing		n	p		
pehpan	1	shaw1909	no	B	Peh'-pan|Fapah	Paper; a letter; any writing-; book; message		n	pn		
pehwali	1	rudiments1924	yes	B	pehwali	Chin			pwl	powil	
peint	1	demers1871	no	A	Peint	paint, colour | to paint			pnt	paint|pent|punt	
pel	1	rudiments1898	yes	A	pel				pl		
pel ef	0		no	C	pel ef				plf		unvalidated_candidates_in=rudiments1924; kamloops_candidate_only
pelhten	2	rudiments1924|practical1886	yes	A	pelhten|Pelhten	fool | crazy			pltn	pelton|pilten|pilton	
pelpel	2	practical1886|demers1871	yes	A	Pelpel	blood			plpl	pilpil	
pelton	3	hibben1889|shaw1909|gill1909	no	A	Pel-ton|Pel'-ton|Pehlten	<A fool; foolish; crazy | A fool; foolish; crazy; absurd; insane | Crazy; demented; foolish. (This word was taken by the Indians to signify crazy, hearing it applied to a demented man named Pelton among the Astorians of x8xi.)		n,adj	pltn	pelhten|pilten|pilton	
pent	2	gill1887|long1909	no	A	Pent	Paint. Mam-ook pent; to paint | Paint		n,adj	pnt	paint|peint|punt	
pepa	0		no	C	Pepa				p		unvalidated_candidates_in=practical1886/demers1871; kamloops_candidate_only
peshak	5	rudiments1924|gibbs1863|hibben1889|gill1909|gill1887	yes	A	peshak|Pe-shak|Pe-shuk	bad		adj	psk	paska|pishak|pusk	
pet	0		no	C	Pet				pt	pat|pati	unvalidated_candidates_in=demers1871
pete	0		no	C	Pete				pt	pat|pati	unvalidated_candidates_in=practical1886; kamloops_candidate_only
petlelr	1	demers1871	no	B	Petlelr	petlet, thick			pLlr		
petsib	1	demers1871	no	B	Petsib	green			pzb	opitsab	
pewhattie	3	gibbs1863|hibben1889|shaw1909	no	A	Pe-what'-tie|Pe-what-tie	Thin, like paper, &c | Thin. like paper | thin, slight, flamsy		adj	pwt	pewhatty	
pewhatty	1	gill1909	no	A	Pe-what'-ty	Flimsy; thin; slight			pwt	pewhattie	
pglawash	0		no	C	pglawash				pglws		unvalidated_candidates_in=rudiments1898; kamloops_candidate_only
pi	0		no	C	Pi				p		unvalidated_candidates_in=practical1886; kamloops_candidate_only
piah	5	gibbs1863|hibben1889|shaw1909|gill1909|gill1887	no	A	Pi'-ah|Pi-ah	Fire; ripe; cooked | Fire; ripe; cooked; mature; blaze; flame; burned; mellow | Fire; cooked; ripe		n,adj	p		
pichah	1	rudiments1924	yes	A	pichah	green			pC	opooch|pche|pchih|pechugh	
pil	6	gibbs1863|hibben1889|shaw1909|gill1909|gill1887|demers1871	no	A	Pil	Father Pandosy gives PILPILP, as signifying red, in the Nez Perce or Sahaptin, also | Red; of a reddish color | Red, reddish | Red; of reddish color | pel, red		adj	pl		
pilpil	5	gibbs1863|hibben1889|shaw1909|gill1909|gill1887	no	A	Pil'-pil|Pil-pil	Blood. Mahsh pilpil, to bleed; to menstruate | Blood. Mahsh pilpil, to bleed | Blood. Hiyu pipil chako,- much blood came | Blood; bloody		n	plpl	pelpel	
pilten	1	demers1871	no	A	Pilten	foolish, crazy, ally, ignorant			pltn	pelhten|pelton|pilton	
pilton	1	gill1887	no	A	Pil-ton	Foolish; crazy			pltn	pelhten|pelton|pilten	
pin	0		no	C	Pin				pn	pehpan	unvalidated_candidates_in=practical1886; kamloops_candidate_only
pioche	0		no	C	pioche				pC	opooch|pche|pchih|pechugh|pichah	unvalidated_candidates_in=rudiments1924; kamloops_candidate_only
pis	0		no	C	Pis				ps	paseesee|paseesie|pasese|pasisse|passissi|pish|pos	unvalidated_candidates_in=demers1871
pish	3	hibben1889|gill1909|gill1887	no	A	Pish	Fish | A fish; to fish			ps	paseesee|paseesie|pasese|pasisse|passissi|pos	
pishak	1	demers1871	no	A	Pishak	bad, wicked			psk	paska|peshak|pusk	
pishpish	2	shaw1909|gill1909	no	A	Pish-pish				psps	poospoos|puspus|pusspuss	
pitlilb	1	shaw1909	no	B	Pit-lilb	thick, as molasses			pLlb		
pitlilh	2	gibbs1863|hibben1889	no	A	Pit-lilh|Pit-hlil	Quare u. d. Thick in consistence, as molasses | Thick in consistence, as molasses		adj	pLl	pitlill	
pitlill	1	gill1909	no	A	Pit-lill	Thick; viscid			pLl	pitlilh	
pitlilth	1	gill1887	no	B	Pit-lilth	Thick in substance, as m@lasses			pLlt		
pitwatie	1	gill1887	no	B	Pit-wa-tie	Thin in dimensions			ptwt		
piupiu	3	gibbs1863|hibben1889|shaw1909	no	A	Piu-piu	Or from the sound often ut tered expressive of disgust at a bad smell | To stink; a skunk | | To stink. Or from the sound often uttered expressive of disgust at a bad smell		n,v	p		
plah	1	gill1887	no	B	Plah|la-plah	Dish, or plate			pl		
play	0		no	C	Play				pl		unvalidated_candidates_in=practical1886; kamloops_candidate_only
plie	0		no	C	Plie				pl		unvalidated_candidates_in=demers1871
plopet	0		no	C	Plopet				plpt		unvalidated_candidates_in=demers1871
plum	0		no	C	Plum				plm		unvalidated_candidates_in=demers1871
poh	4	hibben1889|shaw1909|gill1909|gill1887	no	A	Poh	To Blow. Mamook pon, to blow out or extinguish, as a candle | To blow; a puff of breath | A puff of breath | To blow. Mam-ook poh: to blow out		v	p		
polakle	1	demers1871	no	A	Polakle	night, evening			plL	polaklhe|polaklie|polakly|poolakle	
polaklhe	1	hibben1889	no	A	Po-lak-lhe	Night; darkness; dark			plL	polakle|polaklie|polakly|poolakle	
polaklie	1	gibbs1863	no	A	Po'-lak-lie	Jfiyht; darkness; dark		n,adj	plL	polakle|polaklhe|polakly|poolakle	
polakly	2	gill1909|gill1887	no	A	Po-lak'-ly|Po-lak-ly	Dark; night | Night; dark. Te-nas po-lak-ly: evening			plL	polakle|polaklhe|polaklie|poolakle	
polale elehi	0		no	C	Polale elehi				pl		unvalidated_candidates_in=demers1871
polally	2	gill1909|gill1887	no	A	Po'-lal-ly|Po-lal-ly|P6-lal-ly	Dust; sand; gunpowder | Gunpowder; dust; sand			pl		
polally illahee	1	gill1887	no	A	Po-lal-ly il-la-hee	Sandy ground: ocean beach			pl		
poll	1	gibbs1863	no	B	Poll	By onoma. Mamook poh, to bloio out or extinguiah, as a candle		v	pl		
poo	6	rudiments1924|rudiments1898|practical1886|gibbs1863|hibben1889|shaw1909	yes	A	poo|Poo	report of a gun | Mauiook poo, to shoot; moxt poo, a double-barrelled yun; tohum poo, a sixshooter | The sound of a gun		n	p		
pooki	0		no	C	Pooki				pk		unvalidated_candidates_in=practical1886; kamloops_candidate_only
poolakle	2	rudiments1924|practical1886	yes	A	poolakle|Poolakle	night			plL	polakle|polaklhe|polaklie|polakly	
poolale	1	rudiments1898	yes	A	poo'lale	dust			pl		
poole	1	gill1887	no	A	Poo-le	Rotten			pl		
poolie	3	gibbs1863|hibben1889|shaw1909	no	A	Poo'-lie|Poo-lie	Rotten		adj	pl		
poos	0		no	C	Poos				ps	paseesee|paseesie|pasese|pasisse|passissi|pish|pos	unvalidated_candidates_in=practical1886; kamloops_candidate_only
poospoos	1	rudiments1924	yes	B	poospoos	they			psps	pishpish|puspus|pusspuss	
porpa	0		no	C	porpa				prp		unvalidated_candidates_in=rudiments1924; kamloops_candidate_only
pos	2	practical1886|gill1909	yes	A	Pos	spos, i | Suppose. Used sometimes instead of spose			ps	paseesee|paseesie|pasese|pasisse|passissi|pish	
possiette	1	rudiments1924	yes	B	Possiette	plate			pst	ipsoot|ipsut	
pot	0		no	C	Pot				pt	pat|pati	unvalidated_candidates_in=demers1871
potlatch	5	gibbs1863|hibben1889|shaw1909|gill1909|gill1887	no	A	Pot'-latch|Paht'-latsh|Pot-latch|Faht-latsh	A gift; to give | Pachaetl. or Pachatl, (Cook) | To give; a gift		n,v	pLC	patlach|patloch	
powhilb	1	demers1871	no	B	Powhilb	to swell up			pwlb		
powich	1	gill1909	no	B	Pow'-ich	The native thornapple or crabapple			pwC	pawitch	
powil	1	gill1909	no	B	Pow'-il	To swell			pwl	pehwali	
powitsb	1	shaw1909	no	B	Pow'-itsb	crab-apple			pwzb		
powitsh	3	gibbs1863|hibben1889|gill1887	no	A	Pow'-itsh|Pow-itsh	A crab-apple | A crab apple ** |		n	pwz		
pows	1	gill1909	no	B	Pows	Halibut			pws		
poxpok	1	demers1871	no	B	Poxpok	to fight, Strike with the fits			pkspk		
pukpuk	5	gibbs1863|hibben1889|shaw1909|gill1909|gill1887	no	A	Puk'-puk|Puk-puk	A bloio with the fist; a fistfight | A blow with the fist; a fist-fight | A blow with the fist; to strike | A blow with the fist; to fight with fists		n	pkpk		
puli	1	demers1871	no	A	Puli	rotten, spoiled			pl		
punt	1	rudiments1924	yes	B	punt				pnt	paint|peint|pent	
pupu	1	gill1909	no	B	Pu-pu	Stench; to stink			p		
pus	0		no	C	Pus				ps	paseesee|paseesie|pasese|pasisse|passissi|pish|pos	unvalidated_candidates_in=demers1871
pusk	1	rudiments1924	yes	B	Pusk				psk	paska|peshak|pishak	
puspus	1	demers1871	no	B	Puspus	eat			psps	pishpish|poospoos|pusspuss	
pusspuss	5	gibbs1863|hibben1889|shaw1909|gill1909|gill1887	no	A	Puss'-puss|Puss-puss	A cat. On Puget Sound, pronounced 2»yh-pish | A cat. Hyas pusspuss, a panther or cougar | A cat.. (On Puget Sound, pronounced Pish-pish.) - Eells | A cat. In the North called pish-pish | A cat. Puss-puss (hy-as); a panther		n	psps	pishpish|poospoos|puspus	
qpitlkegh	1	hibben1889	no	B	Q-pitl-kegh	A bow			qpLk		
qpitsah	1	hibben1889	no	B	Q-pit-sah	A knife. Opitsah alae sikhs, (the knife's friend) afork			qpz	qpoots	
qpoots	1	hibben1889	no	B	Q-poots	The posterior; the tail of an animal			qpz	qpitsah	
rolialderler	0		no	C	Rolia-lderler				rldrlr		unvalidated_candidates_in=rudiments1924; kamloops_candidate_only
sabalitai	0		no	C	Sabali-Tai				sblt		unvalidated_candidates_in=demers1871
sacramenta	0		no	C	Sacramenta				skrmnt		unvalidated_candidates_in=practical1886; kamloops_candidate_only
saghale	1	hibben1889	no	A	Sagh-a-le	Up; above; high			sl		
saghalie	2	gibbs1863|long1909	no	A	Sagh-a-lie|Sah'-ha-lie	Up; above; high		adj	sl		
sahale	0		no	C	Sa'hale				sl		unvalidated_candidates_in=practical1886; kamloops_candidate_only
sahale elche	1	rudiments1924	yes	B	Sahale elche				slC		
sahale elehe	0		no	C	Sahale Elehe				sl		unvalidated_candidates_in=practical1886; kamloops_candidate_only
sahale hlehe	0		no	C	Sa'hale Hlehe				sl		unvalidated_candidates_in=practical1886; kamloops_candidate_only
sahale tace	1	practical1886	yes	B	Sahale Tace				sltk		
sahale tate	0		no	C	Sahale Tate				slt	esalht|esalth|salt	unvalidated_candidates_in=practical1886; kamloops_candidate_only
sahale tate papa	0		no	C	Sahale Tate Papa				sltp		unvalidated_candidates_in=practical1886; kamloops_candidate_only
sahhale	1	gill1887	no	A	Sah'-ha-le|Sagh-a-le	Up; above; high			sl		
sahhalee	1	gill1909	no	A	Sah'-ha-lee	Above; up; high; heaven; the top			sl		
sail	5	gibbs1863|hibben1889|shaw1909|gill1909|gill1887	no	A	Sail|Sill|sell or sill	A sail; any cotton or linen goods | A sail; or any cotton or linen goods | A sail; cotton or linen cloth | A sail; cotton goods		n	sl		
saintespri	0		no	C	Saint-Espri				sntspr		unvalidated_candidates_in=practical1886; kamloops_candidate_only
sakalooks	2	rudiments1924|practical1886	yes	A	Sakalooks	pants			sklks	sakaluks|sakiileks|sakoleks|sakullex|sokoleks	
sakaluks	1	demers1871	no	A	Sakaluks	pants			sklks	sakalooks|sakiileks|sakoleks|sakullex|sokoleks	
sakiileks	1	gill1887	no	A	Sa-kiil-eks	Pants, or leggings			sklks	sakalooks|sakaluks|sakoleks|sakullex|sokoleks	
sako	0		no	C	Sako				sk		unvalidated_candidates_in=rudiments1898; kamloops_candidate_only
sakoleks	2	gibbs1863|hibben1889	no	A	Sa-kol'-eks|Se-kol'-uks|Sa-kol-eks	Trowsers; ^anta/oons | Leggings; trowsers; pantaloons. / Keekwillie sakoleks, arawers Mae eae			sklks	sakalooks|sakaluks|sakiileks|sakullex|sokoleks	
sakoreks	1	long1909	no	B	Sa-kor-eks	Trousers; pant^oons		n	skrks		
sakorfoox	0		no	C	sakorfoox				skrfks		unvalidated_candidates_in=rudiments1924; kamloops_candidate_only
sakullex	1	gill1909	no	A	Sa-kul'-lex	Trousers; leggins			sklks	sakalooks|sakaluks|sakiileks|sakoleks|sokoleks	
sal chock	1	rudiments1924	yes	B	Sal chock				slCk		
saliks	1	practical1886	yes	B	Saliks	to get aur -Shante, to sing			slks	salix|solleks|sollex	
salix	2	rudiments1924|rudiments1898	yes	A	Salix	angry			slks	saliks|solleks|sollex	
sallal	4	gibbs1863|hibben1889|shaw1909|gill1909	no	A	Sal-lal	(SHELWELL of Lewis and Clarke.) The sallal berry; fruit of gualtheria shallon | The sallal berry | The sallal berry; fruit of gualtheria Shallon | Salal. An evergreen shrub growing abund¬ antly in western Oregon and Washington, bearing a large purple berry in clusters		n	sl		
salmon	3	gibbs1863|hibben1889|shaw1909	no	A	Salmon|Sam'-un	The salmon; fish generally | The salmon. Tyee salmon, /. e. chief salmon. the spring salmon		n	slmn		
salt	5	hibben1889|shaw1909|gill1909|gill1887|long1909	no	A	Salt	Salt or salt taste | Salt, or a salt taste | Salt | Salt, or salt taste | Salt; salty		n,adj	slt	esalht|esalth	
salt chock	1	practical1886	yes	B	Salt chock	sea			slCk		
salt chuck	1	gill1887	no	A	Salt chuck	The sea			slCk		
sammon	3	gill1909|gill1887|long1909	no	A	Sammon|Sam-mon|Sam'-mon	Usually written thus in the Jargon | Fish; the salmon | Salmon		n	smn	samon	
samo	0		no	C	samo				sm	shame|shem|siahm|siam	unvalidated_candidates_in=rudiments1924; kamloops_candidate_only
samon	2	practical1886|demers1871	yes	A	Samon	Salmon			smn	sammon	
samon pasisse	1	demers1871	no	B	Samon pasisse				smnps		
sandelee	2	gill1909|gill1887	no	A	San'-de-lee	Ash-colored; a | Ash colored; a roan horse			sndl	sandelie	
sandelie	4	gibbs1863|hibben1889|shaw1909|long1909	no	A	San-de-lie	Ash-colored. (Anderson.) A roan horse; roan-colored | Ash colored; a roan horse, roan colored | Ash-colored. (Anderson) | roan colored; a roan horse, ash colored. - Anderson | Roan-colored		n,adj	sndl	sandelee	
sante hows	1	demers1871	no	B	Sante hows				sntws		
sapfet	0		no	C	Sapfet				spft		unvalidated_candidates_in=rudiments1924; kamloops_candidate_only
saplel	2	rudiments1924|rudiments1898	yes	B	Saplel|saplel	bread			spl	espli|saplil|sapolil|sapolill|sapplel|siapool	
saplel moolin	1	rudiments1924	yes	B	saplel moolin	flour mill			splmln		
saplil	1	demers1871	no	A	Saplil	bread, flour, wheat, _ Sil: or sel, cotton, calico, sail			spl	espli|saplel|sapolil|sapolill|sapplel|siapool	
sapolil	3	gill1909|gill1887|long1909	no	A	Sap'-o-lil|Sap-o-lil	Flour or meal; wheat | Wheat; flour. Lo-lo sap-o-lil: whole wheat | Wheat; fiour;meal		n	spl	espli|saplel|saplil|sapolill|sapplel|siapool	
sapolill	3	gibbs1863|hibben1889|shaw1909	no	A	Sap'-O-lill|Sap-o-lill|Sap'-o-lill	Wheat, flour, or meal | Wheat; flour or meal | Wheat; flour, or meal; a loaf; grain		n	spl	espli|saplel|saplil|sapolil|sapplel|siapool	
sapplel	1	practical1886	yes	B	Sapplel	bread			spl	espli|saplel|saplil|sapolil|sapolill|siapool	
sapplel mooln	1	practical1886	yes	B	Sapplel mooln	flour mill			splmln		
sata	0		no	C	Sata				st	seahhost|shat|shot|shut|siahost|stoh	unvalidated_candidates_in=practical1886; kamloops_candidate_only
sauua	0		no	C	SaUUa				s		unvalidated_candidates_in=rudiments1924; kamloops_candidate_only
sbelokum	1	shaw1909	no	B	Sbe-lok'-um	looking-glass; glass			sblkm		
sbugrb	1	shaw1909	no	B	Sbugrb	a rattle			sbgrb		
sbut	1	shaw1909	no	B	Sbut	a shirt			sbt		
seahhost	4	gibbs1863|hibben1889|shaw1909|long1909	no	A	Se-ah-host|Se-agh'-OSt|Se'-ah-host|Se-agh'-ost	The face; the eyes | The face, the eyes | The face; the eyes; eyeball; countenance; forehead		n	st	shat|shot|shut|siahost|stoh	
seahp	0		no	C	Se-ah'-p5				sp	seahpo|seepee|ship|sipah|soap|sop|spoah|spooh	unvalidated_candidates_in=gill1909
seahpo	5	gibbs1863|hibben1889|shaw1909|gill1887|long1909	no	A	Se-ah-po|Se-ah-pult|Se'-ah-po	A hat or cap | A hat, or cap. Se-ah-po 6-lil-lies: raspber ries | A hat; cap		n	sp	seepee|ship|sipah|soap|sop|spoah|spooh	
seatco	1	gill1909	no	A	Se-at'-co	A goblin or nocturnal demon, greatly feared by the Coast Indians			stk	steck|stick	
seed	1	gill1909	no	B	Seed	Seed			sd		
seeowist	1	gill1887	no	B	See-ow-ist	The face; the eyes			swst		
seepee	1	gill1887	no	B	See-pee	To miss			sp	seahpo|ship|sipah|soap|sop|spoah|spooh	
sele	0		no	C	Se'le				sl		unvalidated_candidates_in=rudiments1898; kamloops_candidate_only
self	1	shaw1909	no	B	Self	Self		n	slf	esalfh	
selokemil	1	gill1909	no	B	Se-loke'-mil	A window			slkml		
semmoxt	2	rudiments1924|rudiments1898	yes	B	semmoxt	seven			smkst		
senemokst	1	demers1871	no	A	Senemokst	seven			snmkst	senemoxt|sinamokst|sinamoxt	
senemoxt	2	rudiments1924|practical1886	yes	A	senemoxt|Senemoxt	seven			snmkst	senemokst|sinamokst|sinamoxt	
sha	0		no	C	Sha				s		unvalidated_candidates_in=demers1871
shame	3	practical1886|gibbs1863|shaw1909	yes	A	Shame|Shem	ashamed | Shame. Halo shorn mika? arrft you ashamed of yourself? | Shame		n	sm	shem|siahm|siam	
shante	1	demers1871	no	A	Shante	to sing			snt	shantie|shonta|shontay	
shantie	4	gibbs1863|hibben1889|shaw1909|long1909	no	A	Shan-tie	To sing | To sing*. (Other spellings: Shante, shartee, sharty, shonta.)		v	snt	shante|shonta|shontay	
shat	1	demers1871	no	A	Shat	shirt			st	seahhost|shot|shut|siahost|stoh	
shawash	1	demers1871	no	A	Shawash	Indian			sws	siawash|siwash	
shawash isalb	0		no	C	Shawash isalb				swslb		unvalidated_candidates_in=demers1871
she okum	0		no	C	She-1ok-um|She-16k-um				skm	eskkom|eskom|iskum|isskum|shukom|skkookoom|skokum|skookoom|skookum	unvalidated_candidates_in=gill1887
shek	0		no	C	Shek				sk		unvalidated_candidates_in=demers1871
shelipo	1	gill1909	no	B	She'-li-po	Frozen; ice; icy			slp		
shelockum	1	gill1909	no	A	She-lock'-um	A mirror, glass			slkm	shelokom|shelokum|shilakom	
shelokom	1	rudiments1924	yes	B	shelokom				slkm	shelockum|shelokum|shilakom	
shelokum	3	gibbs1863|hibben1889|long1909	no	A	She-lok'-um|She-lok-um	<A looking-glass; glass | A looking-glass; glass		n	slkm	shelockum|shelokom|shilakom	
shem	3	gill1909|gill1887|long1909	no	A	Shem	Shame | Shame. Halo shem mi-ka? Have you no shame?		n	sm	shame|siahm|siam	
shetshom	1	demers1871	no	A	Shetshom	shitshin, to swim			szm	sitshum	
shilakom	1	demers1871	no	A	Shilakom	or shilakompe, glass, looking glass			slkm	shelockum|shelokom|shelokum	
shilthlo	1	gill1909	no	B	Shilth'-lo	Lightning			slL		
ship	9	rudiments1924|practical1886|gibbs1863|hibben1889|shaw1909|gill1909|gill1887|demers1871|long1909	yes	A	Ship	ship, boat | A ship or vessel | Ship or vessel | A vessel | ship, vessel | Ship		n	sp	seahpo|seepee|sipah|soap|sop|spoah|spooh	
shirt	0		no	C	Shirt				srt		unvalidated_candidates_in=practical1886; kamloops_candidate_only
shoes	5	gibbs1863|shaw1909|gill1909|gill1887|long1909	no	A	Shoes	Shoes; skin shoes; moccasin*. Stick shoes, boots or shoes made of leather | Shoes; skin shoes; moccasins | Shoes | Shoes. Stick shoes: boots and shoes made of leather, as distinct from moccasins		n	s		
shonta	1	gill1887	no	A	Shon-ta	To sing			snt	shante|shantie|shontay	
shontay	1	gill1909	no	A	Shon'-tay	To sing			snt	shante|shantie|shonta	
shoo	1	gill1909	no	B	Shoo	Old			s		
shooh	0		no	C	shooh				s		unvalidated_candidates_in=rudiments1924; kamloops_candidate_only
shot	6	gibbs1863|hibben1889|shaw1909|gill1909|gill1887|long1909	no	A	Shot	Shot; lead. Shot olillie, huckleberries | Shot; lead.. Shot ollillie, huckleberries | Shot; lead | Shot; lead. Shot 6-lil-lies: huckleberries | Shot; lead pellets		n	st	seahhost|shat|shut|siahost|stoh	
shug	1	gill1909	no	B	Shug	A rattle			sg	shugah	
shugah	3	gibbs1863|hibben1889|shaw1909	no	A	Shu'-gah|Shu'-kwa|Shugah|Shu'-g-ah	Sugar | Sugar; honey		n	sg	shug	
shugbopoots	1	shaw1909	no	B	Shug-b-opoots	a rattle-snake			sgbpz		
shugh	4	gibbs1863|hibben1889|gill1887|long1909	no	A	Shugh	A rattle. An imitation doubt less of the sound. (Anderson.) Shugh-opoots, a rattlesnake | A rattle. Shugh opoots, a rattlesnake | A rattle		n	s		
shugh opoots	1	gill1887	no	A	Shugh o-poots	A rattlesnake			spz		
shuka	1	demers1871	no	A	Shuka	sugar			sk		
shukom	1	demers1871	no	A	Shukom	strong, mighty			skm	eskkom|eskom|iskum|isskum|skkookoom|skokum|skookoom|skookum	
shut	5	gibbs1863|hibben1889|gill1909|gill1887|long1909	no	A	Shut	A shirt | Shirt		n	st	seahhost|shat|shot|siahost|stoh	
shwabkuk	1	shaw1909	no	B	Shwab-kuk	a frog			swbk		
shwahkuk	5	gibbs1863|hibben1889|gill1909|gill1887|long1909	no	A	Shwah-kuk|Shwah'-kuk|Sh-wah-kuk	A frog		n	swk	shwakook	
shwakook	1	rudiments1924	yes	B	Shwakook				swk	shwahkuk	
shwalpeh	1	gill1909	no	B	Shwal'-peh	A tree			swlp		
siah	6	gibbs1863|hibben1889|shaw1909|gill1909|gill1887|long1909	no	A	Si-ah|Si'-ah	Far; far off | i. (N) | Far; far off. Drawling out the syl¬ lable | Far; far off. Comparative distance is expressed by intonation or repetition, as si-ah si-ah: very far | Far; far ofif		adj	s		
siahm	1	gill1887	no	A	Si-ahm	Grizzly bear			sm	shame|shem|siam	
siahoos	0		no	C	Sia'hoos				s		unvalidated_candidates_in=practical1886; kamloops_candidate_only
siahost	1	demers1871	no	A	Siahost	eye, the face			st	seahhost|shat|shot|shut|stoh	
siam	5	gibbs1863|hibben1889|shaw1909|gill1909|long1909	no	A	Si-am	The grizzly bear | Grizzly bear		n	sm	shame|shem|siahm	
siapool	1	practical1886	yes	B	Siapool	hat			spl	espli|saplel|saplil|sapolil|sapolill|sapplel	
siapult	0		no	C	Siapult				splt		unvalidated_candidates_in=demers1871
siapult olile	0		no	C	Siapult olile				spltl		unvalidated_candidates_in=demers1871
siawash	1	long1909	no	A	Sia-wash	An Indian; Indian		n,adj	sws	shawash|siwash	
sick	6	gibbs1863|hibben1889|shaw1909|gill1909|gill1887|long1909	no	A	Sick	Sick. Cole sick, the ague; sick tumtum, grieved; sorry; jealous; unhappy | Sick. Cole sick, the ague | Sick | Sick; sickness | Sick. Cole sick: the ague		adj	sk		
sick house	1	practical1886	yes	B	Sick house				sks	sikhs|siks|six	
siikum sun	1	gill1887	no	A	Sii-kum sun	Midday			skmsn		
sik	2	rudiments1924|demers1871	yes	A	sik|Sik	sick | ill, sick, unwell			sk		
sik hows	1	demers1871	no	B	Sik hows				skws		
sikhs	3	gibbs1863|hibben1889|long1909	no	A	Sikhs|Shikhs	Used only towards men | A friend | Friend		n	sks	siks|six	
siks	2	rudiments1924|demers1871	yes	A	siks|Siks	friend, companion			sks	sikhs|six	
sil	1	practical1886	yes	A	Sil	cloth			sl		unvalidated_candidates_in=demers1871
sil ipsut	1	demers1871	no	B	Sil ipsut	to hide			slpst		
sil kata	1	demers1871	no	B	Sil kata	to offend, ill treat			slkt		
sil nanich	1	demers1871	no	B	Sil nanich				slnC		
sil pilten	1	demers1871	no	B	Sil pilten	to mock, fool			slpltn		
sil ppens	0		no	C	Sil ppens				slpns		unvalidated_candidates_in=demers1871
sil taitwhit	1	demers1871	no	B	Sil taitwhit	to awake, to make one get up			sltwt		
sil tlamaban	0		no	C	Sil tlamaban				slLmbn		unvalidated_candidates_in=demers1871
sin	0		no	C	Sin				sn	son|sun	unvalidated_candidates_in=demers1871
sin amokst	1	long1909	no	B	Sin -a-mokst			adj	snmkst	senemokst|senemoxt|sinamokst|sinamoxt	
sinamokst	1	shaw1909	no	A	Sin'-a-mokst|Sin'-a-moxt	Seven		adj	snmkst	senemokst|senemoxt|sinamoxt	
sinamox	2	gill1909|gill1887	no	A	Sin'-a-mox|Sin-a-mox	Seven			snmks		
sinamoxt	2	gibbs1863|hibben1889	no	A	Sin'-a-moxt|Sin-a-moxt	Seven		adj	snmkst	senemokst|senemoxt|sinamokst	
sing	1	gill1909	no	B	Sing	Sing			sng		
siohoos	0		no	C	Sio'hoos				s		unvalidated_candidates_in=rudiments1898; kamloops_candidate_only
sipab	1	shaw1909	no	B	Si'-pab	straight, like a ramrod. Sis'-ki-you, a bob-tailed horse. (See note under Tatoosh, main vocabulary.)			spb	spobob|spoob	
sipah	4	gibbs1863|hibben1889|gill1909|gill1887	no	A	Si'-pah|Si-pah	Of only local use | Straight, like a ramrod | Straight; erect | Straight like an arrow		adj	sp	seahpo|seepee|ship|soap|sop|spoah|spooh	
siskiyou	6	gibbs1863|hibben1889|shaw1909|gill1909|gill1887|long1909	no	A	Sis'-ki-you|Sis-ki-you	This name, ludicrously enough, has been bestowed on the range of mountains separating Oregon and California, and also on a county in the latter State | A bob-tailed horse | Cree. (Anderson) | A bob-tailed horse. (This word is Cree) | Bob-tailed horse		n	sk		
siso	0		no	C	Siso|lesiso				s		unvalidated_candidates_in=demers1871
sitkkom	1	rudiments1924	yes	B	Sit'kkom				stkm	sitkom|sitkum|stotkim	
sitkom	1	rudiments1924	yes	B	sit'Kom				stkm	sitkkom|sitkum|stotkim	
sitkom son	1	practical1886	yes	B	Sitkom son				stkmsn		
sitkom talla	1	practical1886	yes	B	Sitkom talla	half a dollar			stkmtl		
sitkum	7	gibbs1863|hibben1889|shaw1909|gill1909|gill1887|demers1871|long1909	no	A	Sit'-kum|Sit-kum|Sitkum	A half; apart | A half; a part | A half; a part; fraction; middle; some; a piece | Half, or a part | half, part, fraction | A half; a part of		n,adj	stkm	sitkkom|sitkom|stotkim	
sitkum polakly	1	gill1887	no	A	Sit-kum po-lak-ly	Midnight			stkmplL		
sitkumpolakly	0		no	C	Sitkumpolakly				stkmplL		unvalidated_candidates_in=demers1871
sitlay	5	gibbs1863|hibben1889|shaw1909|gill1909|gill1887	no	A	Sit'-lay|Sit'-li-ay|Sit-lay	Stirrups | Stirrup; stirrups		n	sL	stloo	
sitsbum	1	shaw1909	no	B	Sit'-sbum	to swim			szbm		
sitshum	4	gibbs1863|hibben1889|gill1909|gill1887	no	A	Sit'-shum|Sit-shum	To swim | 'To swim		v	szm	shetshom	
siwash	5	gibbs1863|hibben1889|shaw1909|gill1909|gill1887	no	A	Si'-wash|Si-wash|Si'wash	An Indian; Indian | An Indian | An Indian; Indian; aborigines; a savag-e; savage | Indian; an Indian | Indian		n,adj	sws	shawash|siawash	
six	2	gill1909|gill1887	no	A	Six	A friend. (Not addressed to women.) | Friend			sks	sikhs|siks	
skad	1	gill1909	no	B	Skad	A mole			skd		
skakwal	1	demers1871	no	B	Skakwal	lamprey			skwl	sukwalal|sukwallal|sukwollal	
skalemin	0		no	C	Skalemin				sklmn		unvalidated_candidates_in=demers1871
sketsotwa	1	gill1909	no	B	Sket-sot'-wa	The Columbia river			skztw		
skim shit	1	rudiments1924	yes	B	skim shit				skmst		
skin	8	practical1886|gibbs1863|hibben1889|shaw1909|gill1909|gill1887|demers1871|long1909	yes	A	Skin	skin | Skin. Skin shoes, moccasins; stick skin, the bark of a tree | Skin. Skin shoes, moceasins | Skin; a skin; leather; hide; pelt; fur; buckskin | Skin; hide | Skin. Skin shoes: moccasins		n	skn	ooskan|oskan	
skin shirt	0		no	C	Skin shirt				sknsrt		unvalidated_candidates_in=practical1886; kamloops_candidate_only
skkookoom	1	rudiments1924	yes	B	skKooKoom				skm	eskkom|eskom|iskum|isskum|shukom|skokum|skookoom|skookum	
skokum	1	demers1871	no	B	Skokum	spider, insect ' which the jugglers pre- _ fend to find in the ue 6 of a, patient ...			skm	eskkom|eskom|iskum|isskum|shukom|skkookoom|skookoom|skookum	
skookoom	1	practical1886	yes	A	Skookoom	strong			skm	eskkom|eskom|iskum|isskum|shukom|skkookoom|skokum|skookum	
skookoom house	1	practical1886	yes	B	Skookoom house				skms		
skookum	5	gibbs1863|hibben1889|shaw1909|gill1909|gill1887	no	A	Skoo'-kum|Skoo-koom|Skoo-kum	A r/host; an evil sjririt or demon; strong | Strong; strength; a ghost; an evil spirit or demon | Strong; a ghost; an evil spirit or demon; able; solid; potent; powerful; vehement; tight; violent; tough | Strong; brave; great. (Originally a Chehalis word meaning a demon, a powerful spirit) | Strong; strength		n,adj	skm	eskkom|eskom|iskum|isskum|shukom|skkookoom|skokum|skookoom	
skubeoo	1	gill1909	no	B	Skub'-e-oo	Skunk			skb		
skwakwai	1	long1909	no	B	Skwak'-wai	An eel		n	skwkw		
skwakwal	4	gibbs1863|hibben1889|shaw1909|gill1909	no	A	Skwak'-wal|Skwak-wal	A lamprey eel | The lamprey eel		n	skwkwl	skwakwol	
skwakwol	1	gill1887	no	A	Skwak-wol	A lamprey eel			skwkwl	skwakwal	
skwiskwis	5	gibbs1863|hibben1889|shaw1909|demers1871|long1909	no	A	Skwis'-kwis|Skwis-kwis|Skwiskwis	A squirrel		n	skwskws	skwisskwis	
skwisskwis	1	gill1909	no	A	Skwiss-kwis	The chipmunk or striped squirrel			skwskws	skwiskwis	
slahal	5	gibbs1863|hibben1889|shaw1909|gill1909|gill1887	no	A	Sla-hal	A game played with ten small disks, one of which is marked | <A game played with eight small disks, one of which is marked | Gibbs says it is a game played with ten small disks, one of which is marked, and mamook slahal, is to play the game, or gamble with them; while others say that they mean respectively a game and to gamble, in general | A game, played with ten small discs in the hands of each player | A game played with ten small disks		n	sl		
small	0		no	C	small				sml		unvalidated_candidates_in=rudiments1924; kamloops_candidate_only
smanas	1	gill1909	no	B	Sma-nas	Hill or mountain			smns		
smeetok	1	gill1909	no	B	Smeet-ok	The quahaug or large mud clam			smtk		
smefoks	1	long1909	no	B	Smef-oks	Large clams		n	smfks		
smetocks	2	gibbs1863|shaw1909	no	A	Smet'-ocks	The large clam (Lutraria) | the large clam		n	smtks		
smok	1	demers1871	no	A	Smok	smoke			smk	smoke	
smoke	6	gibbs1863|hibben1889|shaw1909|gill1909|gill1887|long1909	no	A	Smoke	Smoke; clouds; fog; steam | smoke, clouds, fog, steam		n	smk	smok	
smoksmok	1	gill1909	no	B	Smok-smok	Grouse			smksmk		
snas	1	demers1871	no	A	Snas	rain			sns	snass	
snass	6	gibbs1863|hibben1889|shaw1909|gill1909|gill1887|long1909	no	A	Snass	Cole snass, snow | Rain. Cole snass, snow | Rain. (The word is neither Chinook nor Chihalis, and is perhaps manufactured.) | Rain | Rain. Kull snass: hail		n	sns	snas	
snaz	2	rudiments1898|practical1886	yes	B	snaz|Snaz	rain			snz		
snow	4	gibbs1863|hibben1889|gill1909|long1909	no	A	Snow	Snoio | Snow		n	snw		
soap	6	gibbs1863|hibben1889|shaw1909|gill1909|gill1887|long1909	no	A	Soap	Soap		n	sp	seahpo|seepee|ship|sipah|sop|spoah|spooh	
sofeks	1	long1909	no	B	SoF-eks	An^er; angry		n,adj	sfks		
sokoleks	1	shaw1909	no	A	So-kol'-eks|Se-kol'-uks	Trousers; pantaloons; pants; breeches		n	sklks	sakalooks|sakaluks|sakiileks|sakoleks|sakullex	
sol	0		no	C	Sol				sl		unvalidated_candidates_in=demers1871
sol tsok	1	demers1871	no	B	Sol tsok	sea, brine			slzk		
solemat	1	rudiments1924	yes	B	solemat	cranberry			slmt		
soleme	1	gill1887	no	A	So-le-me|S6-le-me	The cranberry			slm	solemee|solemie	
solemee	1	gill1909	no	A	So'-le-mee	The cranberry			slm	soleme|solemie	
solemie	2	hibben1889|shaw1909	no	A	So-le-mie|So-le'-mie	The cranberry			slm	soleme|solemee	
solexnie	1	gibbs1863	no	B	So-le'-xnie	The cranberry		n	slksn		
solleks	4	gibbs1863|hibben1889|shaw1909|gill1887	no	A	Sol'-leks|Sah'-leks|Sol-leks	Mamook solleks, to fight; tikegh solleks, to be hostile; kumtuks solleks, to be passionate | Anger; angry | Anger; be angry; malice; hate; hatred; hostile; indignant; morose; mad; sulky; sullen; be mad | Anger. Mam-ook sol-leks: to fight		n,adj	slks	saliks|salix|sollex	
sollex	1	gill1909	no	A	Sol'-lex	Angry; anger			slks	saliks|salix|solleks	
son	1	practical1886	yes	A	Son	Sun			sn	sun	
sonde	1	rudiments1924	yes	A	Sonde	Sunday			snd	sunday	
sook	1	gill1887	no	B	Sook	Sugar			sk		
sop	1	demers1871	no	A	Sop	soap			sp	seahpo|seepee|ship|sipah|soap|spoah|spooh	
sopema	1	rudiments1924	yes	B	Sopema	lo jump			spm		
sopena	7	rudiments1924|practical1886|gibbs1863|shaw1909|gill1909|gill1887|long1909	yes	A	Sopena|So'-pe-na|So-pe-na	to jump | To jump; to leap | To jump; to leap; hop; skip; spring | To leap; to jump | To jump; leap		v	spn	sopene|spoon|spun	
sopenab	0		no	C	Sopenab				spnb		unvalidated_candidates_in=demers1871
sopene	1	demers1871	no	A	Sopene	sopena, to jump			spn	sopena|spoon|spun	
spdah	1	gill1909	no	B	Spd'-ah	Faded. Any pale color, as grey, buff, etc			spd		
spoah	1	long1909	no	A	Spo'ah	Faded; light m color		adj	sp	seahpo|seepee|ship|sipah|soap|sop|spooh	
spoak	1	demers1871	no	B	Spoak	dry, faded			spk	supuk	
spobob	1	demers1871	no	B	Spobob	black elder			spb	sipab|spoob	
spoob	1	shaw1909	no	B	Spo'-ob	faded; any light color			spb	sipab|spobob	
spooh	2	gibbs1863|gill1887	no	A	Spo'-oh|Spo'-eh|Spo-oh|Spo-6h	Faded; any light color, as pale blue, drab, &c | Faded; light color		adj	sp	seahpo|seepee|ship|sipah|soap|sop|spoah	
spoon	8	rudiments1924|practical1886|gibbs1863|hibben1889|shaw1909|gill1909|gill1887|long1909	yes	A	Spoon	Spoon | A spoon		n	spn	sopena|sopene|spun	
spos	1	demers1871	no	A	Spos	if, supposed | if, suppose			sps	spose	
spose	6	gibbs1863|hibben1889|shaw1909|gill1909|gill1887|long1909	no	A	Spose	If; supposing; provided that; in order that | Supose; if; supposing; provided that; in order that | If; supposing; that; provided that; in order that | Suppose; if; provided that | Suppose; if; provided that; so that | If; provided that; supposing		conj	sps	spos	
spun	1	demers1871	no	A	Spun	spoon			spn	sopena|sopene|spoon	
stahoos	0		no	C	Sta'hoos|Stahoos				sts		unvalidated_candidates_in=rudiments1924; kamloops_candidate_only
stakin	1	demers1871	no	A	Stakin	stocking			stkn	stocken|stokin|stotekin|stotkin	
stalo	0		no	C	Sta'lo				stl		unvalidated_candidates_in=rudiments1898; kamloops_candidate_only
steck	1	rudiments1924	yes	B	Steck				stk	seatco|stick	
stick	6	practical1886|hibben1889|shaw1909|gill1909|gill1887|long1909	yes	A	Stick	tree, wood | A stick; a tree; wood; wooden | A stick; a tree; wood; wooden; vine; pole; rod | A stick; tree; wood; wooden		n,adj	stk	seatco|steck	
stick mosket	1	rudiments1924	yes	B	stick mosket				stkmskt		
stloo	1	gill1909	no	B	Stloo	The wind			sL	sitlay	
sto kim	0		no	C	Sto kim				stkm	sitkkom|sitkom|sitkum|stotkim	unvalidated_candidates_in=rudiments1924; kamloops_candidate_only
stob	2	rudiments1924|practical1886	yes	B	stob|Stob	OR stove | Stove			stb		
stocken	5	gibbs1863|hibben1889|shaw1909|gill1909|gill1887	no	A	Stock'-en|Stock-en	Stockings or socks | Stocking's or socks | Socks or stockings. (Kushis is the Indian word) | Socks, or stockings		n	stkn	stakin|stokin|stotekin|stotkin	
stoh	6	rudiments1924|gibbs1863|hibben1889|shaw1909|gill1909|gill1887	yes	A	stoh|Stoh	Loose. Mamook stoh, to untie; un loose; undo | Loose. Mamook stoh, to untie; unloose | Loose | Loose. Mam-ook stoh: to untie		adj	st	seahhost|shat|shot|shut|siahost	
stokin	1	practical1886	yes	A	Stokin	stockings			stkn	stakin|stocken|stotekin|stotkin	
ston	1	demers1871	no	A	Ston	bone, stone, horn, testicle, - nail			stn	stone	
stone	7	practical1886|gibbs1863|hibben1889|shaw1909|gill1909|gill1887|long1909	yes	A	Stone	stone, rock | A rock or stone; bone; horn; the testi cles | A rock or stone; bone; horn; the testicles | A rock or stone; bone; horn; the testicles; finger nail; boulder | A rock or stone | A rock, or stone; bone; horn; teeth; hard		n	stn	ston	
stoolis	1	gill1909	no	B	Stoo'-lis	Rain			stls		
stotekin	6	gibbs1863|hibben1889|shaw1909|gill1909|gill1887|long1909	no	A	Stote'-kin|Stote-kin|Sto-te'-kin	Eight | Eight; an eighth		adj	stkn	stakin|stocken|stokin|stotkin	
stotkim	1	rudiments1924	yes	B	stotKim				stkm	sitkkom|sitkom|sitkum	
stotkin	1	demers1871	no	A	Stotkin|sothin	eight | sothin, eight			stkn	stakin|stocken|stokin|stotekin	
stutchum	1	gill1887	no	B	Stut'-chum	The sturgeon			stCm		
stutchun	4	gibbs1863|hibben1889|shaw1909|gill1909	no	A	Stutch'-un|Stutchun|Stut'-chun	The sturgeon | The Sturgeon. (Other spellings: Stuchun, stutchin, stogheon, stogeon, stutshin, sturgeon.) | Sturgeon		n	stCn		
sukwalal	4	gibbs1863|hibben1889|shaw1909|long1909	no	A	Suk-wal'-al|Suk-wal-al	No longer used in Jargon | A gun or musket | A gun; musket		n	skwl	skakwal|sukwallal|sukwollal	
sukwallal	1	gill1909	no	A	Suk-wal'-lal	A gun. (Obsolete.)			skwl	skakwal|sukwalal|sukwollal	
sukwollal	1	gill1887	no	A	Suk-wol-lal	A gun, or musket			skwl	skakwal|sukwalal|sukwallal	
sun	6	gibbs1863|hibben1889|shaw1909|gill1909|gill1887|long1909	no	A	Sun	The sun; a day | Thesun;aday. Tenas sun, early | Sun; a day | Day. Ten-as sun: early		n	sn	son	
sunday	6	practical1886|gibbs1863|hibben1889|shaw1909|gill1909|gill1887	yes	A	Sunday|Sun'-day|Sante	Sunday | Sunday. Icht Sunday, a week; hyas sunday, a holiday | Sunday. Icht Sunday, a week | Sunday; week | Sunday. Ikt Sunday: one week, Hy-as sunday: a holiday		n	snd	sonde	
sunday house	1	practical1886	yes	B	Sunday house				snds		
supuk	1	gill1909	no	B	Su-puk	Strong; powerful			spk	spoak	
swhale	0		no	C	swhale				swl		unvalidated_candidates_in=rudiments1924; kamloops_candidate_only
t ketee	0		no	C	T5-ke-tee				tkt	takta|tkta|toketee|toketie|tokta|yootkat	unvalidated_candidates_in=gill1887
tabnim	1	shaw1909	no	B	Tab-nim	to measure			tbnm		
tabom	0		no	C	Tabom				tbm		unvalidated_candidates_in=demers1871
taghkum	1	gill1887	no	A	Tagh-kum	Six			tkm	ittokum|tahkum|teikom|ttkom	
taghum	2	hibben1889|long1909	no	A	Tagh-um|Tagh'-um	Six		adj	tm	hutoima|taham|tatham	
tah	2	gill1909|demers1871	no	A	Tah	A spirit or supernatural thing or person | to 'point, exceed, come ont of water			t		
taham	1	practical1886	yes	A	Ta'ham	six			tm	hutoima|taghum|tatham	
taham son	1	practical1886	yes	B	Ta'ham son	Se - turday			tmsn		
tahkum	1	gill1909	no	A	Tah'-kum	Six			tkm	ittokum|taghkum|teikom|ttkom	
tahlkee	1	gill1909	no	A	Tahl'-kee	Yesterday			tlk	tahlkie|talke	
tahlkie	4	gibbs1863|hibben1889|shaw1909|long1909	no	A	Tahl-kie|Tahnl-kie	Yesterday. Icht tahlkie, day before yesterday | Yesterday. Icht tall ko, day before yesterday | Yesterday		adv	tlk	tahlkee|talke	
tahnim	5	gibbs1863|hibben1889|gill1909|gill1887|long1909	no	A	Tah-nim|Tah'-nim	To measure. Of only local use, and not strictly Jargon | To measure 'Tah-tle-lum | To measure		v	tnm		
tahoo	1	gill1909	no	B	Tah-oo	Far; far away			t		
tahtlum	2	gill1909|gill1887	no	A	Taht'-lum|Taht-lum	Ten | Ten. Mox, klone, etc., taht-lum: signifying twenty, thirty, etc. Taht-lum pee ikt: eleven			tLm		
tahvlelum	1	gibbs1863	no	B	TahV-le-lum|Tot'-le-lum	Ten. The combinations from this are simple		adj	tvlm		
tai	0		no	C	Tai				t		unvalidated_candidates_in=demers1871
tak	0		no	C	Tak				tk	tikegh|tikeh	unvalidated_candidates_in=demers1871
takamoonak	1	practical1886	yes	A	Takamoonak	one hundred			tkmnk	takamunak|tukamonuk	
takamunak	1	demers1871	no	B	Takamunak				tkmnk	takamoonak|tukamonuk	
take son	1	rudiments1924	yes	B	take Son				tksn		
takmomak	1	rudiments1924	yes	B	takmomak	one hundred			tkmk		
takso	1	demers1871	no	B	Takso	hair, wool, |...4			tks		
takta	2	practical1886|demers1871	yes	B	Takta	doctor			tkt	tkta|toketee|toketie|tokta|yootkat	
tala	0		no	C	Tala				tl	otelagh|tel|til|till|tolo	unvalidated_candidates_in=demers1871
talapos	3	rudiments1924|practical1886|demers1871	yes	B	talapos|Talapos	fox			tlps	talapus|talapusha|tolapus	
talapus	4	gibbs1863|hibben1889|shaw1909|long1909	no	A	Tal-a-pus|T'al-a-pus	A sort of deity or supernatural being, prominent in Indian mythology | The coyote or prairie wolf, a sort of deity or supernatural being, prominent in Indian mythology; a sneak | The coyote; a sneak		n	tlps	talapos|talapusha|tolapus	
talapusha	1	demers1871	no	B	Talapusha				tlps	talapos|talapus|tolapus	
talis	1	gill1909	no	B	Tal'is	Darling; beloved			tls	tealis	
talke	1	gill1887	no	A	Tal-ke	Yesterday. Ikt tal-kie: day before yesterday			tlk	tahlkee|tahlkie	
tamahnawis	1	gill1887	no	A	Ta-mah-na-wis	Magic; luck; fortune; anything su pernatural			tmnws	tamahnawus	
tamahnawus	1	gill1909	no	A	Ta-mah'-na-wus	Magic; luck; anything supernatural			tmnws	tamahnawis	
tamahnous	3	gibbs1863|hibben1889|shaw1909	no	A	Ta-mah-no-US|Ta-mah-no-us	A sort of guardian or familiar spirit; magic; luck; fortune; any thing supernatural | Magic; luck; fortune; anything supernatural | A sort of guardian or famililiar spirit; magic; luck; fortune; anything supernatural; the spirits; a ghost; goblin; idol; witch		n	tmns		
tamandar	0		no	C	tamandar				tmndr		unvalidated_candidates_in=rudiments1898; kamloops_candidate_only
tamanna	1	demers1871	no	B	Tamanna	evil spirit, indian juggle			tmn	atimin|etamana|temen	
tamannomas	1	long1909	no	B	Ta-man-no-mas	Magic; luck; good fortune		n	tmnms		
tamanoaz	1	practical1886	yes	B	Tamanoaz	ghost, Juggle			tmnz		
tamdlich	1	gill1909	no	B	Ta-md'-lich	Cask; tub; bucket			tmdlC		
tame son	1	rudiments1924	yes	B	tame son				tmsn		
tamolich	1	demers1871	no	A	Tamolich	oe tub			tmlC	tamolitch|tamoolich	
tamolitch	1	gill1887	no	B	Ta-mo-litch	Tub; barrel; bucket			tmlC	tamolich|tamoolich	
tamolitsh	3	hibben1889|shaw1909|long1909	no	A	Ta-mo-litsh|Ta-mo'-litsh|Ta-mow'-litsh	A tub; barrel; bucket | Yakama,-Tamolitsh (Pandosy) | A tub; bucket; barrel		n	tmlz		
tamoolich	1	practical1886	yes	A	Tamoolich	barrel			tmlC	tamolich|tamolitch	
tanas	1	demers1871	no	A	Tanas	child, little, small It is also said of young animals, by putting the name of the specie ... | small, young one			tns	tans|tanse|tenas	
tanas helehi	0		no	C	Tanas helehi				tnsl		unvalidated_candidates_in=demers1871
tanas tlihil	1	demers1871	no	B	Tanas tlihil	brown			tnsLl		
tanas tluchmen	1	demers1871	no	B	Tanas tluchmen	young girl			tnsLCmn		
tanaz	1	practical1886	yes	B	Tanaz	pappoos, - child, children | small			tnz	tunaz	
tanaz cloochemin	0		no	C	Tanaz cloochemin				tnzklCmn		unvalidated_candidates_in=practical1886; kamloops_candidate_only
tanaz fish	0		no	C	Tanaz fish				tnzfs		unvalidated_candidates_in=practical1886; kamloops_candidate_only
tanaz man	0		no	C	Tanaz man				tnzmn		unvalidated_candidates_in=practical1886; kamloops_candidate_only
tanaz son	0		no	C	Tanaz son				tnzsn		unvalidated_candidates_in=practical1886; kamloops_candidate_only
tanaz spoon	0		no	C	Tanaz spoon				tnzspn		unvalidated_candidates_in=practical1886; kamloops_candidate_only
tance	1	long1909	no	B	Tance	Dance		v,n	tnk		
tanino	1	gill1909	no	B	Ta-ni'-no	Crevasse; canyon; the vulva			tn	itian	
tanlke	1	demers1871	no	B	Tanlke	yesterday			tnlk		
tans	1	practical1886	yes	A	Tans	to dance			tns	tanas|tanse|tenas	
tanse	5	gibbs1863|hibben1889|shaw1909|gill1909|gill1887	no	A	Tanse	To dance | Dance		v,n	tns	tanas|tans|tenas	
tant	0		no	C	Tant				tnt		unvalidated_candidates_in=demers1871
tatham	1	rudiments1898	yes	A	tatham	six			tm	hutoima|taghum|taham	
tatlelam	1	practical1886	yes	B	Tatlelam|tatl'lam	ten			tLlm	tatlelom	
tatlelam pi iht	0		no	C	Tatlelam pi i'ht				tLlmpt		unvalidated_candidates_in=practical1886; kamloops_candidate_only
tatlelom	1	demers1871	no	B	Tatlelom	ten			tLlm	tatlelam	
tattilam	0		no	C	tattilam				tlm		unvalidated_candidates_in=rudiments1898; kamloops_candidate_only
taye	0		no	C	ta'ye				t		unvalidated_candidates_in=rudiments1898; kamloops_candidate_only
tchukin	1	gibbs1863	no	A	T'chuk'-in|Tsugh'-ken				Ckn	chicken|chiken|chikunn|chokinin|chukkin	
tdlo	1	gill1909	no	B	Td'-lo	To earn. To win at a game; to gain			tdl		
tea	5	gibbs1863|hibben1889|gill1909|gill1887|long1909	no	A	Tea	Tea		n	t		
teahwit	5	gibbs1863|hibben1889|shaw1909|gill1909|long1909	no	A	Te-ah-wit|Te-ah'wit|Te-ah'-wit	The leg; thefoot | The leg; the foot | The leg-; the foot | The leg		n	twt	tewhate|tiawit	
tealis	1	gill1909	no	B	Te-a'-lis	Yesterday			tls	talis	
tehe	0		no	C	tehe				t		unvalidated_candidates_in=rudiments1924; kamloops_candidate_only
tehteh	6	gibbs1863|hibben1889|shaw1909|gill1909|gill1887|long1909	no	A	Teh-teh	To trot, as a horse | 'To trot as a horse | To trot; trotting		v	t		
teikom	1	rudiments1924	yes	B	Teikom				tkm	ittokum|taghkum|tahkum|ttkom	
teke	0		no	C	Teke				tk	tikegh|tikeh	unvalidated_candidates_in=practical1886; kamloops_candidate_only
tekek	0		no	C	Tekek				tk	tikegh|tikeh	unvalidated_candidates_in=demers1871
teketchi	0		no	C	teketchi				tkC		unvalidated_candidates_in=rudiments1924; kamloops_candidate_only
tekop	1	rudiments1924	yes	B	teKop				tkp	tkop|tkope	
tekop ay	1	rudiments1924	yes	B	teKop ay	white			tkp	tekop|tkop|tkope	
tekwilla	1	rudiments1924	yes	B	tekwilla				tkwl	tukwilla	
tel	1	practical1886	yes	A	Tel	tired. °			tl	otelagh|til|till|tolo	
telemin	2	gill1909|gill1887	no	A	Tel'-e-min|Tel-e-min|E'-tin-will	Ribs. (Also eetinwill.) | Ribs			tlmn		
telikom	2	rudiments1924|practical1886	yes	A	telikom|Telikom	friend | indians			tlkm	tilakum|tilikiim|tilikum|tilikummama	
telixach	1	gill1887	no	A	Te-lix-ach	The fingers. (Also, le-doo.)			tlksC	teluxach	
teluxach	1	gill1909	no	A	Tel-ux-ach	The fingers. (See ledoo.)			tlksC	telixach	
temen	1	rudiments1924	yes	B	tem'en				tmn	atimin|etamana|tamanna	
tenas	6	gibbs1863|hibben1889|shaw1909|gill1909|gill1887|long1909	no	A	Ten'-as|Tan'-as|Tenas|Tan'as	Small; few; little; a child; the young of any animal | Small; few; little; a child; the young ot any animal | Small; few; little; a child; the youngof any animal | Small; few; a child; a little; young one | Small, few, little; a child; the young of any animal | Few; little; small; a little child		n,adj	tns	tanas|tans|tanse	
teouit	1	gill1887	no	B	Te-ou-it|Te-6u-it	The leg, or foot			t		
tepah	1	hibben1889	no	A	Te-pah	Quills; the wing of a bird			tp	tepeh	
tepeh	5	gibbs1863|shaw1909|gill1909|gill1887|long1909	no	A	Te-peh	Quills; the wings of a bird | quill, wing | Quills; wings of a bird | Quills; wings of birds		n	tp	tepah	
tepso elehe	0		no	C	Tepso elehe				tpsl		unvalidated_candidates_in=practical1886; kamloops_candidate_only
tepso house	1	practical1886	yes	B	Tepso house				tps	tipso|tupso	
tettoosh	2	rudiments1924|practical1886	yes	A	tettoosh|Tettoosh	butter | milk, butter			ts	totoosh|totush	
tewagh	1	gill1887	no	A	Te-wagh	Bright; shining; light			tw	towa|towagh|towah|twah	
tewhate	1	demers1871	no	B	Tewhate	thin			twt	teahwit|tiawit	
tfoos	0		no	C	tfoos				tfs		unvalidated_candidates_in=rudiments1924; kamloops_candidate_only
thousand	1	shaw1909	no	B	Thousand			adj	tsnd		
thpui	0		no	C	Thpui				tp	tepah|tepeh	unvalidated_candidates_in=demers1871
ti	0		no	C	Ti				t		unvalidated_candidates_in=demers1871
tiabtlah	0		no	C	Tiabtlah				tbL		unvalidated_candidates_in=demers1871
tiawilh	0		no	C	Tiawilh				twl		unvalidated_candidates_in=practical1886; kamloops_candidate_only
tiawit	1	rudiments1924	yes	B	tiawit				twt	teahwit|tewhate	
tif	0		no	C	tif				tf		unvalidated_candidates_in=rudiments1924; kamloops_candidate_only
tik tuk	1	rudiments1924	yes	B	tik tuk				tktk	tiktik	
tikegh	4	gibbs1863|hibben1889|shaw1909|long1909	no	A	Tik-egh|Tu-kegh|Tiky	To want; wish; love; like | 'lo want; wish; love: like | To want; wish; love; like; choose; pick | Wish; love; to want; like		v	tk	tikeh	
tikeh	2	gill1909|gill1887	no	A	Tik'-eh|Tik-eh	To wish; to like, to love | To want; wish; love; like			tk	tikegh	
tiktik	6	gibbs1863|hibben1889|shaw1909|gill1909|gill1887|long1909	no	A	Tik'-tik|Tik-tik	A watch | Watch; clock		n	tktk		
til	1	demers1871	no	A	Til	tel heavy, tired			tl	otelagh|tel|till|tolo	
til telikom	1	practical1886	yes	B	Til telikom				tltlkm		
tilakum	2	gill1909|gill1887	no	A	Til'-a-kum|Til-a-kum	People; a man or person | People. Kul-tus til-a-kum: bad or worth less persons			tlkm	telikom|tilikiim|tilikum|tilikummama	
tilikiim	1	long1909	no	A	Til'-i-kiim	Friend; people		n	tlkm	telikom|tilakum|tilikum|tilikummama	
tilikum	3	gibbs1863|hibben1889|shaw1909	no	A	Til'-i-kum|Til-i-kum|tilakum	People. Applied generally, it means those who are not chiefs | People. Cultus tilikum, common or insignificant persons | People; relations; relatives; associate; family; folks; friends; kin; kindred; band; tribe; fellow nation; population; person		n	tlkm	telikom|tilakum|tilikiim|tilikummama	
tilikummama	3	gibbs1863|hibben1889|shaw1909	no	A	Til'-i-kum-ma-ma|Til-i-kum-ma-ma	A father. The word is not in use in Jargon | A father | A father. (The word is not in use in Jargon. - Hale.) Till, or.Tull, adj., h		n	tlkm	telikom|tilakum|tilikiim|tilikum	
till	3	gibbs1863|hibben1889|gill1887	no	A	Till|Tull	Tired; heavy; weight; a weight | Tired; heavy. Hy-as till ni-ka: I am very tired		adj,n	tl	otelagh|tel|til|tolo	
tilshel	1	gill1887	no	B	Til-shel	A husband			tlsl		
tinatin	1	long1909	no	A	Tina-tin	Musical instrument; a bell		n	tntn	tintin	
tintin	8	rudiments1924|practical1886|gibbs1863|hibben1889|shaw1909|gill1909|gill1887|demers1871	yes	A	tintin|Tintin|Tin'-tin|Tin-tin	bell | By onoma. A bell; a musical instrument | <A bell; a musicalinstrument | A bell; an hour; a musical instrument | A bell; a musical instrument | bell, violin and		n	tntn	tinatin	
tintin saplil	1	demers1871	no	B	Tintin saplil	flour, elawit, leg, foot print			tntnspl		
tintm	1	rudiments1924	yes	B	tintm	bell			tntm	tiuntimi	
tioon tatllam	0		no	C	Tioon tatl'lam				tntLlm		unvalidated_candidates_in=practical1886; kamloops_candidate_only
tipshin	1	long1909	no	A	Tip'-shin	A needle		v	tpsn	tupshin	
tipso	4	hibben1889|gill1909|gill1887|demers1871	no	A	Tipso|Tip-so|Tip'-so|tipso	Grass; leaves; fringe; feathers; fur. ipso illahie, prairie | A leaf; leaves; grass; fringe; feathers; fur | Grass, leaves, hair, fur, feathers | bottom grass | hair, beard, leaf, hay, wool, straw			tps	tupso	
tishkoko	1	gill1909	no	B	Tish-ko-ko	Fox			tsk		
tiuntimi	1	long1909	no	B	Tiun'-timi	The will; opinion; the heart			tntm	tintm	
tkop	1	demers1871	no	A	Tkop	white			tkp	tekop|tkope	
tkope	5	gibbs1863|hibben1889|shaw1909|gill1909|gill1887	no	A	T'kope	White; light-colored | White; light colored		adj	tkp	tekop|tkop	
tkta	1	rudiments1924	yes	B	tkta				tkt	takta|toketee|toketie|tokta|yootkat	
tlabane	0		no	C	Tlabane				Lbn		unvalidated_candidates_in=demers1871
tlabowiam	0		no	C	tlabowiam				Lbwm		unvalidated_candidates_in=demers1871
tlai	0		no	C	Tlai				L		unvalidated_candidates_in=demers1871
tlak	2	gill1909|demers1871	no	A	Tlak|tlak	Good; to love | to take or pull off, to break			Lk	klahetlak|klak|klook|tleyuk	
tlakalb	1	demers1871	no	B	Tlakalb	wide			Lklb		
tlaksta	1	demers1871	no	A	Tlaksta	who, some one			Lkst	klaksta	
tlaktlak	0		no	C	Tlaktlak				LkLk		unvalidated_candidates_in=demers1871
tlanemas	0		no	C	Tlanemas				Lnms		unvalidated_candidates_in=demers1871
tlap	2	practical1886|demers1871	yes	A	T'lap|Tlap	to find | to find, catch			Lp	klap|klip|tlep	
tlatoa	0		no	C	tlatoa|Tlatoa				Lt		unvalidated_candidates_in=demers1871
tlatoa kikwile	0		no	C	Tlatoa kikwile				Ltkwl		unvalidated_candidates_in=demers1871
tlatoa sahali	0		no	C	Tlatoa sahali				Ltsl		unvalidated_candidates_in=demers1871
tlatwa	1	rudiments1898	yes	B	tlatwa	slowly			Ltw	klatawa|klatwa|klatwe	
tlaumsh	1	gill1909	no	B	Tla-umsh	Drink; to drink. (O. C.)			Lms		
tlawa	2	practical1886|demers1871	yes	A	Tlawa	slowly | slowly, softly			Lw	ethlow|klahowya|klahwa|klawa|klawah	
tlehl	2	gibbs1863|shaw1909	no	A	Tlehl				Ll	itlooilh|itluil|klale|klihl|klile	
tlemem tlemen	1	rudiments1924	yes	B	tLemem tlemen				LmLmn		
tlemen	1	rudiments1898	yes	A	tlemen	soft			Lmn	klemahun|klemeahun|klimmin|tlemin	
tlemenoohit	0		no	C	Tlemenoohit				Lmnt		unvalidated_candidates_in=practical1886; kamloops_candidate_only
tlementlemen	2	rudiments1924|practical1886	yes	B	tlemen-tlemen|Tlemen-tlemen				LmnLmn		
tlemin	1	demers1871	no	B	tlemin				Lmn	klemahun|klemeahun|klimmin|tlemen	
tleminwhit	1	demers1871	no	A	Tleminwhit	to lie, to be unfaithful			Lmnwt	kliminawhit|kliminawit	
tlep	2	practical1886|demers1871	yes	A	tlep|Tlep	first of all | to sink			Lp	klap|klip|tlap	unvalidated_candidates_in=rudiments1924
tlepait	1	gill1909	no	A	Tle-pait	Nerve; nerves			Lpt	klapait|klapite|tlipait	
tleyuk	1	gill1909	no	B	Tle'-yuk	A spark of fire			Lk	klahetlak|klak|klook|tlak	
tli	0		no	C	tli				L		unvalidated_candidates_in=rudiments1898; kamloops_candidate_only
tlil telikom	1	rudiments1924	yes	B	Tlil telikom				Lltlkm		
tlimintlimin	0		no	C	Tlimintlimin				LmnLmn	tlementlemen	unvalidated_candidates_in=demers1871
tlinite	1	demers1871	no	B	Tlinite				Lnt	klanite	
tlipait	1	demers1871	no	A	Tlipait	thread, string, sin-ew			Lpt	klapait|klapite|tlepait	
tliskwis	1	demers1871	no	A	Tliskwis	mat			Lskws	kliskwis|kliskwiss	
tlkop	1	demers1871	no	A	Tlkop	sitkom, piece, half | to cut, chop, '" oibat, to supplant, to cut one's road			Lkp	tlkope	
tlkope	5	gibbs1863|hibben1889|shaw1909|gill1909|gill1887	no	A	Tl'kope|Tlkope|Tl'-kope	To cut; hew; chop | To cut; to split; to hew | To cut, hew, chop		v	Lkp	tlkop	
tlkul	1	gill1909	no	A	T'lkul	Quiet; silent			Lkl	klukulh|klukull	
tlonas	1	demers1871	no	A	Tlonas	perhaps, may be, eyuivocal answer			Lns	kleonas|klonas|klonass|kloonas	
tloon	2	rudiments1898|practical1886	yes	A	tloon|Tloon	three			Ln	ethlan|itlan|klahanee|klahhane|klone	
tloon son	2	rudiments1924|practical1886	yes	B	tloon son|Tloon son				Lnsn		
tloon tattitam	1	rudiments1924	yes	B	tloon tattitam	thirty			Lntm		
tloos	1	practical1886	yes	A	Tloos	good			Ls	iiakles|klis|klose|kloshe|tlosh	
tloos mal	1	practical1886	yes	B	Tloos Mal				Lsml		
tloos mali	1	rudiments1924	yes	B	Tloos Mali				Lsml		
tloos nanich	1	practical1886	yes	B	Tloos nanich	to take care			LsnC		
tlooy	0		no	C	tlooy				L		unvalidated_candidates_in=rudiments1898; kamloops_candidate_only
tlosh	1	demers1871	no	A	Tlosh				Ls	iiakles|klis|klose|kloshe|tloos	
tluchmen	1	demers1871	no	A	Tluchmen	woman, female,. It is used to design the female of ll animals, by putting it before the ...			LCmn	kloochman|klootchman|klootchmin	
tlwhop	1	demers1871	no	A	tlwhop	to dig a hole			Lwp	klahwap|klawhap|klawhop	
to apus	0		no	C	To1-a-pus|T61-a-pus				tps	tipso|tupso	unvalidated_candidates_in=gill1887
tobolal	0		no	C	Tobolal				tbl		unvalidated_candidates_in=demers1871
toh	6	rudiments1924|gibbs1863|hibben1889|gill1909|gill1887|long1909	yes	A	toh|Toh|Tooh	A manufac tured word | Spit. Mamook spit | To spit. (Mamook toh.) | Spittle. Mam-ook toh; to spit		n	t		
toketee	1	gill1909	no	A	Toke'-tee	Pretty; nice; good			tkt	takta|tkta|toketie|tokta|yootkat	
toketie	2	hibben1889|shaw1909	no	A	Toke-tie|T'oke-tie	Pretty kine To-lo, To earn; to win ata game; to gain | Pretty. (Not in common use.) | pretty		adj	tkt	takta|tkta|toketee|tokta|yootkat	
tokta	1	rudiments1924	yes	B	tokta	f- doctor			tkt	takta|tkta|toketee|toketie|yootkat	
tolapus	1	gill1909	no	A	Tol'-a-pus	The coyote. Tolapus was a great hero and demigod in Indian myth. (See tah.)			tlps	talapos|talapus|talapusha	
tolke smo	1	rudiments1924	yes	B	tol'Ke smo				tlksm		
tolo	6	rudiments1924|practical1886|gibbs1863|shaw1909|gill1887|demers1871	yes	A	tolo|Tolo|To'-lo|To-lo	to gain, win, to beat | To earn; to win at a game; to gain | To earn; to win at a game; to gain; control; convince; manage; defeat; overcome; overthrow; prevail; profit; prosper; subdue; subject; succeed; triumph | To earn; to win; to gain | to gain, earn, win, beat, vainquish		v	tl	otelagh|tel|til|till	
toluks	3	gibbs1863|shaw1909|long1909	no	A	To'-luks	Clallam, TOYUK. The mussel | The mussel. (Used on Puget Sound only.) | the mussel. THE CHINOOK JARGON | Mussels (sheU fish)		n	tlks	tolux	
tolux	1	gill1909	no	A	To'-lux	Mussels (used only on the Sound and northward)			tlks	toluks	
tom	0		no	C	tom				tm	hutoima|taghum|taham|tatham	unvalidated_candidates_in=practical1886; kamloops_candidate_only
tom lke son	1	rudiments1924	yes	B	tom' lke son	yesterday			tmlksn		
tomahla	1	gill1887	no	A	To-mah'-la	To-morrow. Ikt to-mah'-la; the day after to-morrow			tml	tomalo|tomolla|toomalo	
tomalo	1	rudiments1924	yes	B	tomalo				tml	tomahla|tomolla|toomalo	
tomblla	1	gill1909	no	B	To-mbl'-la	Tomorrow			tmbl		
tomolla	3	gibbs1863|hibben1889|shaw1909	no	A	To-mol-la	Ikt tomolla, or copct tomolla, the day after | To-morrow. Ikt tommolla, the day after | To-morrow. Ikt tomolla, or kopet tomolla, - day after to-morrow		adv	tml	tomahla|tomalo|toomalo	
tomsteo	0		no	C	Tomsteo				tmst		unvalidated_candidates_in=demers1871
tomtom	2	rudiments1924|practical1886	yes	A	Tom'tom|tom'tom|tomtom|Tomtom	heart			tmtm	tumtum	
ton	0		no	C	Ton				tn	itian|tanino	unvalidated_candidates_in=demers1871
toomalo	1	practical1886	yes	A	Toomalo	to morrow			tml	tomahla|tomalo|tomolla	
toot	0		no	C	toot				t		unvalidated_candidates_in=rudiments1924; kamloops_candidate_only
tootle	0		no	C	Tootle				tL		unvalidated_candidates_in=practical1886; kamloops_candidate_only
topechin	1	gill1909	no	B	Tope'-chin	A patch; to patch			tpCn		
tot	7	rudiments1924|rudiments1898|gibbs1863|hibben1889|shaw1909|gill1887|long1909	yes	A	tot|Tot	Sweet | An uncle | uncle		n	t		
toto	7	rudiments1924|gibbs1863|hibben1889|shaw1909|gill1909|gill1887|demers1871	yes	A	toto|to'to|To'-to|To-to|Toto	To shake; sift any thing; winnow | To shake; sift anything; winnow | to shake, sift, winnow | To shake; to sift; to winnow | To shake; to sift anything | winnowing mill		v	t		
totoosh	5	gibbs1863|hibben1889|gill1909|gill1887|long1909	no	A	To-toosh|Ta-toosh	Chippeway, TOTOSH. (Schoolcraft.) The breasts of a female; milk | The breast of a female; milk | The breasts of a woman; the udder of an animal | Milk; bosom | Female breasts; milk		n	ts	tettoosh|totush	
totoosh gleese	1	gill1887	no	A	To-toosh gleese	Butter			tsgls		
totush	1	demers1871	no	A	Totush	milk			ts	tettoosh|totoosh	
totush klis	1	demers1871	no	B	Totush klis	butter			tsLs		
towa	1	demers1871	no	A	Towa	clear, shining, liant			tw	tewagh|towagh|towah|twah	
towagh	4	gibbs1863|hibben1889|shaw1909|long1909	no	A	To-wagh|To-wa'gh	Bright; shining; light | Light; bright; shining		adj	tw	tewagh|towa|towah|twah	
towah	1	gill1909	no	B	To'-wah	The nails			tw	tewagh|towa|towagh|twah	
towal	0		no	C	Towal				twl		unvalidated_candidates_in=demers1871
tpsoot	1	rudiments1924	yes	B	tpsoot	ne hide			tpst		
tsalil	1	gill1909	no	B	Tsa'-lil	Lake			zl	tsolo	
tsalpat	1	rudiments1924	yes	B	tsalpat				zlpt	tsolepat|tsolepiit	
tsdleput	1	gill1909	no	B	Tsdle'-put	A shot-pouch			zdlpt		
tsee	6	gibbs1863|hibben1889|shaw1909|gill1909|gill1887|long1909	no	A	Tsee|T'see	Sweet		adj	z		
tseepe	1	gill1887	no	A	Tsee-pe	To miss the mark; blunder			zp	tseepee|tseepie|tsepe	
tseepee	1	gill1909	no	A	Tsee'-pee	To miss the mark; to blunder			zp	tseepe|tseepie|tsepe	
tseepie	3	gibbs1863|hibben1889|shaw1909	no	A	Tsee'-pie|Tsee-pie|Tsee'pie	To miss a mark; to mistake one's road; to make a blunder in speaking; to err or blunder | To missa mark; to make a blunder | To miss a mark; to mistake one's road; to make a blunder in speaking; to err or blunder; deceive; false; illusive; deceitful		v,adj	zp	tseepe|tseepee|tsepe	
tseh	0		no	C	Tseh				z		unvalidated_candidates_in=demers1871
tsem	2	rudiments1898|practical1886	yes	B	tsem|Tsem	writing			zm	etshum|tsom	unvalidated_candidates_in=rudiments1924
tsepe	3	rudiments1924|rudiments1898|practical1886	yes	B	tse'pe|tsepe|Tsepe				zp	tseepe|tseepee|tseepie	
tshike	4	gibbs1863|hibben1889|shaw1909|long1909	no	A	Tshi'-ke|Tshi-ke	Directly; soon | directly, soon | Soon; directly		adv	zk	tshikeh|tsuk	
tshikeh	2	gill1909|gill1887	no	A	Tshi'keh|Tshi-keh	Soon; directly | Directly; soon			zk	tshike|tsuk	
tshiktshik	1	hibben1889	no	A	Tshik-tshik	A wagon; a cart; a wheel			zkzk	tsiktsik	
tshis	2	gibbs1863|shaw1909	no	A	Tshis	Cold. Not in common use | cold		adj	zs	tshish|tsish	
tshish	2	hibben1889|gill1909	no	A	T'shish|Tshish	Cold 20 DICTIONARY OF THE. GHINOOK JARGON | Cold			zs	tshis|tsish	
tsi	0		no	C	Tsi				z		unvalidated_candidates_in=demers1871
tsialist	1	gill1909	no	B	Tsi-a'-list	A branch			zlst		
tsiatka	1	hibben1889	no	A	T'si-at-ka	A nocturnal demon much feared by the Indians			ztk	tsiatko	
tsiatko	3	gibbs1863|shaw1909|gill1887	no	A	Tsi-at-ko	The Skagits give this name to/ the " Couteaux," a tribe of Indians on Frazer River, of whom they stand in like awe | A nocturnal demon; a goblin		n	ztk	tsiatka	
tsik tsik	1	gibbs1863	no	A	Tsik -tsik|Tchik -tchik	Tsiktsik wayhut, a wagon-road		n	zkzk	tshiktshik|tsiktsik	
tsiktsik	4	practical1886|shaw1909|demers1871|long1909	yes	A	Tsiktsik|Tsik'-tsik|Tchik tchik|tsiktsik	wagon, cart, etc | A wagon; a cart; a wheel | wagon, cart, all wheel-vehicles | to haul with - & wagon | A wagon; cart; wheels		n	zkzk	tshiktshik	
tsiltsil	4	practical1886|gibbs1863|hibben1889|demers1871	yes	A	Tsiltsil|Tsil'-tsil|Chil'-chil|Tsil-tsil|Chil-chil	button | Buttons; the stars | button, star			zlzl	tsiltsul	
tsiltsul	1	practical1886	yes	A	Tsiltsul	Stars			zlzl	tsiltsil	
tsish	5	gibbs1863|hibben1889|shaw1909|gill1909|gill1887	no	A	Tsish	By onoma., in imitation of the sound of a grindstone. (Shaw.) Mamook tsish, to sharpen | Sharpen. Mamook tsish, to sharpen | in imitation of the sound of a grindstone | Sharp | Cold; sharp. Mam-ook tsish; to sharpen		v	zs	tshis|tshish	
tsolepat	3	gibbs1863|hibben1889|shaw1909	no	A	Tsole-pat	A shot-pouch | A shot pouch 7		n	zlpt	tsalpat|tsolepiit	
tsolepiit	1	gill1887	no	A	Tsole-piit	A shot-pouch			zlpt	tsalpat|tsolepat	
tsolo	7	rudiments1924|gibbs1863|hibben1889|shaw1909|gill1909|gill1887|long1909	yes	A	tsolo|Tso'-lo|T'so-lo|Tso-lo	(Shaw.) To wander in the dark; to lose one's way | 'To wander in the dark; to lose one's way | to wander; to lose the way | To wander in the dark; to lose one's trail. (Calapooya.) | To wander in the dark; to lose one's way | To wander from one's way		n	zl	tsalil	
tsom	1	demers1871	no	B	Tsom	mark, writing, spot			zm	etshum|tsem	
tsugh	4	gibbs1863|shaw1909|gill1909|gill1887	no	A	Tsugh	A crack or split | A crack or fissure		n,v	z		
tsuk	1	gibbs1863	no	B	Tsuk				zk	tshike|tshikeh	
ttkom	1	rudiments1924	yes	B	tt'Kom				tkm	ittokum|taghkum|tahkum|teikom	
tukamonuk	6	gibbs1863|hibben1889|shaw1909|gill1909|gill1887|long1909	no	A	Tuk-a-mo'-nuk|Tak-a-mo'-nak|Tuk-a-mo-nuk	A hundred. It is, like ten, combined with the digits; as, icht, moxt, klone takamonak, one hundred, two hundred, three hundred, &c | A hundied. It is, like ten, combined with the digits; as icht, mokst, klone tukamonuk, one hundred, two hundred, three hundred, etc | A hundred. It is, like ten, combined with the digits; as, icht, moxt, klone takamonak, - one hundred, two hundred, three hundred, &c | A hundred		adj	tkmnk	takamoonak|takamunak	
tukwilla	5	gibbs1863|hibben1889|shaw1909|gill1887|long1909	no	A	Tuk'-wil-la|To'-kwil-la|Tuk-wil-la	The hazel-nut; nuts generally | The hazel nut; nuts in general *Tum-tum | nuts; the hazel nut | Hazelnuts..Turn-turn | Nuts; hazel-nut		n	tkwl	tekwilla	
tukwitla	1	gill1909	no	B	Tuk-wiT-la	The hazelnut. Nuts in general. (Cala¬ pooya.)			tkwL		
tuletule	0		no	C	tuletule				tltl		unvalidated_candidates_in=demers1871
tumtum	3	gibbs1863|shaw1909|gill1909	no	A	Tum'-tum	By onoma., from the pulsations of the heart. (An derson.) The heart; the will; opinion | The heart; the will; opinion; intellect; intention; estimate; memory; mind; opinion; plan; purpose; reason; soul; spirit; surmise; thought; will | The heart; the will; the conscience; soul		n,v	tmtm	tomtom	
tumwahta	1	gill1887	no	A	Tum-wah-ta	A waterfall			tmwt	tumwata	
tumwata	3	gibbs1863|hibben1889|shaw1909	no	A	Tum-wa'-ta|Tum-wa-ta	TUM, by onoma.; English, WATER. A waterfall, cascade, or cataract | <A waterfall, cascade or cataract | A waterfall, cascade or cataract		n	tmwt	tumwahta	
tumwater	2	gill1909|long1909	no	A	Tum'-wa-ter|Tum-wa'-ter	A waterfall or cataract | A waterfall; cascade		n	tmwtr		
tunaz	1	rudiments1898	yes	B	tunaz	small			tnz	tanaz	
tunaz warm elehe	0		no	C	Tunaz warm elehe				tnzwrml		unvalidated_candidates_in=practical1886; kamloops_candidate_only
tupshin	5	gibbs1863|hibben1889|shaw1909|gill1909|gill1887	no	A	Tup'-shin|Tip'-sin|Tup-shin	A needle. Mamook tipsin, to sew; to mend; to patch. < | A needle. Mamogk tupshin, to sew; to mend; to pitch ee | A Needle. Mamook tipsin, - to sew; to mend; to patch | A needle | A needle. Mam-ook tup-shin; to sew; to mend		v	tpsn	tipshin	
tupso	3	gibbs1863|shaw1909|long1909	no	A	Tup-SO|Tip '-SO|Tup-so|Tip'-so	Grass; leaves, fringe; feathers; fur | A leaf; grass; leaves; fringe; feathers; fur; hair | Grass; leaves; feathers; fur		n	tps	tipso	
tush	0		no	C	Tush				ts	tettoosh|totoosh|totush	unvalidated_candidates_in=demers1871
twah	1	gill1909	no	A	Twah|T'wah	Shining; bright; light T'sak; mamook t'sak | Shining; bright; light of a lamp or fire			tw	tewagh|towa|towagh|towah	
tyee	5	hibben1889|shaw1909|gill1909|gill1887|long1909	no	A	Tyee|Ty'-ee|Ty-ee	A chief. Saghalie tyee, the Deity | A chief; gentleman; officer; superior; boss; foreman; manager; Indian agent; king; emperor; president | Chief. Superior | A chief | Superior in order; a chief		n,adj	t		
tzum	5	gibbs1863|hibben1889|shaw1909|gill1887|long1909	no	A	Tzum|T'ss-zum|Tsum	Mixed colors; spots or stripes; a mark or figure; writing; paint; painted | Mixed colors; spots or stripes;a mark or figure; writing, paint, painted | Mixed colors; spots or stripes; a mark or figure; writing; paint; painted; picture | Mixed colors; spots or stripes; a mark, or fig ure; writing; paint | Colors; spots; to write; writing; painted		n,adj	tzm	hahtatshum	
ualtee	1	gill1909	no	B	U-al'-tee	Joy; gladness			lt		
ubsh	1	gill1909	no	B	Ubsh	Wood. Ul'-ken (sometimes written oo'-la-chan)			bs		
ulalach	2	gill1909|gill1887	no	A	Ul-a-lach|Ul-al-ach	Wild onion; onion | Onions			lC	lach|lahache|ulchey	
ulchey	2	gill1909|gill1887	no	A	Ul-chey	The moose. w | The moose			lC	lach|lahache|ulalach	
um pol	0		no	C	um pol				mpl		unvalidated_candidates_in=rudiments1924; kamloops_candidate_only
umer	0		no	C	Umer				mr		unvalidated_candidates_in=rudiments1924; kamloops_candidate_only
utah	1	shaw1909	no	B	UTah	Behold; look; look here; ha; hey; look here; I say; listen; here; ho; hark; harken; say		interj	t		
utl	0		no	C	utl				L		unvalidated_candidates_in=rudiments1898; kamloops_candidate_only
vlep	0		no	C	vlep				vlp		unvalidated_candidates_in=rudiments1898; kamloops_candidate_only
vsugh	1	hibben1889	no	B	Vsugh	A crack or split			vs		
wach	0		no	C	Wach				wC	ouwucheh|owwoochee	unvalidated_candidates_in=practical1886; kamloops_candidate_only
wagh	5	gibbs1863|hibben1889|shaw1909|gill1909|gill1887	no	A	Wagh	To pour; to spill; to vomit | 'To pour; to spill; to vomit | To spill; to pour; to vomit | To spill; to pour out		v	w		
wah	0		no	C	Wa'h				w		unvalidated_candidates_in=practical1886; kamloops_candidate_only
wahpoos	0		no	C	Wa'hpoos				wps		unvalidated_candidates_in=practical1886; kamloops_candidate_only
wail	0		no	C	Wail				wl	ayahwhul|ayihwhul|whullah|yahwhul	unvalidated_candidates_in=demers1871
wake	5	gibbs1863|hibben1889|shaw1909|gill1909|gill1887	no	A	Wake	No; not.^ | No; not | No; not; none; the negative | (Written also wik, wek) | No; not; none		adv	wk	waki|week	
wake alta	1	gill1887	no	A	Wake al-ta	Not now			wklt		
wake klaxta	1	gill1887	no	A	Wake klax-ta	Not any one			wkLkst		
wake konsi	1	gill1887	no	A	Wake kon-si	Never			wkns		
waki	4	gibbs1863|hibben1889|shaw1909|gill1887	no	A	Wa'-ki|Wa-ki	To-morrow. Not Jargon | To-morrow		adv	wk	wake|week	
wakik	0		no	C	Wakik				wk	wake|waki|week	unvalidated_candidates_in=demers1871
wam	1	demers1871	no	A	Wam	heat, warm			wm	waum|whim	
wandis	0		no	C	wandis				wnds		unvalidated_candidates_in=rudiments1924; kamloops_candidate_only
wapetu	1	demers1871	no	B	Wapetu				wpt	wappato|wappatoo|wapto|wepto	
wappato	2	hibben1889|gill1909	no	A	Wap-pa-to|Wap'-pa-to	<A potato | A water plant ( saggitaria saggitifolia ) of the lower country, having an excellent edible tuberous root, formerly much prized by natives and whites			wpt	wapetu|wappatoo|wapto|wepto	
wappatoo	3	gibbs1863|shaw1909|gill1887	no	A	Wap'-pa-too|wap'-a-to|Wap-pa-too	Quaere u. d. The root of the Sagitaria sagittifolia, which forms an article of food; the potato | The root of the Sagitaria sagittifolia, which forms an article of food | Potatoes		n	wpt	wapetu|wappato|wapto|wepto	
wapto	1	practical1886	yes	A	Wapto	potatoes			wpt	wapetu|wappato|wappatoo|wepto	
warm elehe	0		no	C	Warm elehe				wrml		unvalidated_candidates_in=practical1886; kamloops_candidate_only
wash	7	rudiments1924|practical1886|hibben1889|shaw1909|gill1909|gill1887|demers1871	yes	A	wash|Wash	or l wash | to wash, ) baptise | Baptized. ee | Wash. Mamook wash, to wash | Wash | Wash. Mam-ook wash; to wash		v	ws	ewash	
washington	1	shaw1909	no	B	Washington	Congress; the City of Washington; the Indian Department at Washington		n	wsngtn		
watch	0		no	C	Watch				wC	ouwucheh|owwoochee	unvalidated_candidates_in=practical1886; kamloops_candidate_only
waum	5	gibbs1863|hibben1889|shaw1909|gill1909|gill1887	no	A	Waum	Hyas waum, hot; wauin illahie, summer; mamook waum, to heat; waum-sick-cole-sick, fever and ague | Warm. Hyas waum, hot | Warm | Warm. Hy-as waum; hot		adj	wm	wam|whim	
waum illahe	1	gill1887	no	B	Waum ill-a-he	Summer			wml		
waumsick	1	gill1887	no	B	Waum-sick	Fever			wmsk		
wauwau	1	hibben1889	no	B	Wau-wau	To talk; speak; call; ask; tell; answer; talk or conversation			w		
wawa	3	practical1886|shaw1909|demers1871	yes	A	Wawa|wau-wau	to speak | To talk; speak; call; ask; tell; answer; enquire; declare; salue; announce; talk or conversation; converse; apply; articulate; alleere; assert; blab; gab; chatter; communicate; argue; gossip; demand; discuss; express; exclaim; hint ... | to speak, gay, ask		v,n	w		
wawii	1	gill1909	no	B	Wa'-wii	Talk, to talk, speak, call, ask, tell, answer			w		
wayhut	1	hibben1889	no	B	Way-hut	A road or trail			wt	weght|weht	
webt	0		no	C	Webt				wbt		unvalidated_candidates_in=demers1871
wecoma	1	gill1909	no	B	We-co'-ma	The sea. This word is worth perpetuating			wkm		
week	1	shaw1909	no	B	Week	A week. "It is steadily taking the place of Sunday for week, though I seldom heard it eighteen years ago." - Eells		n	wk	wake|waki	
weght	4	hibben1889|shaw1909|gill1909|gill1887	no	A	Weght	Again; also; more | Again; more; also | Again; aho; more		adv	wt	wayhut|weht	
weht	1	practical1886	yes	A	We'ht	again			wt	wayhut|weght	
wek	0		no	C	Wek				wk	wake|waki|week	unvalidated_candidates_in=practical1886; kamloops_candidate_only
wek klaksta	2	rudiments1924|practical1886	yes	B	wek Klaksta|Wek klaksta				wkLkst		
wek saia	0		no	C	Wek saia				wks		unvalidated_candidates_in=practical1886; kamloops_candidate_only
wektlaksta	0		no	C	Wektlaksta				wkLkst		unvalidated_candidates_in=demers1871
wepto	1	rudiments1924	yes	B	wepto				wpt	wapetu|wappato|wappatoo|wapto	
wewa	1	rudiments1924	yes	B	Wewa	Lo speak			w		
whawh	0		no	C	Whawh				w		unvalidated_candidates_in=demers1871
whim	6	rudiments1924|gibbs1863|hibben1889|shaw1909|gill1909|gill1887	yes	A	whim|Whim	Whim stick, a fallen tree; mamook whim okook stick, fell that tree | To fell. Whim stick,a fallen tree | to fell; to throw, in wrestling | Fallen; to fell | To fall. Mam-ook whim; to throw in wrest ling; to fell a tree		v	wm	wam|waum	
whimstick	1	gill1887	no	B	Whim-stick	A fallen tree			wmstk		
whullah	1	gill1909	no	B	Whul-lah	Warm			wl	ayahwhul|ayihwhul|yahwhul	
win	2	practical1886|demers1871	yes	B	Win	Wind | wind, |			wn		
winapee	1	gill1909	no	A	Win'-a-pee	By-and-by; presently. (Alki is more commonly in use)			wnp	winapie	
winapie	4	gibbs1863|hibben1889|shaw1909|gill1887	no	A	Win'-a-pie|Win-a-pie	Btj-and-byc; pres ently; wait | Bvy-and-bye; presently; wait | By-and-bye; presently; wait | Wait; presently		adv	wnp	winapee	
wind	5	gibbs1863|hibben1889|shaw1909|gill1909|gill1887	no	A	Wind|Win	Wind. The winds are often known by the country from which they blow; as, for instance, on the Columbia, an easterly is a Walla-walla wind; at the mouth of the river, a southerly is a Tilamooks wind, &c | Wind. Halo wind, out of breath (dead.) | Wind; breath; air; atmosphere | Wind; breath | Wmd. Ha-lo wind; not breathing; dead calm		n	wnd	windo|wundo	
windo	1	practical1886	yes	B	Windo	Window			wnd	wind|wundo	
witka	1	gill1909	no	B	Wit'-ka	Now; at present time			wtk		
wonom	0		no	C	wonom				wnm		unvalidated_candidates_in=rudiments1924; kamloops_candidate_only
wootmat	1	gill1909	no	B	WootMat	A phallus. Often represented in carved pestles			wtmt		
wswa	1	gill1887	no	B	Ws.-wa	To talk; call			wsw		
wundo	1	rudiments1924	yes	B	wundo				wnd	wind|windo	
xaakali	0		no	C	Xaa'-kali				kskl		unvalidated_candidates_in=shaw1909
xahdena	0		no	C	Xah-de-na				ksdn		unvalidated_candidates_in=shaw1909
xahpho	0		no	C	Xahp-ho				ksf		unvalidated_candidates_in=shaw1909
xehloke	0		no	C	Xeh-loke|Kaloke				kslk		unvalidated_candidates_in=shaw1909
xehwa	0		no	C	Xeh-wa				ksw		unvalidated_candidates_in=shaw1909
xetling	0		no	C	Xet-ling				ksLng		unvalidated_candidates_in=shaw1909
xinootl	0		no	C	Xi'-nootl				ksnL		unvalidated_candidates_in=shaw1909
xium	0		no	C	Xium				ksm		unvalidated_candidates_in=shaw1909
xlakwun	0		no	C	Xlak'-wun				kslkwn		unvalidated_candidates_in=shaw1909
xlawhop	0		no	C	Xla-whop				kslwp		unvalidated_candidates_in=shaw1909
xwalh	0		no	C	Xwal'h				kswl		unvalidated_candidates_in=shaw1909
xwekwiens	0		no	C	Xwek-wi-ens				kswkwns		unvalidated_candidates_in=shaw1909
xwisb	0		no	C	Xwisb				kswsb		unvalidated_candidates_in=shaw1909
xwulh	0		no	C	Xwulh|kwult'h				kswl		unvalidated_candidates_in=shaw1909
xwunnun	0		no	C	Xwun'-nun				kswn		unvalidated_candidates_in=shaw1909
yahhlll	1	gibbs1863	no	B	Yah'-hlll	A name. Not in gen eral use		n	l		
yahhul	4	hibben1889|shaw1909|gill1909|gill1887	no	A	Yah-hul|Yah'-hul	A name | Name. Yak -so			l		
yahka	4	gibbs1863|hibben1889|gill1909|gill1887	no	A	Yah-ka|Yok'-ka|Yah'-ka	He; his; him; she; it, &c | He; his; him; she; it, etc | He, his, him; she, her, hers; it, its | He, his, him, she, her, it, its. 54 CHINOOK DICTIONARY		pron	k		
yahkisilth	4	gibbs1863|hibben1889|shaw1909|gill1909	no	A	Yah'-kis-ilt'h|Yah-kis-ilth|Yah'-kis-ilth	Sharp. Mr. Anderson gives as the original, " cutting." | Sharp, or cutting | sharp, cutting. Note- The letters (C), (E), (F), (N), and (S), refer to the derivation of words, and signify Chinook, English, French, Nootka, and Salish. (See explanatory notes.) Words marked (J.) or (onoma.) are considered to be the ... | Sharp; cutting		adj	kslt		
yahkwa	2	gill1909|gill1887	no	A	Yah'-kwa	Here; hither; this way | Here; hither			kw		
yahso	1	rudiments1898	yes	B	Yah'so	hair			s		
yahwa	5	gibbs1863|hibben1889|shaw1909|gill1909|gill1887	no	A	Yah'-wa|Yah-wa	There; thither; thence; be yond | There. thither; thence; beyond.. Yak-so | There; thither; thence; beyond; in that place; that side; that way; yonder | There; thither; thence; beyond | There; thither, thence		adv	w		
yahwhul	1	gibbs1863	no	B	Yah'-whul				wl	ayahwhul|ayihwhul|whullah	
yakala	1	gill1909	no	B	Yak'-a-la	An eagle			kl		
yakso	3	gibbs1863|shaw1909|gill1909	no	A	Yak'-SO|Yak'-so	The hair of the head; hair generally | The hair of the head: hair generally		n	ks		
yakwa	2	hibben1889|demers1871	no	A	Yak-wa|Yakwa	Here; hither; this side of; this way | here, down here			kw		
yakwahtin	5	gibbs1863|hibben1889|shaw1909|gill1909|gill1887	no	A	Ya-kwah'-tin|Kwah'-tin|Ya-kwah-tin	The belly; the entrails | The belly; the entrails; stomach; bosom | The belly; the bowels | Abdomen; entrails		n	kwtn	kwahtin	
yara	0		no	C	Yara				r		unvalidated_candidates_in=rudiments1924; kamloops_candidate_only
yaub	2	gibbs1863|shaw1909	no	A	Yaub				b		
yelakwat	1	gibbs1863	no	B	Yel'-a-kwat				lkwt		
yiem	5	gibbs1863|hibben1889|shaw1909|gill1909|gill1887	no	A	Yi'-em|Yi-em	To relate; to tell a story - to con fess to a priest; a story or tale | To relate; to tell a story; to confess to a priest; a story or tale. | | A story; tale; anecdote; to relate; to tell a story; to confess to a priest; a story or tale; to tattle; to preach | To relate or tell | To relate; to confess		v,n	m		
yokwa	1	rudiments1898	yes	A	yo'kwa	here			kw		
yoot	0		no	C	Yoot				t		unvalidated_candidates_in=rudiments1924; kamloops_candidate_only
yootkat	1	rudiments1924	yes	B	Yoot'kat				tkt	takta|tkta|toketee|toketie|tokta	
yootlkut	2	gill1909|gill1887	no	A	Yootl'-kut	Long in dimension; length | Long; length			Lkt	klakoth|youtlkut	
yoots	1	gill1909	no	B	Yoots	To sit			z		
yootskat	1	rudiments1924	yes	B	yootskat	shot			zkt	iutsekat|yootskut|youtskut	
yootskut	1	gill1909	no	A	Yoot'-skut	Short			zkt	iutsekat|yootskat|youtskut	
yoult	1	gill1909	no	B	Yoult	Proud; high-spirited			lt		
youtl	3	gibbs1863|hibben1889|shaw1909	no	A	Youtl|Yutl	Pleased; proud; (of a horse), spirited | Glad; pleased; proud; (of a horse) spirited | Glad; pleased; proud; (of a horse), - spirited		adj	L		
youtlkut	3	gibbs1863|hibben1889|shaw1909	no	A	Youtl-kut|Youtl'-kut	Long (in dimension); length | Long; length		adj,n	Lkt	klakoth|yootlkut	
youtskut	3	gibbs1863|hibben1889|shaw1909	no	A	Yout-skut|Yutes'-kut	Short (in dimension) | Short (in dimension.)		adj	zkt	iutsekat|yootskat|yootskut	
yp	0		no	C	YP				p		unvalidated_candidates_in=rudiments1924; kamloops_candidate_only
yukwa	2	gibbs1863|shaw1909	no	A	Yuk'-wa|Yah'-kwa	Here; hither; this side of; this way		adv	kw		
yuwa	0		no	C	YUwa				w		unvalidated_candidates_in=rudiments1898; kamloops_candidate_only
yyorkwa	0		no	C	Yyorkwa				rkw		unvalidated_candidates_in=rudiments1924; kamloops_candidate_only
zin	0		no	C	Zin				zn		unvalidated_candidates_in=demers1871
