headword	variants	gloss_en	gloss_fr	pos	source_key	source_page	kamloops	notes
abba	Ab'-ba	Well; very well			gill1909	47	no	conf=A; validated=exact:abba; origin=Jargon
abba	Ab-ba	Well, then			gill1887	31	no	conf=A; validated=exact:abba
abba	Ab'-ba	Well; Very well			long1909		no	conf=A; validated=exact:abba+gloss; align=head/gloss runs paired by line count
ack	Ack	Nephew			gill1909	47	no	conf=A; validated=exact:ack; origin=Jargon
ack	Ack	Nephew			gill1887	31	no	conf=A; validated=exact:ack
ack	Ack	Nephew			long1909		no	conf=A; validated=exact:ack+gloss; align=head/gloss runs paired by line count
ahha	Ah-ha	Yes. Expression of simple assent		adv	gibbs1863	1	no	conf=A; validated=exact:ahha; etym=Common to various tribes
ahha	Ah-ha	Yes		adv	hibben1889	3	no	conf=A; validated=exact:ahha
ahha	Ah-ha	yes			shaw1909	32	no	conf=A; validated=exact:ahha; section=supplemental; origin=Chinook
ahha	Ah'-ha	Assent: yes. Usually a nasal sound, as if pronouncing aha without opening the lips			gill1909	47	no	conf=A; validated=exact:ahha
ahha	Ah-ha	Yes			gill1887	31	no	conf=A; validated=exact:ahha
ahmoteh	Ah-mo'-teh	Strawberry - plant or fruit			gill1909	47	no	conf=A; validated=exact:ahmoteh
ahmoteh	Ah-mo-teh	The strawberry			gill1887	31	no	conf=A; validated=exact:ahmoteh
ahncutty	Ahn-cut-ty	Formerly. The length of first syllable de notes time elapsed			gill1887	31	no	conf=A; validated=skeleton:ahnkutte
ahnkutte	Ah'n-kut-te|Ahn-kot-tie	For merly; before now		adv	gibbs1863	1	no	conf=A; validated=exact:ahnkutte; etym=Chinook, ANKUTTT
ahnkutte	Ahn-kut-te|Ahn-kot-tie	Formerly; before now			hibben1889	3	no	conf=A; validated=exact:ahnkutte
ahnkuttie	Ahn'-kut-tie|Ah'n-kut-te	Formerly; before now; longago; anciently; ago		adv	shaw1909		no	conf=A; validated=skeleton:ahncutty; section=lexicon; origin=Chinook; etym=Chinook.-ankutti
ahnkuttie	Ah'n-kut-tie	Formerly; Before		adv	long1909		no	conf=A; validated=exact:ahnkuttie+gloss; align=head/gloss runs paired by line count
ahnkutty	Ahn'-kut-ty	Formerly; in the past			gill1909	47	no	conf=A; validated=skeleton:ahncutty
aiabwol	Aiabwol	to borrow			demers1871		no	conf=C
aiak	Aiak	quick, fast			demers1871		no	conf=C; gloss_unverified=yes
aiaz	Aiaz	big, great			practical1886	10	yes	conf=C; raw=Aiaz, big, great,
ailan elehe	Ailan elehe	island			practical1886	3	yes	conf=C; type=phrase; raw=Ailan elehe, island
ain	Ain	aio, many, much			demers1871		no	conf=C; gloss_unverified=yes
aioo	Aioo	much, many			practical1886	10	yes	conf=C; raw=Aioo, much, many
akik	A'-kik|ik'-kik	A fishhook			gill1909	47	no	conf=A; validated=exact:akik
akik	A-kik|or|Ik-kik	A fishhook			gill1887	31	no	conf=A; validated=exact:akik
aktas	aktas				rudiments1898	7	yes	conf=B; validated=skeleton:iktahs; section=chinook-vocabulary; ocr_gloss=Ae oods; raw=aktas Ae, oods
alah	Al-ah	Expression of surprise		interj	gibbs1863	1	no	conf=A; validated=exact:alah
alah	Al-ah	lixpr ession of surprise			hibben1889	3	no	conf=A; validated=exact:alah
alah	Al-ah	expression of surprise			shaw1909	32	no	conf=A; validated=exact:alah; section=supplemental; origin=Jargon
alah	A-lah|A-lSh	Expresses surprise			gill1909	47	no	conf=A; validated=exact:alah; ocr=head digit/capital read as accented vowel; origin=Jargon
alah	Al-ah	Expression of surprise			gill1887	31	no	conf=A; validated=exact:alah
alah	Al-ah	Surprise			long1909		no	conf=A; validated=exact:alah+gloss; align=head/gloss runs paired by line count
alke	Alke	soon, some time			practical1886	12	yes	conf=A; validated=skeleton:alki+gloss; raw=Alke, soon, some time
alke	Alke	soon, sign of the tuture for verbs			demers1871		no	conf=A; validated=skeleton:alki+gloss; gloss_unverified=yes
alki	Al'-ki	In the future; by and by; after a while; soon; presently; directly; in a little while; hold on; not so fast		adv	shaw1909		no	conf=A; validated=exact:alki; section=lexicon; origin=Chinook; etym=Chinook, alekh
alki	Al'-ki|al'-kee	Presently; not so fast; by-and-by			gill1909	47	no	conf=A; validated=exact:alki
alki	Al-ki	Wait; Not so fast; Soon		adv	long1909		no	conf=A; validated=exact:alki+gloss; align=head/gloss runs paired by line count
alkie	Al-kie	Presently; in a little while; hold on; not so fast		adv	gibbs1863	1	no	conf=A; validated=exact:alkie; etym=Chinook, ALKEKH
alkie	Al-kie	Presently; in a little while; hold on; not so-fast			hibben1889	3	no	conf=A; validated=exact:alkie
allikacheek	Al'-li-ka-cheek|Al'-li-kS-cheek	A small shell worn as an orna¬ ment for the ear			gill1909	47	no	conf=A; validated=exact:allikacheek; ocr=head digit/capital read as accented vowel; origin=uncertain
allikacheek	Al-li-ka-cheek	A small shell worn in the ear			gill1887	31	no	conf=A; validated=exact:allikacheek
alo	alo	o hungry			rudiments1898	8	yes	conf=C; section=chinook-vocabulary; raw=alo o hungry
alo ivuitom	Alo ivuitom	stuVit: cash Poe the other side loolkat, long			practical1886	10	yes	conf=C; type=phrase; gloss_unverified=yes; raw=Alo ivuitom, - stuVit : cash Poe the other side loolkat, long
alta	alta				rudiments1924		yes	conf=A; validated=exact:alta; section=durieu-1879-vocabulary; gloss_state=unrecovered; raw=alta, o> NOW,
alta	alta	now			rudiments1898	7	yes	conf=A; validated=exact:alta+gloss; section=chinook-vocabulary; raw=alta »® now
alta	Alta	now			practical1886	12	yes	conf=A; validated=exact:alta+gloss; raw=Alta, now
alta	Al'-ta	Now; at the present time		adv	gibbs1863	1	no	conf=A; validated=exact:alta; etym=Chinook, ALTAKH
alta	Al-ta	Now; at the present time			hibben1889	3	no	conf=A; validated=exact:alta
alta	Al'-ta|Al'tah	Now, at the present time		adv	shaw1909		no	conf=A; validated=exact:alta; section=lexicon; origin=Chinook; etym=Chinook, altakh
alta	Al'-ta|Al'-t4	Now; at this time			gill1909	47	no	conf=A; validated=exact:alta; ocr=head digit/capital read as accented vowel
alta	Al-ta	Now			gill1887	31	no	conf=A; validated=exact:alta
alta	Alta	now; wek aita, not now			demers1871		no	conf=A; validated=exact:alta+gloss; gloss_unverified=yes
alta	Al'-ta	Now; This time; At once		adv	long1909		no	conf=A; validated=exact:alta+gloss; align=head/gloss runs paired by line count
amota	A-mo'-ta	strawberry			shaw1909	32	no	conf=A; validated=skeleton:ahmoteh; section=supplemental; origin=Chinook
amote	A-mo'-te	The strawberry		n	gibbs1863	1	no	conf=A; validated=exact:amote; etym=Chinook, AMCTE, Clatsop, KXABOTE
amote	A-mo-te	The strawberry			hibben1889	3	no	conf=A; validated=exact:amote
anah	An-ah	An exclamation denoting pain, displeasure, or de preciation		interj	gibbs1863	1	no	conf=A; validated=exact:anah
anah	An-a'h	exclamation of pain or displeasure; ah! oh! fie!			shaw1909	32	no	conf=A; validated=exact:anah; section=supplemental; origin=Jargon
anah	A-nah|A-nSh	Expresses displeasure or disapprobation			gill1909	47	no	conf=A; validated=exact:anah; ocr=head digit/capital read as accented vowel
anah	A-nah	Expression of pain; displeasure or disappro bation			gill1887	31	no	conf=A; validated=exact:anah
anah	An-ah				long1909		no	conf=B; validated=exact:anah; unverified_gloss=Displeased, Not satisfied with; gloss_unverified=yes; align=head/gloss runs paired by line count
andeal	An-de-al	A wasp			gill1909	47	no	conf=B; single_source=yes
ankate	ankate				rudiments1924		yes	conf=B; validated=skeleton:ahncutty; section=durieu-1879-vocabulary; gloss_state=unrecovered; raw=ankate, Js> former Lys
ankate	ankate	formerly			rudiments1898	7	yes	conf=A; validated=skeleton:ahncutty+gloss; section=chinook-vocabulary; raw=ankate 9j/> formerly
ankate	Ankate	formerly			practical1886	12	yes	conf=A; validated=skeleton:ahncutty+gloss; raw=Ankate, formerly
ankate	Ankate	anbate, formerly, long ago			demers1871		no	conf=A; validated=skeleton:ahncutty+gloss; gloss_unverified=yes
ao	Ao	younger brother			practical1886	4	yes	conf=C; raw=Ao, younger brother
appo a	Ap-po'-1a|Ap-po'-14				gill1909	47	no	conf=C; type=crossref; ocr=head digit/capital read as accented vowel; origin=Jargon; xref=la-pel'-la
ashuk	A-shuk	Snow			gill1909	47	no	conf=B; single_source=yes; origin=Old Chinook
atas mosket	Atas mosket	ca: non." Stick woalie ot			practical1886	7	yes	conf=B; validated=all-words-attested:atas mosket; type=phrase; gloss_unverified=yes; raw=Atas mosket, ca: non." Stick woalie ot Poolalé, powder
atimin	At-I-min	Dead			gill1909	47	no	conf=A; validated=skeleton:etamana; origin=Old Chinook
ats	ats				rudiments1924		yes	conf=A; validated=exact:ats; section=22-more-words; gloss_state=unrecovered; raw=ats, Cry Younger Siler,
ats	Ats				practical1886	4	yes	conf=A; validated=exact:ats; ocr_gloss=saster; raw=Ats, saster
ats	Ats	A sister younger than the speaker		n	gibbs1863	1	no	conf=A; validated=exact:ats; etym=Chinook, idem, Yakama, ATSE (Pandosy)
ats	Ats	A sister younger than the speaker		n	hibben1889	3	no	conf=A; validated=exact:ats
ats	Ats	A sister; a young-er sister | a sister younger than the speaker		n	shaw1909	32	no	conf=A; validated=exact:ats; section=lexicon; origin=Chinook; etym=Chinook,-ats. Yakima,- atse
ats	Ats	A sister, younger than the person speaking of her			gill1909	47	no	conf=A; validated=exact:ats
ats	Ats	A younger sister			gill1887	31	no	conf=A; validated=exact:ats
ats	Ats	Sister; A younger sister		n	long1909		no	conf=A; validated=exact:ats+gloss; align=head/gloss runs paired by line count
atswa	Atswa	because			demers1871		no	conf=C
avba	AV-ba	well then. Ad-de-dah/ (S), exclamation of pain, sorrow, surprise			shaw1909	32	no	conf=B; near=abba; single_source=yes; section=supplemental; origin=?
awbolt	Awbolt	unable, incapable			demers1871		no	conf=C; gloss_unverified=yes
awe	awe	one			rudiments1898	7	yes	conf=C; section=chinook-vocabulary; raw=awe, <«. one
ayahrwhul	A-yahrwhul	To lend; To borrow		v	long1909		no	conf=B; validated=edit1:ayahwhul+gloss; align=head/gloss runs paired by line count
ayahwhul	A-yah-whul	To lend; borrow		v	gibbs1863	1	no	conf=A; validated=exact:ayahwhul; etym=Chihalis, AYAHWUL
ayahwhul	A-yah-whul	To lend, or borrow			gill1887	31	no	conf=A; validated=exact:ayahwhul
ayahwnul	A-yah'-wnul	to lend; to borrow			shaw1909	32	no	conf=B; near=ayahwhul; single_source=yes; section=supplemental; origin=Salish
ayas	ayas	great			rudiments1898	7	yes	conf=B; validated=edit1:hyas+gloss; section=chinook-vocabulary; ocr_gloss=oe great; gloss_cleaned=unknown OCR tokens dropped; raw=ayas, oe great
ayihwhul	A-yih'-whul	To lend; also to borrow			gill1909	47	no	conf=A; validated=skeleton:ayahwhul; origin=Salish
aykehnam	Ay-keh-nam				gibbs1863	1	no	conf=A; validated=skeleton:canim; type=crossref; xref=EH-KAH-NAM
aykehnam	Ay-keh-nam			n	long1909		no	conf=B; validated=exact:aykehnam; unverified_gloss=Tale, Story, Legend; gloss_unverified=yes; align=head/gloss runs paired by line count
balee	Ba'-lee	Striped			gill1909	47	no	conf=B; single_source=yes
ball	Ball	ball			practical1886	7	yes	conf=A; validated=skeleton:eebal+gloss; raw=Ball, ball
bear	Bear	bear			practical1886	5	yes	conf=C; raw=Bear, bear
bebay	Be-bay	To kiss; to fondle			gill1909	47	no	conf=B; single_source=yes; origin=French
bebe	Be-be	A word used towards children; probably a repetition of the first syllable of BAISKR. A kiss; to kiss		n,v	gibbs1863	1	no	conf=A; validated=exact:bebe; etym=French
bebe	Be-be	A word used toward children; a kiss; to kiss			hibben1889	3	no	conf=A; validated=exact:bebe
bebe	Be'-be	a kiss; to kiss			shaw1909	32	no	conf=A; validated=exact:bebe; section=supplemental; origin=French
bebe	Be-be	A fond word used to children; to kiss			gill1887	31	no	conf=A; validated=exact:bebe
bed	bed				rudiments1924		yes	conf=A; validated=exact:bed; section=durieu-1879-vocabulary; gloss_state=unrecovered; raw=bed, ouaroL=s bed,
bed	Bed	bed			practical1886	6	yes	conf=A; validated=exact:bed+gloss; raw=Bed, bed
bed	Bed	A bed		n	gibbs1863	1	no	conf=A; validated=exact:bed; etym=English, idem
bed	Bed	A bed		n	hibben1889	3	no	conf=A; validated=exact:bed
bed	Bed	A bed			gill1909	47	no	conf=A; validated=exact:bed
bena	Be'-na	beaver			shaw1909	32	no	conf=B; near=eena; single_source=yes; section=supplemental; origin=Chinook
berdash	Berdash				rudiments1924		yes	conf=B; validated=skeleton:burdash; section=other-districts; ocr_gloss=sermanke; raw=Berdash, Van, sermanke
bike	Bike	smoke			practical1886	10	yes	conf=C; raw=Bike, smoke
bit	Bit|Mit	A dime or shilling		n	gibbs1863	1	no	conf=A; validated=exact:bit; etym=English, BIT
bit	Bit|Mit	A dime			hibben1889	3	no	conf=A; validated=exact:bit
bit	Bit	a dime, or shilling			shaw1909	32	no	conf=A; validated=exact:bit; section=supplemental; origin=English
bit	Bit	A dime or sixpenny piece			gill1909	47	no	conf=A; validated=exact:bit
bit	Bit	A dime			gill1887	31	no	conf=A; validated=exact:bit
bit	Bit	Dime		n	long1909		no	conf=A; validated=exact:bit+gloss; align=head/gloss runs paired by line count
bloom	bloom				rudiments1924		yes	conf=A; validated=exact:bloom; section=durieu-1879-vocabulary; ocr_gloss=je lo sikegp; gloss_state=unrecovered; raw=bloom, Le b200m,
bloom	Bloom	broom			practical1886	9	yes	conf=A; validated=exact:bloom+gloss; raw=Bloom, broom
bloom	Bloom	A broom. Mamook bloom, to sweep		n	gibbs1863	1	no	conf=A; validated=exact:bloom; etym=English, BROOM
bloom	Bloom	A broom. Mamook bloom, to sweep		n	hibben1889	3	no	conf=A; validated=exact:bloom
bloom	Bloom	broom			shaw1909	32	no	conf=A; validated=exact:bloom; section=supplemental; origin=English
bloom	Bloom	A broom. Mamook bloom, to sweep			gill1909	48	no	conf=A; validated=exact:bloom
bloom	Bloom	A broom. Mam-ook bloom - to sweep			gill1887	31	no	conf=A; validated=exact:bloom
bloom	Bloom	Broom		n	long1909		no	conf=A; validated=exact:bloom+gloss; align=head/gloss runs paired by line count
boat	Boat	A boat, as distinguished from a canoe		n	gibbs1863	2	no	conf=A; validated=exact:boat; etym=English, idem
boat	Boat	<A boat, as distinguished from a canve			hibben1889	3	no	conf=A; validated=exact:boat
boat	Boat	A boat, as distinguished from a canoe; a skiff		n	shaw1909		no	conf=A; validated=exact:boat; section=lexicon; etym=English, idem
boat	Boat	A boat, as distinguished from a canoe			gill1909	48	no	conf=A; validated=exact:boat
boat	Boat	A boat, as distinguished from a canoe			gill1887	31	no	conf=A; validated=exact:boat
boat	Boat	Boat		n	long1909		no	conf=A; validated=exact:boat+gloss; align=head/gloss runs paired by line count
book	Book	A book; volume; pocketbook		n	shaw1909		no	conf=B; near=sook; single_source=yes; section=lexicon; etym=English, -idem
bos ton	Bos -ton	An American; American		n,adj	gibbs1863	2	no	conf=A; validated=all-words-attested:bos ton
boston	Bos'-ton	An American; American		n,adj	shaw1909		no	conf=A; validated=exact:boston; section=lexicon
boston	Boston	American; an American			gill1909	48	no	conf=A; validated=exact:boston
boston	Boston	An American. Boston Ill-a-he			gill1887	34	no	conf=A; validated=exact:boston; origin=Adj
boston man	Boston man				rudiments1924		yes	conf=B; validated=all-words-attested:boston man; section=durieu-1879-vocabulary; ocr_gloss=Amentan; raw=Boston man, Amentan,
boston man	Boston man			n	long1909		no	conf=B; validated=all-words-attested:boston man; unverified_gloss=American; align=head/gloss runs paired by line count
bostonman	Bostonman	American			practical1886	7	yes	conf=C; raw=Bostonman, American
bull	bull	ball			rudiments1924		yes	conf=A; validated=skeleton:eebal+gloss; section=durieu-1879-vocabulary; ocr_gloss=oe ball; gloss_cleaned=unknown OCR tokens dropped; raw='bull, , oe ball,
burdash	Bur-dash	Can. French, BERDACHE (Anderson)		n	gibbs1863	2	no	conf=A; validated=exact:burdash
burdash	Bur-dash	An hermaphrodite			hibben1889	3	no	conf=A; validated=exact:burdash
burdash	Bur-dash	an hermaphrodite			shaw1909	32	no	conf=A; validated=exact:burdash; section=supplemental; origin=French (Canadian)
burdash	Bur-dash	A hermaphrodite			gill1909	48	no	conf=A; validated=exact:burdash; origin=French
byby	By-by	By-and-by; after a while; sometime hence		adv	shaw1909		no	conf=A; validated=exact:byby; section=lexicon; origin=English
byby	By-by	By-and-by			gill1909	48	no	conf=A; validated=exact:byby
calipeen	Cal-i-peen	A rifle; carbine			gill1909	48	no	conf=A; validated=skeleton:callipeen; origin=French
callipeen	Cal'-li-peen	A rifle		n	gibbs1863	2	no	conf=A; validated=exact:callipeen; etym=French, CARABINE
callipeen	Cal-li-peen	A rifle		n	hibben1889	3	no	conf=A; validated=exact:callipeen
callipeen	Cal'-li-peen	a rifle			shaw1909	32	no	conf=A; validated=exact:callipeen; section=supplemental; origin=French
callipeen	Cal-li-peen	A Rifle			gill1887	34	no	conf=A; validated=exact:callipeen
canada man	Canada man	Canadian			practical1886	7	yes	conf=C; type=phrase; raw=Canada man, Canadian
canim	Ca-nim	A canoe. Canim stick, the cedar, or wood from which canoes are usually made		n	gibbs1863	2	no	conf=A; validated=exact:canim; etym=Chinook, EKANIM
canim	Ca-nim	A canoe. Canim stick, the cedar, or wood from which canoes are usually made		n	hibben1889	3	no	conf=A; validated=exact:canim
canim	Ca-nim	A canoe..Ex.: Canim stick, - the cedar or wood from which canoes are usually made		n	shaw1909		no	conf=A; validated=exact:canim; section=lexicon; origin=Chinook; etym=Chinook,-Ekanim
canim	Ca-nim	A canoe. Canim stick			gill1909	48	no	conf=A; validated=exact:canim
canim	Ca-nim	A Canoe. Ca-nim Stick			gill1887	34	no	conf=A; validated=exact:canim
canim	Ca-nim	Canoe		n	long1909		no	conf=A; validated=exact:canim+gloss; align=head/gloss runs paired by line count
capala	Cap'-a-la	The cheeks			gill1909	48	no	conf=A; validated=exact:capala
capala	Cap-a-la	The cheeks			gill1887	34	no	conf=A; validated=exact:capala
capo	Ca-po	A coat		n	gibbs1863	2	no	conf=A; validated=exact:capo; etym=French, CAPOT
capo	Ca-po	A coat			hibben1889	4	no	conf=A; validated=exact:capo
capo	Ca-po	A coat. Cha'-ko, cfcah'-ko, or chahco, v		n	shaw1909		no	conf=A; validated=exact:capo; section=lexicon; origin=English; etym=French,-Capot
capo	Ca-po	A coat; a cloak			gill1909	48	no	conf=A; validated=exact:capo; origin=French
capo	Ca-po	A coat			gill1887	34	no	conf=A; validated=exact:capo
capo	Ca-po	Coat		n	long1909		no	conf=A; validated=exact:capo+gloss; align=head/gloss runs paired by line count
caue	Caue	su Chief			rudiments1924		yes	conf=C; section=163-original-words; raw=Caue, su Chief,
chackchack	Chack-chack	The bald eagle			hibben1889	4	no	conf=A; validated=exact:chackchack
chackchack	Chack-chack	The bald eagle			gill1887	34	no	conf=A; validated=exact:chackchack
chahco	Chah'-co	To come; to become; to grow			gill1909	48	no	conf=A; validated=exact:chahco
chahco	Chah-co	To come; to become			gill1887	34	no	conf=A; validated=exact:chahco
chahco kloshe	Chah-co kloshe	To become good; to get well			gill1887	34	no	conf=A; validated=all-words-attested:chahco kloshe; type=phrase
chahco spooh	Chah-co spo-oh	To fade			gill1887	34	no	conf=A; validated=all-words-attested:chahco spooh; type=phrase
chahko	Chah'-ko	To come; to become		v	gibbs1863	2	no	conf=A; validated=exact:chahko; etym=Nootka, Clayoquot, CHAKO, Tokwaht, TCHOKWA
chahko	Chah-ko	To come; to become			hibben1889	4	no	conf=A; validated=exact:chahko
chak chak	Chak chak	The bald eagle (by onoma.), from its scream		n	gibbs1863	2	no	conf=A; validated=all-words-attested:chak chak; etym=Chinook, idem
chakchak	Chak'-chak	The white-headed eagle			gill1909	48	no	conf=A; validated=skeleton:chackchack
chakchak	Chak-chak	Eagle		n	long1909		no	conf=A; validated=exact:chakchak+gloss; align=head/gloss runs paired by line count
chakcnak	Chak-cnak	the bald eagle			shaw1909	32	no	conf=B; near=chakchak; single_source=yes; section=supplemental; origin=Chinook
chake tloos	chake tloos				rudiments1924		yes	conf=B; validated=all-words-attested:chake tloos; section=durieu-1879-vocabulary; gloss_state=unrecovered; raw=chake tloos, % Hy become gawd,
chako	Chako	come, become			demers1871		no	conf=A; validated=skeleton:chahco+gloss
chako khell	chako Khell				rudiments1924		yes	conf=B; validated=all-words-attested:chako khell; section=durieu-1879-vocabulary; ocr_gloss=WG hoad; raw=chako Khell, "WG hoad,.
chako kol	chako Kol				rudiments1924		yes	conf=B; validated=all-words-attested:chako kol; section=durieu-1879-vocabulary; gloss_state=unrecovered; raw=chako Kol, Lan) cool dowry,
chako kol	Chako kol	to cool			practical1886	13	yes	conf=B; validated=all-words-attested:chako kol; type=phrase; gloss_unverified=yes; raw=Chako kol, to cool
chako krell	Chako krell	to get hard			practical1886	13	yes	conf=C; type=phrase; raw=Chako krell, to get hard
chako tanas	Chako tanas	to be born			demers1871		no	conf=B; validated=all-words-attested:chako tanas; ditto=head repeated from previous entry; gloss_unverified=yes
chako tanaz	Chako tanaz	to be born			practical1886	13	yes	conf=C; type=phrase; gloss_unverified=yes; raw=Chako tanaz, to be born
chako tloos	Chako tloos	to get better, well			practical1886	13	yes	conf=B; validated=all-words-attested:chako tloos; type=phrase; gloss_unverified=yes; raw=Chako tloos, to get better, well
chatko	chatko	come			rudiments1898	7	yes	conf=B; validated=edit1:chahko+gloss; section=chinook-vocabulary; ocr_gloss=ms come; gloss_cleaned=unknown OCR tokens dropped; raw=chatko, ms come
chau	Chau	Today			gill1909	48	no	conf=B; single_source=yes; origin=Old Chinook
chee	Chee	Lately; just now; new		adv,adj	gibbs1863	2	no	conf=A; validated=exact:chee; etym=Chinook, TSHI
chee	Chee	Lately; just now; new			hibben1889	4	no	conf=A; validated=exact:chee
chee	Chee	latelv; just now; new; fresh; original; recent		adv,adj	shaw1909		no	conf=A; validated=exact:chee; section=lexicon; origin=Chinook; etym=Chinook,-t'shi
chee	Chee	New; lately; just now			gill1909	48	no	conf=A; validated=exact:chee
chee	Chee	Lately; just now			gill1887	34	no	conf=A; validated=exact:chee
chee	Chee	New; not old; newly made		adv,adj	long1909		no	conf=A; validated=exact:chee+gloss; gloss_unverified=yes; align=head/gloss runs paired by line count
chee nika chahco	Chee ni'-ka chah-co	I have just come			gill1887	34	no	conf=A; validated=all-words-attested:chee nika chahco; type=phrase
cheechee	Chee-chee	Small bird			gill1909	48	no	conf=B; near=heehee; single_source=yes; origin=Old Chinook
chek	chek	water			rudiments1898	7	yes	conf=A; validated=skeleton:chuck+gloss; section=chinook-vocabulary; raw=chek, mo" water
chesp	Chesp	Neck			gill1909	48	no	conf=B; single_source=yes
chetlo	Chet'-lo|Jet'-lo	An oyster. Used on the lower Columbia		n	gibbs1863	2	no	conf=A; validated=exact:chetlo; etym=Chihalis, CHETLOKH
chetlo	Chet-lo|Jet-lo	An oyster		n	hibben1889	4	no	conf=A; validated=exact:chetlo
chetlo	Chet'-lo	oyster			shaw1909	32	no	conf=A; validated=exact:chetlo; section=supplemental; origin=Salish
chetlo	Chet'-lo	An oyster; oysters			gill1909	48	no	conf=A; validated=exact:chetlo
chetwoot	Chet-WOOt	A black bear		n	gibbs1863	2	no	conf=A; validated=exact:chetwoot; etym=Nisqually, idem
chetwoot	Chet-woot	black bear			shaw1909	32	no	conf=A; validated=exact:chetwoot; section=supplemental; origin=Salish
chetwoot	Chet-woot	A black bear			gill1909	48	no	conf=A; validated=exact:chetwoot
chetwoot	Chet-woot	A black bear			gill1887	34	no	conf=A; validated=exact:chetwoot
chetwovot	Chet-wovot	A black bear			hibben1889	4	no	conf=B; near=chetwoot; single_source=yes
chi	chi	new			rudiments1898	7	yes	conf=C; section=chinook-vocabulary; raw=chi, ~~ new
chi	Chi	fresh, new, just now			practical1886	10	yes	conf=C; raw=Chi, fresh, new, just now
chi	Chi	frash: new, just Low			demers1871		no	conf=C; gloss_unverified=yes
chickamin	Chick'-a-min	Any metallic substance			gill1909	48	no	conf=A; validated=exact:chickamin; origin=Nootka
chickamin	Chick-a-min	Any metallic substance			gill1887	34	no	conf=A; validated=exact:chickamin
chickchick	Chick-chick	Wheels. A cart or wagon			gill1887	34	no	conf=A; validated=skeleton:chikchik
chicken	Chicken				practical1886	5	yes	conf=B; validated=skeleton:chukkin; ocr_gloss=chicken; raw=Chicken, chicken
chik amin	Chik -a-min	Iron; metal; metallic		n,adj	gibbs1863	2	no	conf=A; validated=all-words-attested:chik amin; etym=Tokwaht, TSIKAMEN, Nootka, SICKAMIXXY (Jewitt), SEEKEMAILE (Cook)
chik chik	Chik chik				gibbs1863	2	no	conf=A; validated=all-words-attested:chik chik; type=crossref; xref=TSIK-TSIK
chikamin	Chik'-a-min	seekemaile, - (Cook)		n,adj	shaw1909		no	conf=A; validated=skeleton:chickamin; section=lexicon; origin=Nootka; etym=Tokwaht,- tsikamen,Nootka, - sickaminny (Jewitt
chikchik	Chik-chik	A wagon or cart			hibben1889	4	no	conf=A; validated=exact:chikchik
chikchik	Chik-chik	A wagon; a wheel or wheels; a rail¬ road car or train			gill1909	48	no	conf=A; validated=exact:chikchik; origin=Jargon
chikchik	Chik'-chik	Wagon; cart; wheels		n	long1909		no	conf=A; validated=exact:chikchik+gloss; align=head/gloss runs paired by line count
chiken	chiken				rudiments1924		yes	conf=B; validated=skeleton:chukkin; section=durieu-1879-vocabulary; gloss_state=unrecovered; raw=chiken, ~% fouls,
chikmin	Chikmin	talla, money ht talla, one - dollar			practical1886	8	yes	conf=B; validated=skeleton:chickamin; gloss_unverified=yes; raw=Chikmin, talla, money ht talla, one - dollar
chikmin lop	chikmin lop	chain			rudiments1924		yes	conf=B; validated=all-words-attested:chikmin lop; section=durieu-1879-vocabulary; raw=chikmin lop, chain.
chikmin lope	Chikmin lope	chain			practical1886	8	yes	conf=B; validated=all-words-attested:chikmin lope; type=phrase; raw=Lope, rope Chikmin lope, - chain
chikmm	chik'mm	metal			rudiments1898	7	yes	conf=C; section=chinook-vocabulary; raw=chik'mm ry4 metal
chikunn	Chikunn				rudiments1924		yes	conf=B; validated=skeleton:chukkin; section=durieu-1879-vocabulary; ocr_gloss=Montye; raw=Chikunn, y 6 well, Montye
chilchil	Chil-chil				gibbs1863	2	no	conf=A; validated=exact:chilchil; type=crossref; xref=TSIL-TSIL
chilchil	Chil-chil	Buttons. Jhitish, x			hibben1889	4	no	conf=A; validated=exact:chilchil
chilchil	Chil-chil|Tsil-tsil	buttons; the stars			shaw1909	32	no	conf=A; validated=exact:chilchil; section=supplemental; origin=Chinook
chilchil	Chil-chil	A button; badge			gill1909	48	no	conf=A; validated=exact:chilchil
chilchil	Chil-chil	Buttons			gill1887	34	no	conf=A; validated=exact:chilchil
chilchil	Chil'-chil	Stars; round trinkets; buttons		n	long1909		no	conf=A; validated=exact:chilchil+gloss; gloss_unverified=yes; align=head/gloss runs paired by line count
chinaman	Chinaman	hole man			practical1886	7	yes	conf=C; validated=edit2:chikamin; raw=Chinaman, hole man
chis	Chis	Cold			gill1909	48	no	conf=B; single_source=yes
chischis	chischis	to gamble with small wheels			demers1871		no	conf=B; validated=edit2:chikchik+gloss; ditto=head repeated from previous entry
chitch	Chitch	Grandfather			gill1909	48	no	conf=B; near=chitsh; single_source=yes; origin=Salish
chitlo	Chit-lo	An oyster. Oysters			gill1887	34	no	conf=A; validated=skeleton:chetlo
chitsh	Chitsh	A grandmother		n	gibbs1863	2	no	conf=A; validated=exact:chitsh; etym=Chihalis, TSHITSH
chitsh	Chitsh	A grandmother. (Gibbs, Gill, Hibben, St. Onge and Swan, give chope for grandfather; but Hale and Tate erive the meaning as grandfather and chope as grandmother | a grandmother		n	shaw1909	32	no	conf=A; validated=exact:chitsh; section=lexicon; origin=Salish; etym=Chehalis.-tshitsh
chitsh	Chitsh	Grandfather		n	long1909		no	conf=A; validated=exact:chitsh+gloss; align=head/gloss runs paired by line count
chock	Chock	water			practical1886	4	yes	conf=A; validated=skeleton:chuck+gloss; raw=Chock, water
chokinin	Chokinin	to stitke with the foot, to stamp			demers1871		no	conf=B; validated=skeleton:chukkin; gloss_unverified=yes
chope	Chope	A grandfather			gibbs1863	2	no	conf=A; validated=exact:chope; pos_ocr=garbled; etym=Chihalis, TSHUP
chope	Chope	A grandfather. (Hale says, a grandmother) | a grandfather		n	shaw1909	32	no	conf=A; validated=exact:chope; section=lexicon; origin=Salish; etym=Chihalis,-tshup
chope	Chope	Grandmother			gill1909	48	no	conf=A; validated=exact:chope; origin=Salish
chope	Chope|Chist	Grandfather			gill1887	34	no	conf=A; validated=exact:chope
chope	Chope	Grandmother so		n	long1909		no	conf=A; validated=exact:chope+gloss; align=head/gloss runs paired by line count
chotub	Cho'-tub	A flea. Used on Puget Sound			gibbs1863	2	no	conf=A; validated=exact:chotub; pos_ocr=garbled; etym=Nisqually, idem
chotub	Cho-tub	A flea		n	hibben1889	4	no	conf=A; validated=exact:chotub
chotub	Cho'-tub	flea			shaw1909	32	no	conf=A; validated=exact:chotub; section=supplemental; origin=Salish
chotub	Chotub	A flea			gill1909	48	no	conf=A; validated=exact:chotub
chotub	Cho-tub	A flea			gill1887	34	no	conf=A; validated=exact:chotub
chuck	Chuck	Water; a rinr or stream		n	gibbs1863	2	no	conf=A; validated=exact:chuck; etym=Nootka, CHAUK (Cook), CHAHAK, fresh water (Jewitt), Chinook, TLTSUK (Shortess), Clatsop, TL'CHUKW
chuck	Chuck	Water; ariver orstream		n	hibben1889	4	no	conf=A; validated=exact:chuck
chuck	Chuck	Water; a river or stream		n	shaw1909		no	conf=A; validated=exact:chuck; section=lexicon; origin=Nootka; etym=Nootka.-Chauk (Cook), Chahak, - fresh water (Jewitt), Chinook,- Tltsuk (Shortess), Clatsop.-TTchukw
chuck	Chuck	Water; river			gill1909	49	no	conf=A; validated=exact:chuck
chuck	Chuck	Water - river or stream			gill1887	34	no	conf=A; validated=exact:chuck
chuk kin	Chuk kin	To kick. Of local use only		n,v	gibbs1863	2	no	conf=A; validated=all-words-attested:chuk kin; etym=Chihalis, TSUKAEN
chukchin	Chukchin	to kick, rear			demers1871		no	conf=B; validated=edit2:chukkin+gloss
chukkin	Chuk-kin	To kick			hibben1889	4	no	conf=A; validated=exact:chukkin
chukkin	Chuk-kin	to kick			shaw1909	32	no	conf=A; validated=exact:chukkin; section=supplemental; origin=Salish
chukkin	Chuk-kin	To kick			gill1909	49	no	conf=A; validated=exact:chukkin
chuko	Chuko	to come			practical1886	13	yes	conf=A; validated=skeleton:chahco+gloss; raw=Chuko, to come
clapitski	C-la-pits-ki	Fire		n	long1909		no	conf=B; validated=edit1:olapitski+gloss; align=head/gloss runs paired by line count
clapootchus	Cla-pootch-us	The beard			gill1887	34	no	conf=B; near=klapoochus; single_source=yes
cloochemin	Cloochemin	woman			practical1886	4	yes	conf=C; raw=Cloochemin, woman Tanaz cloochemin, girl
close	Close				gibbs1863	3	no	conf=A; validated=exact:close; type=crossref; xref=KLOSE
close	Close				hibben1889	4	no	conf=A; validated=exact:close; type=crossref; xref=Kloshe. Clyea | To ery. |
cly	Cly|kely	To cry, lament; mourning", weeping*		v	shaw1909		no	conf=A; validated=exact:cly; section=lexicon; origin=English
cly	Cly	To cry; mourning; weeping			gill1909	49	no	conf=A; validated=exact:cly
cly	Cly	To cry			gill1887	34	no	conf=A; validated=exact:cly
cole	Cole	Cole illahie, winter; icht cole, a year; cole sick waum sick, the fever and ague		adj	gibbs1863	3	no	conf=A; validated=exact:cole; etym=English, COLD
cole	Cole	Cold. Cole illahie, winter; Icht cole, a year; Cole sick waum sick, the fever and ague		adj	hibben1889	4	no	conf=A; validated=exact:cole
cole	Cole	Cold; a year		adj	shaw1909		no	conf=A; validated=exact:cole; section=lexicon; origin=English
cole	Cole	Cold			gill1909	49	no	conf=A; validated=exact:cole
cole	Cole	Cold			gill1887	35	no	conf=A; validated=exact:cole
cole illahe	Cole ill-a-he	Winter			gill1887	35	no	conf=B; single_source=yes; type=phrase
cole sick	Cole sick	Ague			gill1887	35	no	conf=A; validated=all-words-attested:cole sick; type=phrase
colecole	Cole-cole	A rat			gill1887	35	no	conf=A; validated=skeleton:coleecolee
coleecolee	Co'-lee-co'-lee	A rat			gill1909	49	no	conf=A; validated=skeleton:colecole
comb	Comb	A comb. Mamook comb, to coinb; inamook comb illahie, to harroio			gibbs1863	3	no	conf=A; validated=exact:comb; pos_ocr=garbled; etym=English
comb	Comb	A comb. Mamook comb, to comb; Mamook comb illahie, to harrow			hibben1889	4	no	conf=A; validated=exact:comb
comb	Comb	a comb			shaw1909	32	no	conf=A; validated=exact:comb; section=supplemental; origin=English
comb	Comb	Comb			gill1909	49	no	conf=A; validated=exact:comb
comb illahe	Comb ill-a-he	To harrow			gill1887	35	no	conf=B; single_source=yes; type=phrase
coolee	Coo'-lee	To run			gill1909	49	no	conf=A; validated=skeleton:cooley
cooley	Coo'-ley	To run. Cooley kiuatan, a race-horse; yahka hyas kumtuks cooley, he can, i.e., knows how to run well		v	gibbs1863	3	no	conf=A; validated=exact:cooley; etym=French, COUREZ, imp. of COURIR
cooley	Coo-ley	To run. Cooley kiuatan, a race-horse; Yahka hyas kumtuks cooley, he canz.e. knows how to run well			hibben1889	4	no	conf=A; validated=exact:cooley
cooley	Coo'-ley	To run; go about; play; walk; travel		v	shaw1909		no	conf=A; validated=exact:cooley; section=lexicon; origin=French; etym=Trench, Courez, imp. of Courir
cooley	Coo-ley	To run			gill1887	35	no	conf=A; validated=exact:cooley
cooley kuitan	Coo-ley ku-i-tan	A race horse			gill1887	35	no	conf=A; validated=all-words-attested:cooley kuitan; type=phrase
coop coop	Coop '-coop	The smaller sized dentalium or sliell money		n	gibbs1863	3	no	conf=A; validated=all-words-attested:coop coop; etym=Chinook, idem
coopcoop	Coop'-coop	small dentalium, or shell money			shaw1909	32	no	conf=A; validated=exact:coopcoop; section=supplemental; origin=Chinook
coopcoop	Coop-coop	Shell money			gill1887	35	no	conf=A; validated=exact:coopcoop
cosho	Cosho	pig			practical1886	5	yes	conf=A; validated=exact:cosho+gloss; raw=Cosho, pig
cosho	Co'-sho	A hog; pork		n	gibbs1863	3	no	conf=A; validated=exact:cosho; etym=French, COCHON
cosho	Co-sho	A hog; pork. Siwash cosho, a seal		n	hibben1889	4	no	conf=A; validated=exact:cosho
cosho	Co'-sho	A hog; pork; pig; swine; ham; bacon		n	shaw1909		no	conf=A; validated=exact:cosho; section=lexicon; origin=French; etym=Prench,-cochon
cosho	Co-sho	A hog			gill1887	35	no	conf=A; validated=exact:cosho
cosho glese	Co-sho glese	Lard			gill1887	35	no	conf=A; validated=all-words-attested:cosho glese; type=phrase
cosho siwash	Co-sho si-wash	A seal. 3D			gill1887	35	no	conf=A; validated=all-words-attested:cosho siwash; type=phrase
coulee	Cou-lee	a valley			shaw1909	32	no	conf=B; near=coolee; single_source=yes; section=supplemental; origin=French
court	Court	A court		n	shaw1909		no	conf=B; single_source=yes; section=lexicon; origin=English
cpitsah	C-pit-sah	A knife		n	long1909		no	conf=B; validated=edit1:opitsah+gloss; align=head/gloss runs paired by line count
cultus	Cul'-tus	Worthless; good for nothing; without purpose		adj	gibbs1863	3	no	conf=A; validated=exact:cultus; etym=Chinook, KALTAS
cultus	Cultus	Worthless; good for nothing; without purpose		adj	hibben1889	4	no	conf=A; validated=exact:cultus
cultus	Cul'-tus|Kul'tus	Worthless; g-ood for nothing; without purpose; abject, barren; bad; common; careless; defective; dissolute; filthy; foul; futile; rude; immaterial; impertinent; impolite; no matter; shabby; slippery; unmeaning; untoward; useless; paltry ...		adj	shaw1909		no	conf=A; validated=exact:cultus; section=lexicon; etym=C
cvpitlkegh	CV-pitl-kegh	A bow (and arrow)		n	long1909		no	conf=B; validated=edit2:opitlkegh+gloss; align=head/gloss runs paired by line count
cyluk	Cy-luk			n	long1909		no	conf=B; validated=skeleton:kehloke; unverified_gloss=A snake; align=head/gloss runs paired by line count
dago	Da'-go	Gnats ("No-see-'em)			gill1909	49	no	conf=B; single_source=yes
de late	De late|De-lett	Straight; direct; without equivocation		adj,adv	gibbs1863	3	no	conf=B; single_source=yes; etym=French, DROITE
deaub	De-aub	The devil			gill1909	49	no	conf=A; validated=exact:deaub; origin=French
deaub	De-aub	The devil			gill1887	35	no	conf=A; validated=exact:deaub
delate	De-late	Straight; direct			hibben1889	4	no	conf=A; validated=exact:delate
delate	De-late|De-lett	Straight; direct; without equivocation; true; truly, exactly; correct; exact; g-enuine; just; plain; precise; really; thorough; sincerely; surely; sincere; sure; accurate; verily; undoubted; authentic; certain; definite; definitely; erect ...		adj,adv	shaw1909		no	conf=A; validated=exact:delate; section=lexicon; origin=French; etym=Prench,-droite
delate	De-late	Straight; direct; true			gill1909	49	no	conf=A; validated=exact:delate; origin=French
dely	Dely	Dry. Chahko dely, to become dry; maimook dely, to dry			hibben1889	4	no	conf=A; validated=skeleton:dly
diaub	Di-aub|Yaub	The devil. Sometimes used combined with the article, as LEJAUB		n	gibbs1863	3	no	conf=A; validated=exact:diaub; etym=French, DIABLE
diaub	Di-aub	The devil. |			hibben1889	4	no	conf=A; validated=exact:diaub
diet	Diet	straight			practical1886	11	yes	conf=C; raw=Diet, straight
dilai	Dila-i	dry			practical1886	11	yes	conf=A; validated=skeleton:dely+gloss; raw=Dila-i, dry
dirate	Di-rate	Straight. Direct			gill1887	35	no	conf=B; single_source=yes
dlat	dlat				rudiments1924		yes	conf=B; validated=skeleton:delate; section=grammar-lists; ocr_gloss=a ary; raw=dlat, a ary,
dlet	dlet				rudiments1924		yes	conf=B; validated=skeleton:delate; section=durieu-1879-vocabulary; gloss_state=unrecovered; raw=dlet, ~~ sliaight,
dly	D'ly|De-ly	Chahko dely, to become dry; mamook dely, to dry, v. a		adj	gibbs1863	3	no	conf=A; validated=exact:dly; etym=English, DRY
dly	D'ly|De-ly	Dry; arid; dryness		adj	shaw1909		no	conf=A; validated=exact:dly; section=lexicon; origin=English
dly	Dly	Dry			gill1909	49	no	conf=A; validated=exact:dly
dly	Dly	Dry. Chah-co dly			gill1887	35	no	conf=A; validated=exact:dly
do la	Do1-la|D61-la	A dollar; money			gill1887	35	no	conf=C; ocr=head digit/capital read as accented vowel
doctin	Doc'-tin	A doctor. Dor la. or Tah-la, n		n	gibbs1863	3	no	conf=A; validated=exact:doctin; etym=English
doctin	Doc-tin	A doctor			hibben1889	5	no	conf=A; validated=exact:doctin
doctin	Doc'-tin	A doctor; a physician; surgeon		n	shaw1909		no	conf=A; validated=exact:doctin; section=lexicon; origin=English
doctin	Doc'-tin	A doctor			gill1909	49	no	conf=A; validated=exact:doctin
doctin	Doc-tin	A doctor			gill1887	35	no	conf=A; validated=exact:doctin
dolla	Dol-la	A d&lar; money			hibben1889	5	no	conf=A; validated=exact:dolla
dolla	Dol'-la|Tahla	A dollar; money; cash; funds		n	shaw1909		no	conf=A; validated=exact:dolla; section=lexicon; origin=English
dolla	Dol-la	A dollar; money			gill1909	49	no	conf=A; validated=exact:dolla
dollah seeowist	Dol-lah see-ow-ist|Dol-lah see-6w-ist	Spectacles			gill1887	35	no	conf=B; single_source=yes; type=phrase; ocr=head digit/capital read as accented vowel
dorght	dorght				rudiments1924		yes	conf=B; validated=skeleton:dirate; section=other-districts; gloss_state=unrecovered; raw=' dorght, 4p finger,
dret	dret	direct			rudiments1898	7	yes	conf=A; validated=skeleton:dirate+gloss; section=chinook-vocabulary; raw=dret , /~ direct
dutchman	Dutchman			n	shaw1909		no	conf=B; near=kloochman; single_source=yes; section=lexicon; etym=English,-idem
e salth	E salt'h|Ye-salt'h	Indian corn or maize			gibbs1863	4	no	conf=C; pos_ocr=garbled; etym=Probably Wasco
eatet	Ea-tet	The head; poll; brains; intellect; sense		n	shaw1909	14	no	conf=B; near=latet; single_source=yes; section=lexicon; origin=French; etym=Pronounce as though "lah-tayt."
ebpoi	Ebpoi	ibpoi, to cork; 'stop			demers1871		no	conf=C; gloss_unverified=yes
ecola	E-co'la	A whale			gill1909	50	no	conf=A; validated=skeleton:ehkoli
econe	E-cone	A good spirit			gill1887	35	no	conf=A; validated=skeleton:ekone
ecutoch	E'cu-toch	Bad spirit			gill1887	35	no	conf=A; validated=skeleton:ekutoch
eebal	Ee-bal	A ball; bullet		n	shaw1909	14	no	conf=B; near=lebal; single_source=yes; section=lexicon; origin=French; etym=French,-idem
eekeh	Ee-keh	Brother-in-law			gill1887	35	no	conf=B; near=ekkeh; single_source=yes
eena	Ee'-na	A beaver. Eena stick (literally, beaver wood], the willow		n	gibbs1863	3	no	conf=A; validated=exact:eena; etym=Chinook, IINA
eena	Ee-na	A beaver			gill1887	35	no	conf=A; validated=exact:eena
eenapoo	Ee'-na-poo|In-a-poo	A louse. Sopen inapoo, a flea			gibbs1863	4	no	conf=A; validated=exact:eenapoo; pos_ocr=garbled; etym=Chinook, INAPU
eenapoo	Ee-na-poo|In-a-poo	A louse. Sopen inapoo, a flea			hibben1889	5	no	conf=A; validated=exact:eenapoo
eenapoo	Ee'-na-poo	Louse			gill1909	49	no	conf=A; validated=exact:eenapoo
eenati	Ee'-na-ti|inati	The other side; across			gill1909	49	no	conf=A; validated=exact:eenati
eenati	Ee-na-ti	Over. The other side			gill1887	35	no	conf=A; validated=exact:eenati
eens	Ee'-nS	Beaver			gill1909	49	no	conf=B; near=eena; single_source=yes
eepso house	Eepso house				rudiments1924		yes	conf=B; validated=all-words-attested:eepso house; section=durieu-1879-vocabulary; gloss_state=unrecovered; raw=Eepso house, >. 9 barn,
eesak	Ee-sak	A ba"*; a pocket; a sack		n	shaw1909	14	no	conf=B; near=lesak; single_source=yes; section=lexicon; origin=French; etym=French,-Le sac
eetinwill	Ee'-tin-will	The ribs			gill1909	50	no	conf=A; validated=skeleton:etinwill; origin=Salish
ehe	E'he	to laugh			practical1886	13	yes	conf=C; raw=E'he, to laugh
ehkah nam	Eh-kah nam	A tale or story		n	gibbs1863	3	no	conf=B; single_source=yes; etym=Chinook, EKANAM
ehkahnam	Eh-kah'-nam	A tale; a story			gill1909	49	no	conf=A; validated=exact:ehkahnam
ehkahnam	Eh-kah-nam	A tale or story			gill1887	35	no	conf=A; validated=exact:ehkahnam
ehkoli	Eh-ko-li	A whale Ke-na, 7. <A beaver, EHena stick (literally beaver wosd), the willow		n	hibben1889	5	no	conf=A; validated=exact:ehkoli
ehkoli	Eh-ko-li	A whale			gill1887	35	no	conf=A; validated=exact:ehkoli
ehpoor	ehpoor	v lo shut			rudiments1924		yes	conf=B; validated=witness:practical1886:ehpoor; section=durieu-1879-vocabulary; raw=ehpoor, v lo shut,
ehpoor	E'hpoor	to shut			practical1886	13	yes	conf=B; validated=witness:rudiments1924:ehpoor; raw=E'hpoor, to shut
ehpoot	E'hpoot	shut			practical1886	10	yes	conf=C; raw=E'hpoot, shut
ekkahnam	Ek-kah-nam	tale; story			shaw1909	32	no	conf=A; validated=skeleton:ehkahnam; section=supplemental; origin=Chinook
ekkeh	Ek'-keh	A brother-in-law		n	gibbs1863	4	no	conf=A; validated=exact:ekkeh; etym=Chinook, EKKE
ekkeh	Ek'-keh	brother-in-law			shaw1909	32	no	conf=A; validated=exact:ekkeh; section=supplemental; origin=Chinook
ekkeh	Ek'-keh	A brother-in-law			gill1909	50	no	conf=A; validated=exact:ekkeh
ekkoli	Ek-ko-li	whale			shaw1909	32	no	conf=A; validated=skeleton:ecola; section=supplemental; origin=Chinook
ekone	E-kone	Good spirit			gill1909	49	no	conf=A; validated=skeleton:econe
ekskaun	Ek-skaun	Wood; wooden			gill1909	49	no	conf=B; near=kahloken; single_source=yes; origin=Old Chinook
ekutoch	E'-ku'-toch	Bad spirit			gill1909	49	no	conf=A; validated=skeleton:ecutoch
elacka	E-lac-ka	A sea otter			gill1887	35	no	conf=A; validated=skeleton:elakka
elaham	elaham	alms			rudiments1924		yes	conf=B; validated=edit1:elahan+gloss; section=other-districts; raw=elaham, v7 2), alms,
elahan	E'-la-han|Elann	Aid; assistance; alms			gibbs1863	4	no	conf=A; validated=exact:elahan; pos_ocr=garbled; etym=Chihalis, YELAAN
elahan	E'-la-han	aid; assistance; alms			shaw1909	32	no	conf=A; validated=exact:elahan; section=supplemental; origin=Salish
elahan	E'-la-han|Elann	Aid; alms			gill1909	50	no	conf=A; validated=exact:elahan
elahan	E'-la-han	Aid. Assistance			gill1887	36	no	conf=A; validated=exact:elahan
elaiten	elaiten	slave			rudiments1898	7	yes	conf=C; section=chinook-vocabulary; ocr_gloss=FY slave; gloss_cleaned=unknown OCR tokens dropped; raw=elaiten FY slave
elakka	E-lak'ka	The sea otter			gill1909	50	no	conf=A; validated=skeleton:elacka
elehe	elehe	A earth			rudiments1898	7	yes	conf=C; section=chinook-vocabulary; raw=elehe, ¢ A earth
elehe	Elehe	earth			practical1886	3	yes	conf=C; raw=Elehe, earth
elip	E'-lip|El'-ip	First; before		adv	gibbs1863	4	no	conf=A; validated=exact:elip; etym=Chihalis, ILIP
elip	E'-lip|El'-ip	First; before; the superlative; heginning; prior; ahead; senior; elder; former; original		adv	shaw1909		no	conf=A; validated=exact:elip; section=lexicon; origin=Salish; etym=Chehalis,- ilip
elip	E'-lip	First; foremost; before; soon, speedily; more			gill1909	50	no	conf=A; validated=exact:elip; origin=Chinook
elip	E'-lip	First. Before			gill1887	36	no	conf=A; validated=exact:elip
elip	Elip	first, ahead, before			demers1871		no	conf=A; validated=exact:elip+gloss
elip kloshe	E'-lip kloshe	The best			gill1887	36	no	conf=A; validated=all-words-attested:elip kloshe; type=phrase
elite	E-li'-te	A slave		n	gibbs1863	4	no	conf=A; validated=exact:elite; etym=Chinook, ILAITEKH
elite	Elite	A slave. Eeslth, Indian corn or maize			hibben1889	5	no	conf=A; validated=exact:elite
elite	E-li'te	a slave			shaw1909	32	no	conf=A; validated=exact:elite; section=supplemental; origin=Chinook
elite	E-li'-te	A slave			gill1909	50	no	conf=A; validated=exact:elite
elite	E-li-te	A slave			gill1887	36	no	conf=A; validated=exact:elite
elo	Elo	none, not fawa, yonder - Iakwa, here			practical1886	12	yes	conf=C; gloss_unverified=yes; raw=Elo, none, not fawa, yonder - Iakwa, here
elo tomtom	elo tomtom	no heart			rudiments1924		yes	conf=C; section=durieu-1879-vocabulary; ocr_gloss=Zoe no heart; gloss_cleaned=unknown OCR tokens dropped; raw=elo tomtom, Zoe no heart,
emeck	E-meck	The back			gill1887	36	no	conf=A; validated=skeleton:emeek
emeek	E-meek	The back			gill1909	50	no	conf=A; validated=skeleton:emeck; origin=Jargon
emeets	E-meets	The nose			gill1909	50	no	conf=A; validated=exact:emeets; origin=Jargon
emeets	E-meets	The nose			gill1887	36	no	conf=A; validated=exact:emeets
emih	E-mi'h	The breast; the chest			gill1909	50	no	conf=A; validated=exact:emih; origin=Jargon
emih	E-mi'h	The breast			gill1887	36	no	conf=A; validated=exact:emih
enapoo	E'-na-poo	A louse			gill1887	35	no	conf=A; validated=skeleton:eenapoo
enatai	Enatai	to go across | on the other side, across			demers1871		no	conf=A; validated=skeleton:eenati+gloss
enatat	enatat	across			rudiments1898	7	yes	conf=A; validated=skeleton:eenati+gloss; section=chinook-vocabulary; raw=enatat ey-€ across
enatevi	enatevi	across			rudiments1924		yes	conf=C; section=163-original-words; raw=enatevi, »+j-e, across,
equannat	E-quan'-nat	The Chinook word for salmon			gill1909	50	no	conf=B; near=kwelth; single_source=yes
esalfh	E-salfh|Ye-salt'h	Indian corn; maize			shaw1909	32	no	conf=B; near=esalth; single_source=yes; section=supplemental; origin=Wasco
esalht	esalht				rudiments1924		yes	conf=B; validated=skeleton:esalth; section=other-districts; gloss_state=unrecovered; raw=esalht, ~ 93 /naian comm,
esalth	E-salth	Maize; Indian corn			gill1909	50	no	conf=A; validated=skeleton:salt; origin=Wasco
eskkom	eskKom	to take			rudiments1898	7	yes	conf=A; validated=skeleton:iskum+gloss; section=chinook-vocabulary; raw=eskKom to take
eskom	eskom	lake			rudiments1924		yes	conf=B; validated=skeleton:iskum; section=163-original-words; ocr_gloss=fo lake; gloss_cleaned=unknown OCR tokens dropped; raw=eskom, ~., fo lake,
eskom	Eskom	to take Eskom cloochemin to take a wife			practical1886	13	yes	conf=A; validated=skeleton:iskum+gloss; gloss_unverified=yes; raw=Eskom, to take Eskom cloochemin to take a wife
espli	Espli	Holy Ghost			demers1871		no	conf=B; validated=skeleton:sapolil; gloss_unverified=yes
essal	Es'-sal	To come			gill1909	50	no	conf=B; single_source=yes; origin=Old Chinook
etamana	E-tam'-a-na	A prophet			gill1909	50	no	conf=A; validated=exact:etamana; origin=Salish
etamana	E-tam-a-na	A prophet			gill1887	36	no	conf=A; validated=exact:etamana
ethlan	Eth'-lan|it-lan	A fathom			gill1909	50	no	conf=A; validated=skeleton:itlan
ethlow	E'th-low	A fathom			gill1887	36	no	conf=B; single_source=yes
etinwill	E'-tin-will	Rib or ribs			gill1887	35	no	conf=A; validated=skeleton:eetinwill
etshum	Et-shum	The heart			gill1909	50	no	conf=B; single_source=yes; origin=Old Chinook
etsitsa	Et-sit-sa	Sick			gill1909	50	no	conf=A; validated=exact:etsitsa; origin=Salish
etsitsa	Et-sit-sa	Sick. <3~			gill1887	36	no	conf=A; validated=exact:etsitsa
eup shim	Eup shim	needle			rudiments1924		yes	conf=C; section=other-districts; raw=Eup shim, #5, needle,
evhe	evhe	to laugh			rudiments1924		yes	conf=C; section=163-original-words; ocr_gloss=ivy to laugh; gloss_cleaned=unknown OCR tokens dropped; raw=evhe, ivy to laugh,
ewash	E'-wash	Penis; membrum virile			gill1909	50	no	conf=B; near=wash; single_source=yes
ext	ext				rudiments1924		yes	conf=B; validated=skeleton:kokshut; section=grammar-lists; ocr_gloss=gn aigat; raw=ext, gn aigat,
eyeh	Eyeh	yes			shaw1909	32	no	conf=B; single_source=yes; section=supplemental; origin=Nootka
fa porte	fa porte	don			rudiments1924		yes	conf=C; section=french-words; ocr_gloss=Ay don; gloss_cleaned=unknown OCR tokens dropped; raw=fa porte, Ay don,
fa vite	fa vite	women			rudiments1924		yes	conf=C; section=french-words; ocr_gloss=od Women; gloss_cleaned=unknown OCR tokens dropped; raw=fa vite, Gan, od Women,
faint	Faint|Pent	Mamook pent, to paint		n,adj	gibbs1863	20	no	conf=A; validated=exact:faint; etym=English, PAINT
faint	Faint|Pent	Mamook pent, - to paint		n,adj	shaw1909	19	no	conf=A; validated=exact:faint; section=lexicon; origin=English; etym=English,- Paint
fasese	Fa-se'-se|Fa'-see-sie	A blanket; woolen cloth		n	shaw1909	19	no	conf=B; near=pasese; single_source=yes; section=lexicon; origin=Chinook; etym=Chinook,-Pasisi
fasiooks	Fa-'si-ooks	(French; a Frenchman		n,adj	shaw1909	19	no	conf=B; near=pasiooks; single_source=yes; section=lexicon; origin=Chinook; etym=Chinook,- Pasisiuks
fechusrb	Fe-chusrb	green			shaw1909	35	no	conf=B; single_source=yes; section=supplemental; origin=Chinook
femocz	FEMOCZ	small			rudiments1924		yes	conf=C; section=163-original-words; raw=FEMOCZ, Ql, small,
feshak	Fe-shak|Fe-shuk	Bad. (Mesachie is used for it on Puget Sound		adj	shaw1909	20	no	conf=B; near=peshak; single_source=yes; section=lexicon; origin=Nootka; etym=Nootka,-Peshuk
fewhat tie	Fe-what -tie	Thin, like paper, etc		adj	shaw1909	20	no	conf=B; single_source=yes; section=lexicon; origin=Chinook; etym=Chinook,-Pihwati
fish	Fish			n	gibbs1863	21	no	conf=A; validated=exact:fish; etym=English, fish
fish	Fish	Pish		n	shaw1909	20	no	conf=A; validated=exact:fish; section=lexicon; origin=English
fitlilh	Fit-lilh|Fit-hlil	Thick in consistence, as molasses		adj	shaw1909	20	no	conf=B; near=pitlilh; single_source=yes; section=lexicon; origin=Quaere u. d.
folaklie	Fo'-lak-lie|Polakly	Night; darkness; dark; gloom		n,adj	shaw1909	20	no	conf=B; near=polaklie; single_source=yes; section=lexicon; origin=Chinook; etym=Chinook, - Polakli
folallie	Fo'-lal-lie	Gunpowder; dust; sand		n	shaw1909	20	no	conf=B; near=polaklie; single_source=yes; section=lexicon; origin=Quaere French, Foudre
foqjorm stick	fo.qjorm Stick	pitch Wood			rudiments1924		yes	conf=C; section=french-words; raw=fo.qjorm Stick, 26 7, pitch Wood,
fox pele	fox pele	shovel			rudiments1924		yes	conf=C; section=french-words; raw=fox pele, Ai, shovel,
gawge	Gawge	English. King* chautshman, - an Englishman		adj	shaw1909		no	conf=B; single_source=yes; section=lexicon; origin=English; etym=English,-King George
getup	Get-up|Ket-op	To get up; rise		v	gibbs1863	4	no	conf=A; validated=exact:getup; etym=English
getup	Get-up	'l'o get up; rise			hibben1889	5	no	conf=A; validated=exact:getup
getup	Get-up|Ket-op	To g-et up; rise; risen		v	shaw1909		no	conf=A; validated=exact:getup; section=lexicon; origin=English
getup	Get-up|ket-op	To rise; get up			gill1909	50	no	conf=A; validated=exact:getup
glease	Glease	Fat, grease, or oil		n	gibbs1863	4	no	conf=A; validated=exact:glease; etym=English, GREASE
glease	Glease	Grease. Hyiu glease, very fat; too-toosh, glease, butter 4 bi			hibben1889	5	no	conf=A; validated=exact:glease
glease	Glease	Grease; fat or oil		n	shaw1909		no	conf=A; validated=exact:glease; section=lexicon; origin=English
gleese	Gleese	Fat; oil; grease			gill1909	50	no	conf=A; validated=exact:gleese
gleese	Gleese	Grease. Hy-iu gleese; very fat			gill1887	36	no	conf=A; validated=exact:gleese
glo	glo	none			rudiments1898	7	yes	conf=C; section=chinook-vocabulary; ocr_gloss=Sf none; gloss_cleaned=unknown OCR tokens dropped; raw=glo Sf none
goom	Goom|la-goom	Pitch; resin. Goom stick			gill1909	50	no	conf=A; validated=exact:goom; origin=French
goom	Goom	Pitch			gill1887	36	no	conf=A; validated=exact:goom; origin=la
goomstick	Goom-stick	Pine or fir tree			gill1887	36	no	conf=B; single_source=yes
gy	Gy	lo buy			rudiments1924		yes	conf=C; section=163-original-words; raw=Gy, lo buy,
h kumelh	H5-ku-melh	To gather			gill1887	36	no	conf=C
haan	Ha-an	To kill			gill1909	51	no	conf=B; single_source=yes; origin=Old Chinook
hah lakl	Hah lakl	Wide; open		adj	gibbs1863	4	no	conf=B; single_source=yes; etym=Chinook, HALAKL
haha	Haha	to cough			demers1871		no	conf=C; validated=edit1:naha
hahlakl	Hah-lakl	Wide, open			hibben1889	5	no	conf=A; validated=exact:hahlakl
hahlakl	Ha'h-lakl	Wide; open		v,adj	shaw1909		no	conf=A; validated=exact:hahlakl; section=lexicon; origin=Chinook; etym=Chinook,-halakl
hahlakl	Hah-lakl	Wide; open			gill1909	51	no	conf=A; validated=exact:hahlakl
hahlakl	Hah-lakl	Wide; open. Mam-ook hah-lakl laport; open the door			gill1887	36	no	conf=A; validated=exact:hahlakl
hahlakl	Hah-lakl	Wide; opende wide		adj	long1909		no	conf=A; validated=exact:hahlakl+gloss; gloss_unverified=yes; align=head/gloss runs paired by line count
hahtatshum	Haht-at-shum	Handkerchief		n	hibben1889	5	no	conf=A; validated=skeleton:tzum
hahthaht	Haht-haht	The mallard duck			gibbs1863	4	no	conf=A; validated=exact:hahthaht; pos_ocr=garbled; etym=Nisqually, HATHAT
hahthaht	Haht-haht	the mallard duck			shaw1909	32	no	conf=A; validated=exact:hahthaht; section=supplemental; origin=Salish
hahthaht	Haht-haht	Mallard duck. See also Kweh-kweh			gill1909	51	no	conf=A; validated=exact:hahthaht; origin=iN
hahthaht	Haht-haht	The mallard duck			gill1887	36	no	conf=A; validated=exact:hahthaht
hahthaht	Haht-haht	Duck (mallard)		n	long1909		no	conf=A; validated=exact:hahthaht+gloss; align=head/gloss runs paired by line count
hakachum	Hak'-a-chum	A handkerchief			gill1909	51	no	conf=A; validated=skeleton:hakatchum
hakatchum	Hak-at-chum	A handkerchief			gill1887	36	no	conf=A; validated=skeleton:hakachum
hakatshum	Hak-at-shum	A handkerchief		n	gibbs1863	4	no	conf=A; validated=exact:hakatshum; etym=English
hakatshum	Hak'-at-shum	A handkerchief		n	shaw1909		no	conf=A; validated=exact:hakatshum; section=lexicon; origin=English
hakatshum	Hak-at-shum	Handkerchief		n	long1909		no	conf=A; validated=exact:hakatshum+gloss; align=head/gloss runs paired by line count
halak	halak	open			rudiments1898	7	yes	conf=C; section=chinook-vocabulary; raw=halak 7 open.
halet	Ha-let	To tremble			gill1909	51	no	conf=B; single_source=yes
halo	Ha'-lo	None; absent		adj	gibbs1863	4	no	conf=A; validated=exact:halo; etym=Quaere u. d. not Chinook
halo	Halo	None; absent. @. Halo salmon mika? have you no fish? 4. Halo, none			hibben1889	5	no	conf=A; validated=exact:halo
halo	Ha'-lo	Not; none; absent; no; all gone; devoid; vacant; without		adj	shaw1909		no	conf=A; validated=exact:halo; section=lexicon; origin=Quaere u. d. not Chinook
halo	Ha-lo	None; absent; not			gill1909	51	no	conf=A; validated=exact:halo; origin=Jargon
halo	Ha-lo	None; absent. Ha-lo wind			gill1887	36	no	conf=A; validated=exact:halo
halo	Ha'-lo	No; none; not any thing		adj	long1909		no	conf=A; validated=exact:halo+gloss; align=head/gloss runs paired by line count
haltash	Hal-tash	Unaware; undesigned			gill1909	51	no	conf=B; single_source=yes
hammer	Hammer	hammer			practical1886	6	yes	conf=C; raw=Hammer,hammer
hamooks	hamooks				rudiments1898	7	yes	conf=B; validated=skeleton:mox; section=chinook-vocabulary; ocr_gloss=gfe do; raw=hamooks gfe do
hanlkek	Hanlkek				demers1871		no	conf=B; validated=skeleton:hiinlkih; ocr_gloss=stooped, crqokea
hanow	Hanow	all			rudiments1924		yes	conf=C; section=durieu-1879-vocabulary; ocr_gloss=sag all; gloss_cleaned=unknown OCR tokens dropped; raw=Hanow, sag all,
haul	Haul	To haul or pull		v	gibbs1863	4	no	conf=A; validated=exact:haul; etym=English, idem
haul	Haul	to baul or pull		v	hibben1889	5	no	conf=A; validated=exact:haul
haul	Haul	To haul or pull; draw; bring1; dig*; pick; drag-; subtract; tow; attract; extract		v	shaw1909		no	conf=A; validated=exact:haul; section=lexicon; origin=English; etym=English,-idem
haul	Haul|mamook haul	To pull; to haul			gill1909	51	no	conf=A; validated=exact:haul
haul	Haul	To pull			gill1887	36	no	conf=A; validated=exact:haul
hawa	Hawa	slowly			rudiments1924		yes	conf=C; validated=edit1:wawa; section=163-original-words; raw=Hawa, Ay, slowly,
hdkumel	Hd'-ku-mel	To gather; to glean			gill1909	51	no	conf=B; near=hokumelh; single_source=yes; origin=Chinook
heehee	Hee'-hee	Laughter, amusement		n	gibbs1863	4	no	conf=A; validated=exact:heehee; etym=By onoma., Him (Hale)
heehee	Hee'-hee|he-he	Laughter; amusement; to laugh; fun; a game; gay; giggle; glee; mirth; humor; humorous; levity; merry; to deride; ridicule; romp; sport		n,adj,v	shaw1909		no	conf=A; validated=exact:heehee; section=lexicon; origin=Jargon; etym=By onoma., hihi
heehee	Hee'-hee	Amusement; joke; fun			gill1909	51	no	conf=A; validated=exact:heehee
heehee	Hee'-hee	Amusement; laughter		n	long1909		no	conf=A; validated=exact:heehee+gloss; align=head/gloss runs paired by line count
hehe	He-he	Laughter; amusement			gill1887	36	no	conf=B; single_source=yes
helo	Helo	none, not			demers1871		no	conf=B; validated=edit1:halo+gloss
heloitma	Heloitma	different			practical1886	11	yes	conf=B; validated=edit2:huloima+gloss; raw=Heloitma, different
heloman	Heloman				demers1871		no	conf=B; validated=skeleton:oleman; ocr_gloss=virgin
helotma	helotma	different			rudiments1898	7	yes	conf=B; validated=witness:practical1886:heloitma; section=chinook-vocabulary; raw=helotma 4 different
help	Help	As a verb it is commonly preceded by mamook, but not always		v,n	shaw1909		no	conf=B; single_source=yes; section=lexicon; etym=English,-idem
heltsh	Heltsh	To laugh			gill1909	51	no	conf=B; single_source=yes; origin=Old Chinook
hemenooit	Hemenooit	tell a Lie			rudiments1898	10	yes	conf=C; section=chinook-vocabulary; raw=Hemenooit 2 o< tell a Lie
hihi	Hihi|hihi	to laugh, play | to gamble,; p ice to amuse one self			demers1871		no	conf=C; ditto=head repeated from previous entry; gloss_unverified=yes
hiinlkih	Hiinl-kih	Knotted; tangled			gill1887	37	no	conf=A; validated=skeleton:hunlkih
hikoole salolooks	Hikoole salolooks				rudiments1924		yes	conf=B; validated=all-words-attested:hikoole salolooks; section=durieu-1879-vocabulary; ocr_gloss=Lhawers; raw=Hikoole salolooks, Lhawers,
hilapai	Hilapai	co back			rudiments1924		yes	conf=C; section=durieu-1879-vocabulary; ocr_gloss=Lp Co ome back; gloss_cleaned=unknown OCR tokens dropped; raw=Hilapai, Lp Co ome back,
hiloole	Hiloole	deep			rudiments1924		yes	conf=C; section=durieu-1879-vocabulary; raw=Hiloole, tlep, Wa below, deep,
hit	Hit	eight			practical1886	2	yes	conf=C; type=number; ocr=numbers block read English-first, glosses assigned in order
hiyu	Hi-yu	Much; plenty; enough; many			gill1909	52	no	conf=B; single_source=yes
hlahan	H-la-han	Aid; assistance; alms			hibben1889	5	no	conf=A; validated=skeleton:elahan
hlalesta	Hlalesta	on ho			rudiments1898	7	yes	conf=B; validated=skeleton:lassiet; section=chinook-vocabulary; raw=Hlalesta' on ho!
hlaska	hla'ska	they			rudiments1898	7	yes	conf=B; validated=skeleton:lesac; section=chinook-vocabulary; ocr_gloss=yey they; gloss_cleaned=unknown OCR tokens dropped; raw=hla'ska yey they
hlo kits	Hlo kits	lean			practical1886	10	yes	conf=C; type=phrase; raw=Hlo kits, lean
hoche	hoche	fur			rudiments1924		yes	conf=C; section=163-original-words; ocr_gloss=aC aww fur; gloss_cleaned=unknown OCR tokens dropped; raw=hoche, aC aww fur,
hoh hoh	Hoh hoh	To couyh. H6-ku melh, v		n,v	gibbs1863	4	no	conf=B; single_source=yes; etym=Chinook (by onoma.), HOKHHOKH
hohhoh	Hoh-hoh	to cough			shaw1909	32	no	conf=A; validated=exact:hohhoh; section=supplemental; origin=Jargon
hohhoh	Hoh'-hoh	To cough			gill1909	51	no	conf=A; validated=exact:hohhoh
hohhoh	Hoh-hoh	To cough			gill1887	36	no	conf=A; validated=exact:hohhoh
hoho	ho'ho	Co cough			rudiments1924		yes	conf=C; section=22-more-words; raw=ho'ho, iWin, Co cough,
hoho	Hoho	to vomit			demers1871		no	conf=C
hokumelh	Ho-ku-melh	to gather; glean			shaw1909	32	no	conf=B; near=hdkumel; single_source=yes; section=supplemental; origin=Salish
hollol	Hollol	to tremble, shake			demers1871		no	conf=C
holoima	Holoima	otherwise, other			demers1871		no	conf=A; validated=skeleton:huloima+gloss; gloss_unverified=yes
hom	Hom	hatin; stench			demers1871		no	conf=C; gloss_unverified=yes
hooe hooe	Hoo-e hoo-e	To barter, or to trade			gill1887	36	no	conf=B; single_source=yes; type=phrase
hooeehooee	Hoo'-ee-hoo-ee	To change; exchange; barter; trade			gill1909	51	no	conf=B; single_source=yes; origin=French
hooilh	Hooilh	Fresh			rudiments1898	7	yes	conf=C; section=chinook-vocabulary; raw=Hooilh by) Fresh
hoolhool	Hool-hool	KHOILKHOIL. A mouse		n	gibbs1863	4	no	conf=A; validated=exact:hoolhool; etym=Chinook, KUOLKHOL, Klikatat
hoolhool	Hool-hool	A mouse. (Hyas hoolhool (big mouse), a rat.) (The word is obsolete now.) | a mouse		n	shaw1909	32	no	conf=A; validated=exact:hoolhool; section=lexicon; origin=Chinook; etym=Chinook,-Kholkhol, Klikatat.-Khoilkhoil
hoolhool	Hool'-hool	A mouse			gill1909	51	no	conf=A; validated=exact:hoolhool
hoolhool	Hool-hool	A mouse			gill1887	36	no	conf=A; validated=exact:hoolhool
hoophtaeps	HoopHtaeps	shell money			rudiments1924		yes	conf=C; validated=skeleton-edit1:tipso; section=sound-words-districts; raw=HoopHtaeps, GY, shell money,
house	house				rudiments1924		yes	conf=A; validated=exact:house; section=durieu-1879-vocabulary; ocr_gloss=Agtibe; raw=house, 'OQ, Agtibe
house	House	house			practical1886	6	yes	conf=A; validated=exact:house+gloss; raw=House, house Skookoom house, prison
house	House	A house. Mahkook house, a store; Boston house, an American-built house, as distinguished from a lodge			gibbs1863	5	no	conf=A; validated=exact:house; pos_ocr=garbled; etym=English
house	House	A house. Mahkvook house, a store		n	hibben1889	5	no	conf=A; validated=exact:house
house	House	A house; home; residence; building; cottage; den		n	shaw1909		no	conf=A; validated=exact:house; section=lexicon; origin=English
house	House	House; dwelling			gill1909	51	no	conf=A; validated=exact:house
house	House	A house. Markook house; a store			gill1887	36	no	conf=A; validated=exact:house
house	House			n	long1909		no	conf=B; validated=exact:house; ocr_gloss=Hotise; align=head/gloss runs paired by line count
house mahkook	House mah-kook				long1909		no	conf=B; validated=all-words-attested:house mahkook; unverified_gloss=Store; align=head/gloss runs paired by line count
how	How	Listen; attend			gill1909	51	no	conf=B; single_source=yes
how	How				demers1871		no	conf=A; validated=exact:how; ocr_gloss=silence, hear, enough
howh	howh				rudiments1924		yes	conf=A; validated=exact:howh; section=other-districts; gloss_state=unrecovered; raw=howh, «@+> huny,
howh	Howh	HAUKH. Turn to; hurry		interj	gibbs1863	5	no	conf=A; validated=exact:howh
howh	Howh	Turn to; hurry			hibben1889	5	no	conf=A; validated=exact:howh
howh	Howh	turn to; hurry; ho!			shaw1909	32	no	conf=A; validated=exact:howh; section=supplemental; origin=Jargon
howh	Howh	Turn to, or get to work briskly; hurry			gill1909	51	no	conf=A; validated=exact:howh
howh	Howh	To turn			gill1887	36	no	conf=A; validated=exact:howh
howh	Howh	Hurry; turn to			long1909		no	conf=A; validated=exact:howh+gloss; align=head/gloss runs paired by line count
howkwutl	How'-kwutl	An expression of in ability		adv	gibbs1863	5	no	conf=A; validated=exact:howkwutl; etym=Chinook, HAUKATLH
howkwutl	How-kwutl	Inability			hibben1889	5	no	conf=A; validated=exact:howkwutl
howkwutl	How'-kwutl	inability; unable			shaw1909	32	no	conf=A; validated=exact:howkwutl; section=supplemental; origin=Chinook
howkwutl	How-kwutl	Expresses inability			gill1909	51	no	conf=A; validated=exact:howkwutl
howkwutl	How-kwutl	Inability. How-kwutl ni-ka klat-a-wa? How could I go?			gill1887	36	no	conf=A; validated=exact:howkwutl
howkwutl	How'-kwutl	Expressed inability		adv	long1909		no	conf=A; validated=exact:howkwutl+gloss; align=head/gloss runs paired by line count
hpai	Hpa-i	Cedar			practical1886	4	yes	conf=C; raw=Hpa-i, Cedar
hpi	hpi	po cedar			rudiments1924		yes	conf=C; section=22-more-words; raw=hpi, po cedar,
htanke	Htanke	yesterday			rudiments1898	8	yes	conf=C; section=chinook-vocabulary; raw=Htanke- son -3, 3 yesterday
huihui	Huihui	to exchange			demers1871		no	conf=C
hullel	hullel				rudiments1924		yes	conf=A; validated=exact:hullel; section=other-districts; gloss_state=unrecovered; raw=hullel, 4% ie
hullel	Hul-lel	To sliake. Used with the verb inamook, as, mauiook hullel, it becomes active		v,n	gibbs1863	5	no	conf=A; validated=exact:hullel; etym=Chinook, idem
hullel	Hul-lel	To tremble; to shake		v	shaw1909		no	conf=A; validated=exact:hullel; section=lexicon; origin=Chinook; etym=Chinook,-idem
hullel	Hul-lel	To shake; or mamook hullel			gill1909	51	no	conf=A; validated=exact:hullel
hullet	Hul-let	To shake			gill1887	36	no	conf=B; near=hullel; single_source=yes
huloima	Hul-o'-i-ma	Other; another; different; difference; averse; diverse; eccentric; foreign; odd; separate; strange; queer; unusual		n,adj	shaw1909		no	conf=A; validated=skeleton:huloime; section=lexicon; origin=Chinook; etym=Chinook,- S'hulloyiba
huloime	Hul-oi-me|Hul-6i-me	Other; another			gill1887	36	no	conf=A; validated=skeleton:huloima; ocr=head digit/capital read as accented vowel
huloimee	Hul-oi'-mee	Strange; different; other			gill1909	51	no	conf=A; validated=skeleton:huloima
humkih	Hum'-kih	Crooked; knotted; curled			shaw1909	32	no	conf=B; single_source=yes; section=supplemental; origin=Chinook
humm	humm	smell			rudiments1898	7	yes	conf=A; validated=exact:humm+gloss; section=chinook-vocabulary; raw=humm, -- smell.
humm	Humm	A stink or smell; to stink		n,v	gibbs1863	5	no	conf=A; validated=exact:humm; etym=Jargon
humm	Humm	An invented word		n,v,adj	shaw1909		no	conf=A; validated=exact:humm; section=lexicon; origin=Jargon
humm	Humm	A stench or smell			gill1909	51	no	conf=A; validated=exact:humm; origin=Jargon
humm	Humm	A bad odor			gill1887	37	no	conf=A; validated=exact:humm
humm	Humm	Bad smell; stink		n	long1909		no	conf=A; validated=exact:humm+gloss; align=head/gloss runs paired by line count
humm opootch	Humm o-pootch	A skunk			gill1887	37	no	conf=A; validated=all-words-attested:humm opootch; type=phrase
hunlakih	Hunla-kih	Curley; knotted		adj	long1909		no	conf=A; validated=skeleton:hiinlkih+gloss; gloss_unverified=yes; align=head/gloss runs paired by line count
hunlkih	Hunl'-kih	Curled or curly; knotted; crooked		adj	gibbs1863	5	no	conf=A; validated=exact:hunlkih; etym=Chinook, HUNLKEKH
hunlkih	Hunl'-kih	Curled; curly; crooked; knotted			gill1909	52	no	conf=A; validated=exact:hunlkih
hunlkik	Hunl-kik	Curlea or curly; knotted; crooked			hibben1889	6	no	conf=A; validated=skeleton:hiinlkih
hutoima	Hut-o-i-ma	Other: another; different			hibben1889	6	no	conf=B; near=huloima; single_source=yes
huyhuy	Huy-huy	A bargain or ex change; to barter or trade		n,v	gibbs1863	5	no	conf=A; validated=exact:huyhuy; etym=Canadian French, HUI-HUI
huyhuy	Huy-huy	A bargain or exchange; to barter or trade		n,v	shaw1909		no	conf=A; validated=exact:huyhuy; section=lexicon; origin=Jargon; etym=Canadian Prench,-Hui-hui
huyhuy	Huy-huy	Barter; a hard bargain		v,n	long1909		no	conf=A; validated=exact:huyhuy+gloss; align=head/gloss runs paired by line count
hwah	Hwah	Surprise or admiration, also earnestness. 'Hy-ak- Swift; fast; quickly; hurry; make haste			hibben1889	6	no	conf=A; validated=exact:hwah
hwah	Hwah	surprise; admiration; earnestness			shaw1909	32	no	conf=A; validated=exact:hwah; section=supplemental; origin=Jargon
hwah	Hwah	Exclamation of surprise			gill1909	52	no	conf=A; validated=exact:hwah; origin=Jargon
hwah	Hwah	Surprise, or admiration*			gill1887	37	no	conf=A; validated=exact:hwah
hyak	Hy'-ak	also used as imperative		adv	gibbs1863	5	no	conf=A; validated=exact:hyak
hyak	Hy-ak	also used as imperative		adv	shaw1909		no	conf=A; validated=exact:hyak; section=lexicon
hyak	Hy-ak	Hurry; hasten; swift; sudden; make haste			gill1909	52	no	conf=A; validated=exact:hyak
hyak	Hy-ak	Hurry			gill1887	37	no	conf=A; validated=exact:hyak
hyak	Hy-ak	Swift; hurry;haste		adv	long1909		no	conf=A; validated=exact:hyak+gloss; align=head/gloss runs paired by line count
hyas	Hy-as	Large; great; very		adj,adv	gibbs1863	5	no	conf=A; validated=exact:hyas; etym=Probably corrupted from the following
hyas	Hyas	Large; great; very			hibben1889	6	no	conf=A; validated=exact:hyas
hyas	Hy-as	Large; great; very; the general term for size; wide; big; arduous; vast; celebrated		adj,adv	shaw1909		no	conf=A; validated=exact:hyas; section=lexicon; origin=Nootka; etym=Probably corrupted from the following,- Hyiu
hyas	Hy-as	Great; very; large			gill1909	52	no	conf=A; validated=exact:hyas; origin=Nootka
hyas	Hy-as	Large; great; very			gill1887	37	no	conf=A; validated=exact:hyas
hyas	Hy-as	Large; great; very large		adv,adj	long1909		no	conf=A; validated=exact:hyas+gloss; align=head/gloss runs paired by line count
hyas ahncutty	Hy-as ahn-cut-ty	Long ago			gill1887	37	no	conf=A; validated=all-words-attested:hyas ahncutty; type=phrase
hyas kloshe	Hy-as kloshe	Very good			gill1887	37	no	conf=A; validated=all-words-attested:hyas kloshe; type=phrase
hyas markook	Hy-as markook	High priced			gill1887	37	no	conf=A; validated=all-words-attested:hyas markook; type=phrase
hyiu	Hy-iu	Much, many, plenty, enough			hibben1889	6	no	conf=A; validated=exact:hyiu
hyiu	Hy-iu|Hi-yu	by Jewett. (Tokwaht,-aiya)		adj	shaw1909		no	conf=A; validated=exact:hyiu; section=lexicon; etym=WT
hyiu	Hy-iu	Enough; much; plenty			gill1887	37	no	conf=A; validated=exact:hyiu
hyiu	Hy-iu	Much; plenty; plentiftS		n,adj	long1909		no	conf=A; validated=exact:hyiu+gloss; gloss_unverified=yes; align=head/gloss runs paired by line count
hykwa	Hy'-kwa|Hy'-a-kwa	The dentalium; the shell money or wampum of the Pacific coast		n	gibbs1863	5	no	conf=A; validated=exact:hykwa; etym=Nootka, HAIHWA (i-whaw, Jewitt)
hykwa	Hy-kwa	The shell money of the Pacific Coast			hibben1889	6	no	conf=A; validated=exact:hykwa
hykwa	Hy'-kwa	shell money; large dentalium			shaw1909	32	no	conf=A; validated=exact:hykwa; section=supplemental; origin=Nootka
hykwa	Hy-kwa	Shell money or wampum			gill1909	52	no	conf=A; validated=exact:hykwa; origin=Nootka
hykwa	Hy-kwa	Shell money			gill1887	37	no	conf=A; validated=exact:hykwa
ibtibt	Ibtibt	sometimes			demers1871		no	conf=C
ih	Ih	corn			demers1871		no	conf=C
iht	Iht|ight	one			practical1886	2	yes	conf=C; type=number; ocr=numbers block read English-first, glosses assigned in order
ii lahie	II -la-hie	Tlie ground; the earth; dirt			gibbs1863	6	no	conf=B; single_source=yes; pos_ocr=garbled; etym=Chinook, ILAHEKH
iiagwin	Iia-g-win	a saw			shaw1909	35	no	conf=B; single_source=yes; section=supplemental; origin=?
iiakles	Iia'-kles	fat; oil; grease. la-lab/, (C), to cheat, trick; joke with			shaw1909	35	no	conf=B; single_source=yes; section=supplemental; origin=French
ik tah	Ik -tah	What. Iktah okook, what is that? iktah mika tikegh, what do you want? iktah, well, what now '* Ik -tah., n		pron	gibbs1863	6	no	conf=B; single_source=yes; etym=Chinook, IKTA
ikhol	Ik-hol	River; stream			gill1909	52	no	conf=B; single_source=yes; origin=Old Chinook
ikik	Ik'-ik	fish hook			shaw1909	32	no	conf=B; near=ikkik; single_source=yes; section=supplemental; origin=Chinook
ikkik	Ik'-kik	Ajish-hook		n	gibbs1863	6	no	conf=A; validated=exact:ikkik; etym=Chinook, IKKIK
ikkik	Ik-kik	A fish-hook			hibben1889	6	no	conf=A; validated=exact:ikkik
ikkik	Ik-kik	A fishhook			gill1909	52	no	conf=A; validated=exact:ikkik
ikkik	Ik-kik	A fish-hcok			gill1887	37	no	conf=A; validated=exact:ikkik
ikpooee	Ik-poo-ee	To shut; close; closed; shut up			gill1909	52	no	conf=A; validated=skeleton:ikpooie
ikpooie	Ik-poo'-ie	To shut. Ikpooie la pote, shut the door; inamook ikpooie, to surround; ikpooie kwillan, deaf		v	gibbs1863	6	no	conf=A; validated=exact:ikpooie; etym=Chinook, IKHPUI
ikpooie	Ik-poo-ie	To shut. Ikpooie la pote, shut the door; mamook ikpooie, to surround; ikpooie kwillan, deaf			hibben1889	6	no	conf=A; validated=exact:ikpooie
ikpooie	Ik-poo'-ie	To shut; close; stop; cork; closed shut		v	shaw1909		no	conf=A; validated=exact:ikpooie; section=lexicon; origin=Chinook; etym=Chinook.-Ikhpui
ikpooye	Ik-poo-ye	To shut			gill1887	37	no	conf=A; validated=skeleton:ikpooee
ikt	Ikt|Icht	One; once. Used also as the indefinite article		adj	gibbs1863	6	no	conf=A; validated=exact:ikt; etym=Chinook, IKHT
ikt	Ikt	One, once. Ikt man, a man; ikt nika klatawa copa yahka house, 1 have been once to his house			hibben1889	6	no	conf=A; validated=exact:ikt
ikt	Ikt|Icht	One; once; a unit		adj	shaw1909		no	conf=A; validated=exact:ikt; section=lexicon; origin=Chinook; etym=Chinook,-Ikht
ikt	Ikt	One; once; a; an			gill1909	52	no	conf=A; validated=exact:ikt
ikt	Ikt	One; once. Ik-tah? What?			gill1887	37	no	conf=A; validated=exact:ikt
ikta	Ikta	what			practical1886	13	yes	conf=A; validated=exact:ikta; raw=Ikta, what
ikta	Ik'-ta	A thing; that thing			gill1909	52	no	conf=B; near=iktas; single_source=yes
ikta	Ikta	ekita, what is the matter			demers1871		no	conf=A; validated=exact:ikta; gloss_unverified=yes
iktah	Ik-tah	What. Iktah okook? what is that? iktah mika tikegh? what do you want? iktah? well, what now? ©			hibben1889	6	no	conf=A; validated=exact:iktah
iktah	Ik'-tah|Ikta	What. "The interrogative pronouns are klaska, - who? Kahta or Iktah, - what? and Kunsih, - how many or how much? The latter is also used for when? - i. e., how much time, how many days?" - Hale		pron	shaw1909		no	conf=A; validated=exact:iktah; section=lexicon; origin=Chinook; etym=Chinook, - Tkta
iktahs	Ikta-hs	Goods, merchandise			hibben1889	6	no	conf=A; validated=exact:iktahs
iktahs	Ik-tahs	Goods; merchandise			gill1887	37	no	conf=A; validated=exact:iktahs
iktas	Ik'-tas|Iktahs	Things; garments; dress; a thing; goods; merchandise; clothing; utensils; baggage; attire; fabric; occasionally the singular Iktah is used, though not often		n	shaw1909		no	conf=A; validated=skeleton:iktahs; section=lexicon; etym=from preceding
il ahe	Il'1-a-he	Country; earth; soil			gill1887	37	no	conf=C
ilep	Ilep	first, more			practical1886	11	yes	conf=A; validated=skeleton:elip+gloss; raw=Ilep, first, more
illahee	Ill'-a-hee	Country; earth; the ground; soil; land			gill1909	52	no	conf=B; near=illahie; single_source=yes
illahie	Il-la-hie	The ground; the earth; dirt		n	hibben1889	6	no	conf=B; near=illahee; single_source=yes
ina	Ina	beaver			practical1886	5	yes	conf=C; raw=Ina, beaver
inapoo	In-a-poo	A lotise. Sopen inapoo, a flea			hibben1889	6	no	conf=A; validated=exact:inapoo
inapoo	In'-a-poo|Ee'-na-poo	A louse. (Sopen inapoo, - jump-louse; a flea.) Inati, - see Enati		n	shaw1909		no	conf=A; validated=exact:inapoo; section=lexicon; origin=Chinook; etym=Chinook,-inapu
inatai	Inatai	crossed, other side			demers1871		no	conf=A; validated=skeleton:eenati+gloss; gloss_unverified=yes
inati	In'-a-ti|Een-a-ti	Across; oppo site to; on the other side of		prep,adv	gibbs1863	6	no	conf=A; validated=exact:inati; etym=Chinook, INATAI
inati	In-a-ti	Across; opposite to; on the other side of			hibben1889	6	no	conf=A; validated=exact:inati
inati	In'-a-ti|ee'-na-tl	Across			gill1909	53	no	conf=A; validated=exact:inati
inati	In-a-ti	Across			gill1887	37	no	conf=A; validated=exact:inati
ipso to	ipso To	hide			rudiments1924		yes	conf=B; validated=witness:rudiments1898:ipsoot; section=163-original-words; raw=ipso To, "hide,
ipsoot	ip''soot	hide			rudiments1898	7	yes	conf=A; validated=exact:ipsoot+gloss; section=chinook-vocabulary; raw=ip''soot 1.9 hide
ipsoot	Ipsoot	to hide			practical1886	13	yes	conf=A; validated=exact:ipsoot+gloss; raw=Ipsoot, to hide
ipsoot	Ip'-SOOt	a., v. n. Chinook, ALHUPSO. To hide one's self, or any thing; to keep secret		v	gibbs1863	6	no	conf=A; validated=exact:ipsoot
ipsoot	Ip-soot	To hide one's self or anything; to keep secret			hibben1889	6	no	conf=A; validated=exact:ipsoot
ipsoot	Ip'-soot|Ip-sut	To hide one's self, or anything; to keep secret; to conceal; hide; hid; sly; concealed		v	shaw1909		no	conf=A; validated=exact:ipsoot; section=lexicon; etym=C
ipsoot	Ip'-soot	To hide; keep secret; concealed; a secret			gill1909	53	no	conf=A; validated=exact:ipsoot
ipsoot	Ip-soot	To hide			gill1887	37	no	conf=A; validated=exact:ipsoot
ipsut	Ipsut	to hide			demers1871		no	conf=A; validated=skeleton:ipsoot+gloss
irtan	iRtan	what			rudiments1924		yes	conf=C; section=163-original-words; raw=iRtan, 2,, what
isick	Is'-ick	A paddle. Mamook isick, to paddle		n	gibbs1863	6	no	conf=A; validated=exact:isick; etym=Chinook, ISIK
isick	Is-ick	A paddle. Mamook isick, to paddle		n	hibben1889	6	no	conf=A; validated=exact:isick
isick	Is'-ick	A paddle; an oar (occasionally)		n	shaw1909		no	conf=A; validated=exact:isick; section=lexicon; origin=Chinook; etym=Chinook,-Isik
iskum	Is'-kum	To take; take hold of; hold; get		v	gibbs1863	6	no	conf=A; validated=exact:iskum; etym=Chinook, idem
iskum	Is'-kum	To take hold of; hold; get; receive; accept; secure; catch; recover; obtain; seize		v	shaw1909		no	conf=A; validated=exact:iskum; section=lexicon; origin=Chinook; etym=Chinook,-idem
issick	Is'-sick	A paddle			gill1909	53	no	conf=A; validated=exact:issick
issick	Iss-ick	A paddle			gill1887	37	no	conf=A; validated=exact:issick; origin=or 'tsick
issick stick	Iss-ick stick	Ash - also alder; (literally, paddle-wood.,1			gill1887	37	no	conf=A; validated=all-words-attested:issick stick; type=phrase
issike	Issike	paddle poy) Mk A eee pe			practical1886	4	yes	conf=A; validated=skeleton:isick+gloss; gloss_unverified=yes; raw=Issike, paddle poy) Mk A eee pe
isskum	Iss-kum	To get; to take			gill1887	37	no	conf=A; validated=skeleton:iskum
it ian	It Ian|It'h-lan	A fathom; the length of the extended arms		n	gibbs1863	6	no	conf=B; single_source=yes; etym=Chinook, ITIILANA
it lokum	It lo-kum	The yame of " hand" - a common amusement		n	gibbs1863	6	no	conf=B; single_source=yes; etym=Chinook, idem, Chihalis, SETLOKUM
itian	It-Ian	A fathom			gill1887	37	no	conf=B; near=itlan; single_source=yes
itlam	itLam	fathom			rudiments1924		yes	conf=B; validated=edit1:itlan+gloss; section=other-districts; raw=itLam, 4, fathom,
itlan	It'-lan	a fathom			shaw1909	32	no	conf=A; validated=exact:itlan; section=supplemental; origin=Chinook
itlan	It'-lan|ethlon	A fathom; the length of the arms extended			gill1909	53	no	conf=A; validated=exact:itlan
itlokom	itlokom				rudiments1924		yes	conf=B; validated=skeleton:itlokum; section=other-districts; gloss_state=unrecovered; raw=itlokom, .% » garnble,
itlokum	It-lo-kum	The game of "hand," Mamook itlokum, to gamble		n	hibben1889	6	no	conf=A; validated=exact:itlokum
itlokum	It'-lo-kum	The game of "hand," - a common amusement; a mode of gambling		n	shaw1909		no	conf=A; validated=exact:itlokum; section=lexicon; origin=Chinook; etym=Chinook,-idem
itlokum	It'-lo-kum	A game played with small marked sticks, called sometimes the game of			gill1909	53	no	conf=A; validated=exact:itlokum
itlokum	It-lo-kum	A game; to gamble			gill1887	37	no	conf=A; validated=exact:itlokum
itlooilh	Itlooilh	flesh			practical1886	8	yes	conf=B; validated=witness:demers1871:itluil; raw=Itlooilh, flesh
itluil	Itluil	flesh, verenda			demers1871		no	conf=B; validated=witness:practical1886:itlooilh; gloss_unverified=yes
itlwille	Itl-wil-le	Flesh; meat			gill1887	37	no	conf=A; validated=skeleton:itlwillie
itlwillec	Itl-wil-lec	Flesh; meat			gill1909	53	no	conf=B; near=itlwille; single_source=yes
itlwillie	Itl'-wil-lie	The flesh; meat of any animal		n	gibbs1863	6	no	conf=A; validated=exact:itlwillie; etym=Chinook, ETLWILI
itlwillie	Itl-wil-lie	The flesh; meat of any animal		n	hibben1889	6	no	conf=A; validated=exact:itlwillie
itswooat	Itswooat	A black bear			hibben1889	6	no	conf=A; validated=skeleton:itswoot
itswoot	Its'-WOOt|Its'-hoot	A black bear		n	gibbs1863	6	no	conf=A; validated=exact:itswoot; etym=Chinook, EITSHHUT
itswoot	Its'-woot	The black bear			gill1909	53	no	conf=A; validated=exact:itswoot
itswoot	Its-woot	Black bear			gill1887	37	no	conf=A; validated=exact:itswoot
itswoot pasesee	Its-woot pa-se-see	Thick, black cloth, or blanket IEC Kah? Where? whence? whither?			gill1887	37	no	conf=A; validated=all-words-attested:itswoot pasesee; type=phrase
ittokum	Ittokum				demers1871		no	conf=B; validated=skeleton:taghkum; ocr_gloss=gam} 'ing, game,. il. amusok, beads
iuka	Iuka	he, him, his			demers1871		no	conf=C
iutl	Iutl	glad, pleased, proud			demers1871		no	conf=C
iutsekat	Iutsekat	short			demers1871		no	conf=A; validated=skeleton:yootskut+gloss
ivtat	ivtat	what			rudiments1898	7	yes	conf=C; section=chinook-vocabulary; raw=ivtat 2° what!
jabklab	Jabklab	to deceive			demers1871		no	conf=C
jabklab alam	Jabklab alam	to.row			demers1871		no	conf=C; ditto=head repeated from previous entry
jalim	Jalim	to file			demers1871		no	conf=B; validated=edit1:lalim+gloss
jalim lawhit	Jalim lawhit	to whip			demers1871		no	conf=C; ditto=head repeated from previous entry
k pet	K5-pet	Stop; enough; leave off			gill1909	65	no	conf=C
ka	Ka	again			demers1871		no	conf=C
kab	Kab	where, |			demers1871		no	conf=C
kadeena	Ka-dee'na	To fight			gill1909	53	no	conf=B; single_source=yes
kah	Kah	by where | a where			rudiments1924		yes	conf=A; validated=exact:kah+gloss; section=163-original-words; raw=Kah, by where,
kah	Ka'h	where			practical1886	12	yes	conf=A; validated=exact:kah+gloss; raw=Ka'h, where
kah	Kah	Where; whither; whence		adv	gibbs1863	7	no	conf=A; validated=exact:kah; etym=Chinook, KAKH
kah	Kah	Where; whence; whither		adv	shaw1909		no	conf=A; validated=exact:kah; section=lexicon; origin=Chinook; etym=Chinook,-kakh
kaha	Kaha	crow			practical1886	5	yes	conf=C; validated=edit1:naha; raw=Kaha, crow
kahhah	Kah-hah	A crow			hibben1889	6	no	conf=B; near=kahkah; single_source=yes
kahkah	Kah'-kah	A crow		n	gibbs1863	7	no	conf=A; validated=exact:kahkah; etym=Chinook and Nisqually (by onoma.), SKAKA
kahkah	Kah-kah	A crow			gill1909	53	no	conf=A; validated=exact:kahkah
kahkwa	Kahkwa	Like; similar to; equal with; as		adv	gibbs1863	7	no	conf=A; validated=exact:kahkwa; etym=Nootka, Tokwaht, ACHKO
kahkwa	Kah-kwa	Like, similar to; equal witu		adv	hibben1889	6	no	conf=A; validated=exact:kahkwa
kahkwa	Kah'-kwa	Like; similar to; equal with; as; so; thus; alike; because; hence; inasmuch; such		adj	shaw1909		no	conf=A; validated=exact:kahkwa; section=lexicon; origin=Nootka; etym=Nootka, Tok waht,-achko
kahkwa	Kah'-kwa	Like; equal with; so; as; thus			gill1909	53	no	conf=A; validated=exact:kahkwa; origin=Nootka
kahkwa	Kah-kwa	Like. 38 CHINOOK DICTIONARY			gill1887	37	no	conf=A; validated=exact:kahkwa
kahloken	Kah-lo'-ken	A swan			gill1909	54	no	conf=A; validated=exact:kahloken
kahloken	Kah-lo-ken	A swan. Keh-wa, or Kep-^wa			gill1887	37	no	conf=A; validated=exact:kahloken
kahnahway	Kah-nah-way	Acorns			gill1887	37	no	conf=A; validated=skeleton:kahnaway
kahnahway stick	Kah-nah-way stick	The oak			gill1887	37	no	conf=A; validated=all-words-attested:kahnahway stick; type=phrase
kahnaway	Kah'-na-way	Acorns. Kahnaway stick, the oak		n	gibbs1863	7	no	conf=A; validated=exact:kahnaway; etym=Chinook, T'KANAW^
kahnaway	Kah-na-way	Acorns. Kahnaway stick, the oak		n	hibben1889	6	no	conf=A; validated=exact:kahnaway
kahnaway	Kah'-na-way	acorns			shaw1909	32	no	conf=A; validated=exact:kahnaway; section=supplemental; origin=Chinook
kahnawee	Kah'-na-wee	Acorn; acorns			gill1909	53	no	conf=A; validated=skeleton:kahnahway
kahpho	Kahp-ho	An elder brother, sister, or cousin			gibbs1863	7	no	conf=A; validated=exact:kahpho; pos_ocr=garbled; etym=Chinook, idem
kahpho	Kahp-ho	Brother, sister, or cousin			hibben1889	6	no	conf=A; validated=exact:kahpho
kahpho	Kahp'-ho	An elder brother, sister, or cousin		n	shaw1909		no	conf=A; validated=exact:kahpho; section=lexicon; origin=Chinook; etym=Cinook,-idem
kahpo	Kah'-po	Elder brother or cousin			gill1909	54	no	conf=B; near=kahpho; single_source=yes
kahta	Kah-ta	' Chinook, KATA. How; why		adv	gibbs1863	7	no	conf=A; validated=exact:kahta
kahta	Kah-ta	How; why. Kahta mika mamook okook? why do you do that? kahta mika chahko? how did you come? te ne what is the matter with apa pe kahta? and why Kalvee jai: ma, 2. goose			hibben1889	6	no	conf=A; validated=exact:kahta
kahta	Kah'-ta	How; why		adv	shaw1909		no	conf=A; validated=exact:kahta; section=lexicon; origin=Chinook; etym=Chinook,-Kata
kaiah	Kaiah	guts, entrails, e | i L™ wolfiic! ison)' Laklas; ie '			demers1871		no	conf=C; gloss_unverified=yes
kaien	Kaien	apron			demers1871		no	conf=C
kais	Kais	Stone; rock. Kah'-ta? How? why? what?			gill1909	53	no	conf=B; single_source=yes; origin=Old Chinook
kaka	Kaka	crow, raven			demers1871		no	conf=C; gloss_unverified=yes
kako	Ka'ko	crow			rudiments1924		yes	conf=C; validated=edit1:koko; section=22-more-words; ocr_gloss=bs Crow; gloss_cleaned=unknown OCR tokens dropped; raw=Ka'ko, bs Crow,
kakshet	Kakshet	break			rudiments1924		yes	conf=A; validated=skeleton:kokshut+gloss; section=durieu-1879-vocabulary; ocr_gloss=xa fo break; gloss_cleaned=unknown OCR tokens dropped; gloss_state=unrecovered; raw=Kakshet, ¢¥~- b20hen,
kakshet	Kakshet	broken | break			practical1886	11	yes	conf=A; validated=skeleton:kokshut+gloss; raw=Kakshet, broken
kakshet	Kakshet	"broken | to strike, whip			demers1871		no	conf=A; validated=skeleton:kokshut+gloss
kakwa	Kakwa	ike | thus			practical1886	11	yes	conf=A; validated=skeleton:kahkwa+gloss; gloss_unverified=yes; raw=Kakwa, ike
kakwn	Kakwn				rudiments1924		yes	conf=B; validated=skeleton:kwan; section=durieu-1879-vocabulary; ocr_gloss=bb like; raw=Kakwn, bb like,
kalah kalah	Kal-ah kal-ah	A goose			gill1887	37	no	conf=A; validated=all-words-attested:kalah kalah; type=phrase
kalaka	Kalaka	wild inet			demers1871		no	conf=B; validated=skeleton:kehloke; gloss_unverified=yes
kalakala	Kala-kala	bird			practical1886	5	yes	conf=A; validated=skeleton:kallakala+gloss; raw=Kala-kala, bird
kalakalah ma	Kal-ak-a-lah ma	A goose. Used on the lower Columbia river		n	gibbs1863	7	no	conf=B; single_source=yes; etym=Chinook, OKALAKALAMA
kalakalahma	Kal-ak-a-lah'-ma	a goose			shaw1909	32	no	conf=A; validated=exact:kalakalahma; section=supplemental; origin=Chinook
kalakalahma	Kal-a-ka-lah'-ma	A goose; the wild goose			gill1909	54	no	conf=A; validated=exact:kalakalahma
kalakwahte	Kal-a-kwah-te	The inner bark of the cedar; also the short skirt formerly worn by the squaws, made of strips of cedar bark			gill1887	37	no	conf=A; validated=skeleton:kalakwahtee
kalakwahtee	Kal-a-kwah'-tee	The silky inner bark of the cedar			gill1909	54	no	conf=A; validated=skeleton:kalakwahte
kalakwahtie	Kal-a-kwah-tie	The inner bark of the cedar (thuja); the petticoat, or skirt, formerly worn by women, and often made of strands of bark		n	gibbs1863	7	no	conf=A; validated=exact:kalakwahtie; etym=Chinook, KALAKWATI, Clatsop, KL'WHELATL
kalakwahtie	Kal-a-kwah-tie	The inner bark of the cedar; the petti-' coat or shirt formerly worn by women and often made of strands of bark		n	hibben1889	6	no	conf=A; validated=exact:kalakwahtie
kalakwahtie	Kal-a-kwah'-tie	inner bark of the cedar; woman's petticoat of bark			shaw1909	32	no	conf=A; validated=exact:kalakwahtie; section=supplemental; origin=Chinook
kalakwat	Kalakwat	cedar bark			demers1871		no	conf=A; validated=skeleton:kalakwahte+gloss
kalathan	kalathan	ba Fence			rudiments1898	7	yes	conf=B; validated=skeleton:kalitan; section=chinook-vocabulary; raw=kalathan ba Fence
kalitan	Ka-li'-tan	An arrow; shot; a bullet		n	gibbs1863	7	no	conf=A; validated=exact:kalitan; etym=Chinook, TKLAITAN
kalitan	Ka-li'-tan	an arrow; shot; a bullet		n	shaw1909		no	conf=A; validated=exact:kalitan; section=lexicon; origin=Chinook; etym=Chinook,-Tklaitan
kalkal	Kalkal	hard			demers1871		no	conf=B; validated=skeleton:colecole
kalkala	Kal'kala				rudiments1898	7	yes	conf=A; validated=skeleton:kallakala+gloss; section=chinook-vocabulary; ocr_gloss=gor birds; raw=Kal'kala gor birds
kallakala	Kal-lak'-a-la|Kul-luk'-ul-la	A bird		n	gibbs1863	7	no	conf=A; validated=exact:kallakala; etym=Chinook, KALAKALA
kallakala	Kal-lak-a-la	<A bird			hibben1889	6	no	conf=A; validated=exact:kallakala
kalsnet	Kal'snet	mr broken			rudiments1898	7	yes	conf=C; section=chinook-vocabulary; raw=Kal'snet mr broken
kaltas	Kaltas				demers1871		no	conf=B; validated=skeleton:cultus; ocr_gloss=in vain, uselessly
kaltash	Kal'tash|Kaltash				rudiments1924		yes	conf=A; validated=skeleton:cultus+gloss; section=grammar-lists; ocr_gloss=useless | por useless; raw=Kal'tash, pwr, useless,
kaltash	kal'tash	po useless			rudiments1898	7	yes	conf=A; validated=skeleton:cultus+gloss; section=chinook-vocabulary; raw=kal'tash po useless
kaltash	Kaltash	useless			practical1886	11	yes	conf=A; validated=skeleton:cultus+gloss; raw=Kaltash, useless
kamae koch	Kamae Koch	where			rudiments1924		yes	conf=C; section=durieu-1879-vocabulary; raw=Kamae Koch, where,
kamas	Kamas				rudiments1924		yes	conf=A; validated=exact:kamas; section=other-districts; ocr_gloss=Wid ne; raw=Kamas, Wid ne
kamas	Kamas	A bulbous root used for food			hibben1889	6	no	conf=A; validated=skeleton:kamass
kamass	Kam-ass|La-karri ass	The Scilla esculcnta, - a bulbous root used for food by the Indians		n	gibbs1863	7	no	conf=A; validated=exact:kamass; etym=Nootka
kamass	Kam-ass	A bulbous root used for food			gill1887	37	no	conf=A; validated=exact:kamass
kamooks	Kamooks				rudiments1924		yes	conf=A; validated=exact:kamooks; section=durieu-1879-vocabulary; gloss_state=unrecovered; raw=Kamooks, £2 Log,
kamooks	Kamooks	dog			practical1886	5	yes	conf=A; validated=exact:kamooks+gloss; raw=Kamooks, dog
kamooks	Kam-ooks	A dog. Kahkwa kamooks, like a dog; beastly		n	gibbs1863	7	no	conf=A; validated=exact:kamooks; etym=Chinook, KLKABOKKS
kamooks	Kam-ooks	A dog. Kahkwa hamooks, like a dog; beastly		n	hibben1889	6	no	conf=A; validated=exact:kamooks
kamooks	Ka'm-ooks	A dog-. Kahkwa kamooks, - like a dog; beastly		n	shaw1909		no	conf=A; validated=exact:kamooks; section=lexicon; origin=Chinook; etym=Chinook,-Klkabokes
kamosek	kamosek				rudiments1924		yes	conf=B; validated=skeleton:kamosuk; section=other-districts; gloss_state=unrecovered; raw=kamosek, 6@wy, 4eads,
kamosuk	Ka-mo'-suk	Beads. Tyee kamosuk (chiei beads), the large blue glass beads		n	gibbs1863	7	no	conf=A; validated=exact:kamosuk; etym=Chinook, idem
kamosuk	Ka-mo-suk	Beads. 'Tyee kamosuk, (chief beads), the large blue glass beads		n	hibben1889	6	no	conf=A; validated=exact:kamosuk
kamosuk	Ka-mo'-suk	beads			shaw1909	32	no	conf=A; validated=exact:kamosuk; section=supplemental; origin=Chinook
kamosuk	Ka-mo'-suk	Beads			gill1909	54	no	conf=A; validated=exact:kamosuk
kamosuk	Ka-mo-suk	Beads. Tyee ka-mo-suk; chief, or the large blue glass beads			gill1887	37	no	conf=A; validated=exact:kamosuk
kamsih	Kamsih				rudiments1924		yes	conf=B; validated=skeleton:kamas; section=durieu-1879-vocabulary; ocr_gloss=gu how May; raw=Kamsih , gu how May,
kamsih	Kam'sih				rudiments1898	7	yes	conf=B; validated=skeleton:kamas; section=chinook-vocabulary; ocr_gloss=wr how many; raw=Kam'sih wr how many
kanamest	Kanamest	together			rudiments1898	7	yes	conf=B; validated=skeleton-edit1:kunamokst+gloss; section=chinook-vocabulary; ocr_gloss=gio together; gloss_cleaned=unknown OCR tokens dropped; raw=Kanamest gio together
kanamokst	Kanamokst	both, together			practical1886	12	yes	conf=A; validated=skeleton:kunamokst+gloss; raw=Kanamokst, both, together
kanamoxt	Kanamoxt				rudiments1924		yes	conf=B; validated=skeleton:kunamokst; section=durieu-1879-vocabulary; ocr_gloss=logelher; raw=Kanamoxt, logelher,
kanawe	Kanawe				rudiments1898	7	yes	conf=B; validated=skeleton:kahnahway; section=chinook-vocabulary; ocr_gloss=gd alt; raw=Kanawe gd alt
kanawe	Kanawe	all			practical1886	11	yes	conf=A; validated=skeleton:konaway+gloss; raw=Kanawe, all
kanawe	Kanawe				demers1871		no	conf=B; validated=skeleton:kahnahway; ocr_gloss=acortis! th rand
kanawe kuh	Kanawe ku'h	every where			practical1886	12	yes	conf=C; type=phrase; raw=Kanawe ku'h, every where
kanawe sti	Kanawe sti				demers1871		no	conf=B; validated=all-words-attested:kanawe sti; ditto=head repeated from previous entry; ocr_gloss=oaks! 41
kanewe	Kanewe	all			demers1871		no	conf=A; validated=skeleton:konaway+gloss
kannum	Kan'-num	God			gill1909	54	no	conf=A; validated=skeleton:aykehnam; origin=Old Chinook
kansib	Kansib	how many, wek kansib never			demers1871		no	conf=B; validated=skeleton-edit1:kionass+gloss; gloss_unverified=yes
kansvh	Kansvh	how many			practical1886	12	yes	conf=B; validated=skeleton-edit1:kionass+gloss; raw=Kansvh, how many
kao	Kao|kao	tie..! & Tita t &wiuxwiu, finger ring | to tie up, bind			demers1871		no	conf=C; ditto=head repeated from previous entry; gloss_unverified=yes
kapho	kap'ho	elder brother			rudiments1898	7	yes	conf=A; validated=skeleton:kahpho+gloss; section=chinook-vocabulary; raw=kap'ho ¢-9 elder brother
kapo	Kapo	Coat			practical1886	9	yes	conf=A; validated=skeleton:capo+gloss; raw=Kapo, Coat. -
kapshiwala	Kapshiwala				rudiments1924		yes	conf=B; validated=skeleton:kapswalla; section=durieu-1879-vocabulary; gloss_state=unrecovered; raw=Kapshiwala, y~Z lo steal,
kapshiwala	Kapshiwala	to steal			practical1886	13	yes	conf=A; validated=skeleton:kapswalla+gloss; raw=Kapshiwala, to steal
kapshwala	Kap'shwala	to steal			rudiments1898	7	yes	conf=A; validated=skeleton:kapswalla+gloss; section=chinook-vocabulary; raw=Kap'shwala 0? to steal
kapsualla	Kap-su-al-la	Kapsualla klatawa, to steal away; kapsualla mamook, to do secretly			gibbs1863	7	no	conf=B; near=kapswalla; single_source=yes; etym=Quaere u. d. To steal
kapswalla	Kap-swal-la	To steal. Kapswalla klatawa, to steal away; kapswalla mamook; to do secretly			hibben1889	6	no	conf=A; validated=exact:kapswalla
kapswalla	Kap-swal-la|Kap-su-al-la	To steal; rob; a theft		v,n	shaw1909		no	conf=A; validated=exact:kapswalla; section=lexicon; origin=Quaere u. &.
kapswalla	Kap-swal'-la	To steal			gill1909	54	no	conf=A; validated=exact:kapswalla
kapswaula	Kap-swaUla	To steal; to do anything stealthily			gill1887	37	no	conf=A; validated=skeleton:kapswalla
karaass	Kara'-ass|La'-kam-ass	The Scilla Esculenta, - a bulbous root used for food by the Indians, sometimes called Si wash onion		n	shaw1909		no	conf=B; single_source=yes; section=lexicon; origin=Nootka
karpo	Kar-po	Brother, sister, or cousin			gill1887	37	no	conf=B; near=kahpo; single_source=yes
kasskas	Kass'-kas	A boy			gill1909	54	no	conf=A; validated=skeleton:kishkish; origin=Old Chinook
kastik	Kastik				demers1871		no	conf=B; validated=skeleton:kokostick; ocr_gloss=balsam
kata	kata	how			rudiments1898	7	yes	conf=A; validated=skeleton:iktah+gloss; section=chinook-vocabulary; ocr_gloss=y how; gloss_cleaned=unknown OCR tokens dropped; raw=kata y. how
kata	Kata	how			practical1886	12	yes	conf=A; validated=skeleton:iktah+gloss; raw=Kata, how
kata	kata|Kata	to ill treat, to abuse, hurt one's feelings | how, what is the matter			demers1871		no	conf=A; validated=skeleton:ikt+gloss; ditto=head repeated from previous entry; gloss_unverified=yes
katelta	Katelta	Ember days			demers1871		no	conf=C; validated=skeleton-edit1:kimoolth; gloss_unverified=yes
katsak	Katsak				rudiments1924		yes	conf=A; validated=skeleton:katsuk+gloss; section=other-districts; ocr_gloss=Arps middle; raw=Katsak, Arps middle,
katsak	Katsak	middle, ne | among, in the middle, between			demers1871		no	conf=A; validated=skeleton:katsuk+gloss
katsuk	Kat-suk	The middle or center of anything			hibben1889	6	no	conf=A; validated=exact:katsuk
katsuk	Ka't-suk|Ko't-suk	The middle or centre of anything		n	shaw1909		no	conf=A; validated=exact:katsuk; section=lexicon; origin=Chinook; etym=Chinook,-idem
katsuk	Kat'-suk	The middle or center of a circle or other figure or thing			gill1909	54	no	conf=A; validated=exact:katsuk
katsuk	Kat-suk	The middle, or center			gill1887	37	no	conf=A; validated=exact:katsuk
kaupa	Kau-pa	Coffee			gill1887	37	no	conf=A; validated=skeleton:kaupee
kaupee	Kau'-pee	Coffee			gill1909	54	no	conf=A; validated=skeleton:kaupa
kaupy	Kau'-py	Coffee		n	gibbs1863	7	no	conf=A; validated=exact:kaupy; etym=English
kaupy	Kau-py	Coffee			hibben1889	6	no	conf=A; validated=exact:kaupy
kaupy	Kau'-py	Coffee		n	shaw1909		no	conf=A; validated=exact:kaupy; section=lexicon; origin=English
kawak	Ka-wak	To fly. Not in general use		v	gibbs1863	8	no	conf=A; validated=exact:kawak; etym=Chihalis, KAUAK
kawak	Ka-wak	To fly		v	hibben1889	6	no	conf=A; validated=exact:kawak
kawak	Ka-wa'k	to fly			shaw1909	32	no	conf=A; validated=exact:kawak; section=supplemental; origin=Salish
kawak	Ka-wak	To fly			gill1909	54	no	conf=A; validated=exact:kawak; origin=Chinook
kawak	Ka-wak	To fly			gill1887	37	no	conf=A; validated=exact:kawak
kawek	Kawek	not yet			demers1871		no	conf=B; validated=skeleton:kawak; gloss_unverified=yes
kawkawak	Kaw-ka-wak	Yellow, or pale green		adj	gibbs1863	8	no	conf=A; validated=exact:kawkawak; etym=Chinook, KAKAWAK
kawkawak	Kaw-ka-wak	rele ov pale green			hibben1889	6	no	conf=A; validated=exact:kawkawak
kawkawak	Kaw-ka-wak	yellow or pale green			shaw1909	32	no	conf=A; validated=exact:kawkawak; section=supplemental; origin=Chinook
kawkawak	Kaw-ka-wak	Yellow or yellowish green			gill1909	54	no	conf=A; validated=exact:kawkawak
kawkawak	Kaw-ka-wak	Yellow, or pale green			gill1887	37	no	conf=A; validated=exact:kawkawak
kawok	Kawok				rudiments1924		yes	conf=B; validated=skeleton:kawak; section=other-districts; ocr_gloss=Gee; raw=Kawok, 49, Gee:
kdko	Kd'-ko	To knock; to tap			gill1909	65	no	conf=B; near=koko; single_source=yes
kdpa	Kd'-pa	To; in; at; with; toward; concerning; about; there; than			gill1909	65	no	conf=B; near=kopa; single_source=yes
kebtsi	Kebtsi	although			demers1871		no	conf=C
keekwillie	Kee-kwil-lie	Low; below; under; leneath; down		prep	gibbs1863	8	no	conf=A; validated=exact:keekwillie; etym=Chinook, KIK'HWILI
keekwillie	Keek-wil-lie	Low, below, under, beneath, down			hibben1889	6	no	conf=A; validated=exact:keekwillie
keekwilly	Kee'-kwil-ly	Below; beneath; down			gill1909	54	no	conf=A; validated=skeleton:keekwillie
keekwulee	Kee'-kwu-lee|Kee'-kwil-lie	Low; below; tinder; beneath; down; inward		prep	shaw1909		no	conf=A; validated=skeleton:keekwillie; section=lexicon; origin=Chinook; etym=Chinook.-Kik'hwili
keelally	Keel'-al-ly	A doctor; a medicineman			gill1909	65	no	conf=A; validated=exact:keelally
keelally	Keel-al-ly	A doctor			gill1887	37	no	conf=A; validated=exact:keelally
keelapie	Keel-a-pie	To turn, return, upset			gill1887	37	no	conf=A; validated=skeleton:keelapy
keelapy	Keel'-a-py	To turn; return; overturn; upset			gill1909	54	no	conf=A; validated=skeleton:keelapie
keep wot	Keep '-wot	A needle; the sting of an insect; a thorn		n	gibbs1863	8	no	conf=A; validated=all-words-attested:keep wot; etym=Chinook, OKWEPOWA, Yakama, KAPUS, a pin (Pandosy)
keepwoot	Keep-woot	A needle; the sing of an insect; a thorn; Shoes ~ keepwoot, an awl Keh-loke, n, A swan			hibben1889	7	no	conf=A; validated=exact:keepwoot
keepwoot	Keep'-woot	A thorn; a needle or pin; sting of an insect			gill1909	65	no	conf=A; validated=exact:keepwoot
keepwoot	Keep-woot	A pin, needle, sting, thorn, or awl			gill1887	37	no	conf=A; validated=exact:keepwoot
keepwot	Keep'-wot	needle; pin; thorn; sting of an insect			shaw1909	32	no	conf=A; validated=skeleton:keepwoot; section=supplemental; origin=Chinook
keequilly	Kee-quil-ly	Low; below			gill1887	37	no	conf=A; validated=skeleton:keekwillie
keghche	Kegh'che	'Notwithstanding; although			gill1909	65	no	conf=A; validated=skeleton:keghtche
keghtche	Kegh-t-che	Notwithstanding; although			gill1887	37	no	conf=A; validated=skeleton:keghche
kehloke	Keh'-loke	A swan. Of local use only		n	gibbs1863	8	no	conf=A; validated=skeleton:kelok; etym=Chinook, idem
kehsee	Keh'-see|Ki'-SU	An apron		n	gibbs1863	8	no	conf=A; validated=exact:kehsee; etym=Chinook, EKESO
kehsee	Keh-see	An apron			hibben1889	7	no	conf=A; validated=exact:kehsee
kehsee	Keh'-see	an apron			shaw1909	32	no	conf=A; validated=exact:kehsee; section=supplemental; origin=Chinook
kehwa	Keh-wa	Not in common use		adv	gibbs1863	8	no	conf=A; validated=exact:kehwa; etym=Quaere u. d. Because
kehwa	Keh-wa	Because			hibben1889	7	no	conf=A; validated=exact:kehwa
kehwa	Keh'-wa	Because			gill1909	65	no	conf=A; validated=exact:kehwa; origin=uncertain
kelaften	Kelaften				practical1886	7	yes	conf=B; validated=skeleton-edit1:kalitan+gloss; ocr_gloss=shots; raw=Kelaften, shots. :
kelale	Kelale|kelale	indian medecine | tamanwas, to make the Indian jugglery			demers1871		no	conf=C; validated=edit1:klale; ditto=head repeated from previous entry; gloss_unverified=yes
kelapi	Kel'-a-pi|Ka-la-pi	To turn; return; overturn; upset		v	gibbs1863	8	no	conf=A; validated=skeleton:keelapie; etym=Chinook, KELAPAI
kelapie	Kel-a-pie	To turn; return; overturn; upset		v	hibben1889	7	no	conf=A; validated=skeleton:keelapie
kelkicho	Kelkicho	bottle			demers1871		no	conf=C; validated=skeleton-edit1:kehloke
kelok	Ke'-lok	The crane			gill1909	65	no	conf=A; validated=skeleton:kehloke
keluk	Keluk	swan			demers1871		no	conf=A; validated=skeleton:kehloke+gloss
kenem	Kene'm				rudiments1924		yes	conf=B; validated=skeleton:aykehnam; section=163-original-words; gloss_state=unrecovered; raw=Kene'm, 2 » Camoe,
kenkiam	Ken-ki-am	At the right; right-hand side			gill1909	65	no	conf=B; near=aykehnam; single_source=yes
kenkiam	Kenkiam				demers1871		no	conf=A; validated=exact:kenkiam+gloss; ocr_gloss=right: hand side, Kolaiten,, balls bullet... #:/> stik kolaiten,: annie
kenum	Kenum	Canoe			rudiments1898	7	yes	conf=A; validated=skeleton:canim+gloss; section=chinook-vocabulary; raw=Kenum' Canoe
keschi	Kes'-chi|Keh-tsie	Notwith standing; although			gibbs1863	8	no	conf=A; validated=exact:keschi; etym=Chinook, KUKHTSI (Anderson)
keschi	Kes-chi	Notwithstanding; although			hibben1889	7	no	conf=A; validated=exact:keschi
keschi	Kes'-chi	notwithstanding; although			shaw1909	32	no	conf=A; validated=exact:keschi; section=supplemental; origin=Chinook
ket ling	Ket '-ling|Kit '-ling	A kettle; can; basin, <fec		n	gibbs1863	8	no	conf=A; validated=all-words-attested:ket ling; etym=English
ketlin	Ket-lin	A ketttle, can, basin, ete			hibben1889	7	no	conf=B; near=ketling; single_source=yes
ketling	Ket'-ling	A kettle, dish, can or pail			gill1909	65	no	conf=A; validated=exact:ketling
ketling	Ket-ling	A basin, can, or kettle			gill1887	37	no	conf=A; validated=exact:ketling
ketwilla	Ket-wil-la	A pit; a cellar			gill1909	65	no	conf=B; near=xwalh; single_source=yes
khell	Khell	hard			rudiments1924		yes	conf=A; validated=skeleton:kull+gloss; section=durieu-1879-vocabulary; ocr_gloss=Lg hard; gloss_cleaned=unknown OCR tokens dropped; raw=Khell, Lg hard,
khell	Khell	hard			rudiments1898	7	yes	conf=A; validated=skeleton:kull+gloss; section=chinook-vocabulary; raw=Khell 4, hard
khkwalhe	Khk-wal-he	Brass			hibben1889	9	no	conf=A; validated=skeleton:keekwillie
kiikamuks	Kiik-a-muks	Blackor dewberries			gill1887	39	no	conf=A; validated=skeleton:kamooks
kiilakula	Kiil-a-kul-a	A bird			gill1887	40	no	conf=A; validated=skeleton:kallakala
kiimtux	Kiim-tux	To know; understand; to be acquainted with; believe			gill1887	40	no	conf=A; validated=skeleton:kumtuks
kikoole	ki'Koole|Kikoole	down			rudiments1924		yes	conf=B; validated=witness:practical1886:kikoole; section=grammar-lists; ocr_gloss=yar | ZA down; gloss_cleaned=unknown OCR tokens dropped; raw=ki'Koole, yar, 4efow,
kikoole	ki'Koole	below			rudiments1898	7	yes	conf=B; validated=witness:practical1886:kikoole; section=chinook-vocabulary; raw=ki'Koole (67 below
kikoole	Kikoole	tlep, bottom, deep, below | down			practical1886	11	yes	conf=B; validated=witness:rudiments1924:kikoole; gloss_unverified=yes; raw=Kikoole, tlep, bottom, deep, below
kikoole kot	Kikoole Kot	vest			rudiments1924		yes	conf=B; validated=all-words-attested:kikoole kot; section=durieu-1879-vocabulary; ocr_gloss=Zaz vest; gloss_cleaned=unknown OCR tokens dropped; raw=Kikoole Kot, Zaz vest,
kikoole shit	Kikoole shit				rudiments1924		yes	conf=B; validated=all-words-attested:kikoole shit; section=durieu-1879-vocabulary; ocr_gloss=wader shia; raw=Kikoole shit, wader shia,
kikvile	Kikvile	down, under			demers1871		no	conf=C
kikwathi	Kikwathi	brass			rudiments1924		yes	conf=B; validated=skeleton:kwahta; section=other-districts; raw=Kikwathi, Ho, brass,
kikwile	Kikwile|kikwile	tlip, bottom, below, deep | to lower down, descend			demers1871		no	conf=A; validated=skeleton:keekwillie+gloss; ditto=head repeated from previous entry; gloss_unverified=yes
kikwiletai	Kikwile-Tai	the devil			demers1871		no	conf=B; validated=skeleton:kwelth
kilapai	Kilapai	returned, turned | to return | up side down, cle, a lony time, wekléle, not long			demers1871		no	conf=A; validated=skeleton:keelapie+gloss; gloss_unverified=yes
kilapai tlush	Kilapai tlush				demers1871		no	conf=B; validated=all-words-attested:kilapai tlush; ditto=head repeated from previous entry; ocr_gloss=better
kilapailemai	Kilapailemai	mole.. i *			demers1871		no	conf=C; validated=skeleton-edit1:kalakalahma
kilapar	Kilapar	upset			practical1886	11	yes	conf=B; validated=skeleton-edit1:keelapie+gloss; raw=Kilapar, upset
kilapi	Kil'-a-pi|Kel'-a-pi|Ka-la-pi	To turn; return; overturn; upset; reverse; retreat; capsize		v	shaw1909		no	conf=A; validated=skeleton:keelapie; section=lexicon; origin=Chinook; etym=Chinook.-Kelapai
kilitsut	Kil-it'-sut	Flint; a bottle; glass		n	gibbs1863	8	no	conf=A; validated=exact:kilitsut; etym=Chinook, OKWILIKTSHUT
kilitsut	Kil-it-sut	Flint, a bottle, glass		n	hibben1889	7	no	conf=A; validated=exact:kilitsut
kilitsut	Kil-it'-sut	flint; bottle; glass. Kinni-kinnik, smoking weed (mixture). See note under Tatoosh, main vocabulary			shaw1909	32	no	conf=A; validated=exact:kilitsut; section=supplemental; origin=Chinook
kilitsut	Kil-it'-sut	Flint; glass			gill1909	65	no	conf=A; validated=exact:kilitsut
kilitsut	Kil-it-sut	A bottle, glass, or flint			gill1887	37	no	conf=A; validated=exact:kilitsut
kilusut	Kilusut	flint			rudiments1924		yes	conf=B; validated=skeleton-edit1:kilitsut+gloss; section=other-districts; raw=Kilusut, 2.9, glass, flint,
kim	Kim	to after			rudiments1898	7	yes	conf=C; section=chinook-vocabulary; ocr_gloss=to da after; gloss_cleaned=unknown OCR tokens dropped; raw=Kim' to da after
kimoolth	Kim-oolth	Tobacco			gill1887	37	no	conf=B; near=hokumelh; single_source=yes
kimpta	Kimpta	behind, back			demers1871		no	conf=B; validated=edit1:kimta+gloss
kimta	kim'ta|Kimta				rudiments1924		yes	conf=A; validated=exact:kimta; section=grammar-lists; ocr_gloss=Cehind | S afte; raw=kim'ta, , Cehind,
kimta	Kimta	after			practical1886	11	yes	conf=A; validated=exact:kimta+gloss; raw=Kimta, after
kimta	Kim'-ta|Kim-tah	Behind; after; afterwards; last; since		prep	gibbs1863	8	no	conf=A; validated=exact:kimta; etym=Chinook, KIMTA
kimta	Kim'-ta|Kim-tah	Behind; after; afterwards; last; since; back; rear; subsequent; younger		prep	shaw1909		no	conf=A; validated=exact:kimta; section=lexicon; origin=Chinook; etym=Chinook,-Kimta
kimta	Kim'-ta	Behind; since; last; after			gill1909	65	no	conf=A; validated=exact:kimta
kimtah	Kimtah	Behind, after, afterwards, last, since			hibben1889	7	no	conf=A; validated=exact:kimtah
kimtah	Kim-tah	Behind; after; since; last			gill1887	37	no	conf=A; validated=exact:kimtah
king chautsh	King Chautsh	King chautshman, an Englishman		adj	gibbs1863	8	no	conf=B; single_source=yes; etym=English, KING GEORGE. English
king george	King George	Englishman			practical1886	7	yes	conf=C; type=phrase; raw=King George, Englishman
kinootl	Ki'-nootl|Ki -noos	Tobacco		n	gibbs1863	8	no	conf=A; validated=exact:kinootl; etym=Chinook, EKAINUTL
kinootl	Ki-nootl	Tobacco			hibben1889	7	no	conf=A; validated=exact:kinootl
kinootl	Ki'-nootl|ki noos	Tobacco. King George, or, as pronounced kin-chautsh			gill1909	65	no	conf=A; validated=exact:kinootl
kionass	Kio-nass	Uncertainty; doubt; I don't know; may be so; who knows?			hibben1889	9	no	conf=A; validated=skeleton:kons
kiootan	Kiootan	horse			practical1886	5	yes	conf=A; validated=skeleton:kiuatan+gloss; raw=Kiootan, horse
kip hwij	Kip hwij				rudiments1924		yes	conf=B; validated=all-words-attested:kip hwij; section=22-more-words; gloss_state=unrecovered; raw=Kip hwij, oA grr 59427
kipooit	kipooit	needle			rudiments1898	7	yes	conf=B; validated=skeleton:kopet; section=chinook-vocabulary; ocr_gloss=Gor needle; gloss_cleaned=unknown OCR tokens dropped; raw=)kipooit Gor needle
kipooit	Kipooit				practical1886	9	yes	conf=B; validated=skeleton:kopet; ocr_gloss=xeedle; raw=Kipooit, xeedle
kipoott	Kipoott				rudiments1924		yes	conf=B; validated=skeleton:kopet; section=durieu-1879-vocabulary; gloss_state=unrecovered; raw='Kipoott, 4m needle,
kis lis	Kis' lis				rudiments1924		yes	conf=B; validated=all-words-attested:kis lis; section=grammar-lists; gloss_state=unrecovered; raw=Kis' lis, SVS duve (lj,
kishkish	Kish-kish	To drive as cattle or horses		v	hibben1889	7	no	conf=A; validated=exact:kishkish
kishkish	Kish-kish	To drive, as cattle or horses		v	shaw1909		no	conf=A; validated=exact:kishkish; section=lexicon; origin=Chinook; etym=Chinook,-idem
kishkish	Kish-kish	To drive; to herd, as a band of horses or cattle			gill1909	65	no	conf=A; validated=exact:kishkish
kishkish	Kish-kish	To drive			gill1887	37	no	conf=A; validated=exact:kishkish
kishkish	kishkish	to drive			demers1871		no	conf=A; validated=exact:kishkish+gloss; ditto=head repeated from previous entry
kishklsh	Kish-kLsh	To drive, as cattle or horses		v	gibbs1863	8	no	conf=B; near=kishkish; single_source=yes; etym=Chinook, idem
kissu	Kissu	An apron			gill1909	65	no	conf=A; validated=exact:kissu
kissu	Kis-su	An apron			gill1887	37	no	conf=A; validated=exact:kissu
kitsutqua	Kit-sut-qua	Old name of Columbia City			gill1909	65	no	conf=B; single_source=yes
kiu	kiu	Can horse			rudiments1898	7	yes	conf=C; section=chinook-vocabulary; raw=kiu' Can horse
kiuatan	Kiu'-a-tan	Cooley kiuatan, a race-horse; stone kiuatan, a stallion		n	gibbs1863	8	no	conf=A; validated=exact:kiuatan; etym=Chinook, IKIUATAN
kiuatan	Kiu-a-tan	A horse. Stone kiuatan, a stallion		n	hibben1889	7	no	conf=A; validated=exact:kiuatan
kiuatan	Kiu'-a-tan|Kuitan	A horse		n	shaw1909	10	no	conf=A; validated=exact:kiuatan; section=lexicon; origin=Chinook; etym=Chinook, -ikiuatan
kivkis	kivkis	drive			rudiments1898	7	yes	conf=B; validated=skeleton-edit1:kasskas+gloss; section=chinook-vocabulary; raw=kivkis <4, drive
kiwa	ki'wa				rudiments1924		yes	conf=A; validated=exact:kiwa; section=22-more-words; ocr_gloss=Secause; raw=ki'wa, <0, Secause,
kiwa	Ki'-wa	Crooked. Of only local use			gibbs1863	8	no	conf=A; validated=exact:kiwa; pos_ocr=garbled; etym=Wasco, KAIWA (Shaw)
kiwa	Ki-wa	Crooked Ki-yah, 7. Entrails			hibben1889	7	no	conf=A; validated=exact:kiwa
kiwa	Ki'-wa	crooked			shaw1909	32	no	conf=A; validated=exact:kiwa; section=supplemental; origin=Wasco
kiwea	Kiwea	because			rudiments1924		yes	conf=A; validated=skeleton:kahkwa+gloss; section=other-districts; raw=Kiwea, dg, because,
kiyah	Ki'-yah	Entrails		n	gibbs1863	8	no	conf=A; validated=exact:kiyah; etym=Chihalis, KAIYAKH
kiyah	Ki'-yah	entrails			shaw1909	32	no	conf=A; validated=exact:kiyah; section=supplemental; origin=Salish
kiyah	Ki'-yah	Entrails; bowels			gill1909	65	no	conf=A; validated=exact:kiyah; origin=Chinook
kiyah	Ki-yah	Entrails. (Also kee-quil-ly yah-kwah-tin.)			gill1887	37	no	conf=A; validated=exact:kiyah
kkwantem	kKwantem	ee belly			rudiments1924		yes	conf=C; validated=skeleton-edit1:kwinnum; section=durieu-1879-vocabulary; raw={kKwantem, ee belly,
klah	Klah				rudiments1924		yes	conf=A; validated=exact:klah; section=other-districts; ocr_gloss=lopli; raw=Klah, A, lear, lopli,
klah	Klah	Free or clear from; in sight		adj	gibbs1863	8	no	conf=A; validated=exact:klah; etym=Chinook, KLAKH
klah	Klah	adj. Free or clean from; in sight			hibben1889	7	no	conf=A; validated=exact:klah
klah	Klah	Free or clear from; in sight; to escape		adj,v	shaw1909	10	no	conf=A; validated=exact:klah; section=lexicon; origin=Chinook; etym=Chinook,-Klakh
klah	Klah	Visible; in sight; free of			gill1909	65	no	conf=A; validated=exact:klah
klah	Klah	Free or clear from; in sight			gill1887	37	no	conf=A; validated=exact:klah
klahanee	Kla'-ha-nee|kla-ha-nee	Out; outside; out-of-doors			gill1909	65	no	conf=A; validated=skeleton:klahhane
klahetlak	Klah'-e-tlak	Grasshopper			gill1909	65	no	conf=B; single_source=yes
klahhane	Klah-ha-ne	Out of doors; out; without			gill1887	39	no	conf=A; validated=skeleton:klahanee
klahowya	Kla-how-ya	How do you? good bye. _			hibben1889	7	no	conf=A; validated=exact:klahowya
klahowya	Kla-ho'w-ya	The ordinary salutation at meetingor parting*. How do you do? good evening; good day; good morning; good-bye; as, Klahowya sikhs, - good day, friend		adv	shaw1909	10	no	conf=A; validated=exact:klahowya; section=lexicon; origin=Chinook
klahowya	Kla-how'-ya	Salutation at meeting or parting; how are you? good-bye			gill1909	65	no	conf=A; validated=exact:klahowya
klahowya	Kla-how-ya	How are you? Good-bye			gill1887	39	no	conf=A; validated=exact:klahowya
klahowyam	Kla'howyam				rudiments1898	7	yes	conf=B; validated=skeleton:klahowyum; section=chinook-vocabulary; ocr_gloss=ye oor; raw=Kla'howyam ye oor
klahowyum	Kla-hoW-yum	Poor; miserable; wretched; compassion		adj,n	gibbs1863	9	no	conf=A; validated=exact:klahowyum; etym=Chinook, KI.AHAUIA
klahowyum	Kla-how-yum	Poor. miserable, wretched, compassion			hibben1889	7	no	conf=A; validated=exact:klahowyum
klahowyum	Kla-ho'w-yum	Poor; miserable; wretched; compannion; distress		adj,n	shaw1909	10	no	conf=A; validated=exact:klahowyum; section=lexicon; origin=Chinook; etym=Chinook,- Klahauia
klahowyum	Kla-how'-yum	Poor; wretched; compassion			gill1909	65	no	conf=A; validated=exact:klahowyum
klahowyum	Kla-how-yum	Poor; wretched; compassion			gill1887	39	no	conf=A; validated=exact:klahowyum
klahwa	Klah-wa	Slow; slowly		adv	gibbs1863	9	no	conf=A; validated=exact:klahwa; etym=Chinook, KLAWAKH
klahwa	Klah-wa	Slow; slowly; tardy		adv	shaw1909	10	no	conf=A; validated=exact:klahwa; section=lexicon; origin=Chinook; etym=Chinook,-klawakh
klahwap	Klahwap				rudiments1924		yes	conf=B; validated=skeleton:klawhap; section=other-districts; gloss_state=unrecovered; raw=Klahwap, "@, « hele,
klak	klak	from			rudiments1924		yes	conf=A; validated=exact:klak; section=other-districts; raw=klak, 4, from,
klak	Klak	[To take] off		adv	gibbs1863	9	no	conf=A; validated=exact:klak; etym=Chinook, KLAKW
klak	Klak	Off		adv	hibben1889	7	no	conf=A; validated=exact:klak
klak	Klak	Off; out; away; (to take) off		adv	shaw1909	10	no	conf=A; validated=exact:klak; section=lexicon; origin=Chinook; etym=Chinook.-klakw
klak	Klak	Take off or take away; get out			gill1909	65	no	conf=A; validated=exact:klak
klak	Klak	Off; to take away			gill1887	39	no	conf=A; validated=exact:klak
klakoth	Klakoth				rudiments1924		yes	conf=B; validated=skeleton:yootlkut; section=other-districts; ocr_gloss=wre; raw=Klakoth, ry, wre,
klaksta	Klak-sta|Kluk'-sta			pron	gibbs1863	9	no	conf=A; validated=exact:klaksta; etym=Chinook, TKLUKSTA
klaksta	Klaks-ta	Who. Klaksta mamook okook? who made or did that? Halo klaksta, no one			hibben1889	7	no	conf=A; validated=exact:klaksta
klaksta	Klak'-sta|Kluk'-sta	Who; whose; which; which one; any		pron	shaw1909	10	no	conf=A; validated=exact:klaksta; section=lexicon; origin=Chinook; etym=Chinook,-t'kluksta
klaksta	Klak-sta	Who. Klak-sta mam-ook 6-coke? who made or did that? Ha-lo klak-sta; no one			gill1887	39	no	conf=A; validated=exact:klaksta
klakwun	Klak-wun|Kleh kwan	To wipe, or lick		v	gibbs1863	9	no	conf=A; validated=exact:klakwun; etym=Chihalis, KLAKWUN
klakwun	Klak-wun|Kleh-kwan	To wipe, to lick			hibben1889	7	no	conf=A; validated=exact:klakwun
klakwun	Klak'-wun	To wipe or lick			gill1909	65	no	conf=A; validated=exact:klakwun; origin=Chinook
klakwun	Klak-wun	To wipe or lick			gill1887	39	no	conf=A; validated=exact:klakwun
klakwun	Klak-wun			v	long1909		no	conf=B; validated=exact:klakwun; unverified_gloss=Dark color; align=head/gloss runs paired by line count
klale	Klale|Tklale	Black, or dark blue, or green		adj	gibbs1863	9	no	conf=A; validated=exact:klale; etym=Chinook, TLEHL
klale	Klale|T'kale	Black or dark blue or green			hibben1889	7	no	conf=A; validated=exact:klale
klale	Klale|T'klale	Black, or dark blue, or green; brown; ignorant		adj	shaw1909	10	no	conf=A; validated=exact:klale; section=lexicon; origin=Chinook; etym=Chinook, - Tlehl
klale	Klale	Black or dark-colored; ignorant; obscure			gill1909	65	no	conf=A; validated=exact:klale
klale	Klale	Black, or dark color			gill1887	39	no	conf=A; validated=exact:klale
klale	Klale			adj	long1909		no	conf=B; validated=exact:klale; unverified_gloss=To find; align=head/gloss runs paired by line count
klanite	Kla-nite	Thread; twine			gill1909	65	no	conf=B; near=klapite; single_source=yes
klap	Klap	To find		v	gibbs1863	9	no	conf=A; validated=exact:klap; etym=Chinook, KLAP
klap	Klap	To find		v	hibben1889	9	no	conf=A; validated=exact:klap
klap	Klap	To find; arrive		v	shaw1909	10	no	conf=A; validated=exact:klap; section=lexicon; origin=Chinook; etym=Chinook,-Klap
klap	Klap	To find; to catch			gill1909	65	no	conf=A; validated=exact:klap
klap	Klap	To find. Mi-ka klap mi-ka kii-i-tan? Did you find your horse?			gill1887	39	no	conf=A; validated=exact:klap
klap tenas	Klap ten-as	To be with young			gill1887	39	no	conf=A; validated=all-words-attested:klap tenas; type=phrase
klapait	Klapait	thread			practical1886	9	yes	conf=A; validated=skeleton:klapite+gloss; raw=Klapait, thread
klapite	Kla'-pite	Thread; twine		n	gibbs1863	9	no	conf=A; validated=exact:klapite; etym=Chinook, KLIPAIT
klapite	Kla-pite	Thread; twine		n	hibben1889	9	no	conf=A; validated=exact:klapite
klapite	Kla'-pite	thread; twine			shaw1909	32	no	conf=A; validated=exact:klapite; section=supplemental; origin=Chinook
klapite	Kla-pite	Thread; twine			gill1887	39	no	conf=A; validated=exact:klapite
klapite	Kla'-pite			n	long1909		no	conf=B; validated=exact:klapite; unverified_gloss=They, thine, them; align=head/gloss runs paired by line count
klapoochus	Kla-poo-chus	Beard			gill1909	65	no	conf=B; near=clapootchus; single_source=yes
klaska	Klaska				rudiments1924		yes	conf=A; validated=exact:klaska; section=durieu-1879-vocabulary; gloss_state=unrecovered; raw=Klaska, yey Lhey »
klaska	Klaska	they K laksta? who?			practical1886	12	yes	conf=A; validated=exact:klaska+gloss; gloss_unverified=yes; raw=Klaska, they K laksta? who?
klaska	Klas-ka|Klus'-ka	They; thine; them		pron	gibbs1863	9	no	conf=A; validated=exact:klaska; etym=Chinook, KLUSKA
klaska	Klas'-ka|Klus'-ka	Anything" pertaining to the third person, plural number; they; thine; them; their; theirs		pron	shaw1909	10	no	conf=A; validated=exact:klaska; section=lexicon; origin=Chinook; etym=Chinook,-Kluska
klaska	Klas'-ka	They; them; their			gill1909	65	no	conf=A; validated=exact:klaska
klaska	Klas-ka	They; thine; them			gill1887	39	no	conf=A; validated=exact:klaska
klaska	Klas-ka			pron	long1909		no	conf=B; validated=exact:klaska; unverified_gloss=To go, walk, travel; align=head/gloss runs paired by line count
klatawa	Klat'-a-wa	To go. Klatawa tea h wit, to walk; go on foot; klatawa kopa kiuatan, to ride; klatawa kopa boat, to sail; mamook klatawa, to send			gibbs1863	9	no	conf=A; validated=exact:klatawa; pos_ocr=garbled; etym=Nootka, KLATTURWAH (Jewitt), Nittinat, KLAT- OUKH
klatawa	Klat-a-wa	Togo. Klatawa teahwhit, to walk; go on foot		v	hibben1889	9	no	conf=A; validated=exact:klatawa
klatawa	Klat'-a-wa	(Nittinat,-Klatoukh.) To gx>; travel; attend; flow; migrate; start; tread; leave; begone; get out; depart		v	shaw1909	10	no	conf=A; validated=exact:klatawa; section=lexicon; origin=Nootka; etym=Nootka,-Klatturwah
klatawa	Klat'-a-wa	To go; to walk			gill1909	65	no	conf=A; validated=exact:klatawa; origin=Nootka
klatawa	Klat-a-wa	To go			gill1887	39	no	conf=A; validated=exact:klatawa
klatawa klah	Klat-a-wa klah	To escape. Chah-co klah (of seed), to come up; (of the woods), to open out; (of the weather), to clear up			gill1887	39	no	conf=A; validated=all-words-attested:klatawa klah; type=phrase
klatoa	Klatoa	to go			practical1886	13	yes	conf=C; raw=Klatoa, to go
klatwa	Klatwa	lo go			rudiments1924		yes	conf=B; validated=skeleton:klatawa; section=163-original-words; raw=Klatwa, j.-<, lo go,
klatwe	klatwe				rudiments1924		yes	conf=B; validated=skeleton:klatawa; section=durieu-1879-vocabulary; ocr_gloss=Po lo Ge; raw=klatwe, Po lo Ge,
klavhane	klavhane	out doors			rudiments1898	7	yes	conf=B; validated=edit1:klahhane+gloss; section=chinook-vocabulary; raw=klavhane yoo) out doors
klawa	Kla'-wa	Slow; slowly			gill1909	65	no	conf=A; validated=skeleton:klahwa
klawah	Kla-wah	Slow; slowly			gill1887	39	no	conf=A; validated=skeleton:klahwa
klawhap	Kla-whap	A hole. Mamook klawhap, to dig a hole		n	gibbs1863	9	no	conf=A; validated=exact:klawhap; etym=Chinook, KI.HUAP
klawhap	Kla-whap	A hole. Mamook klawhap, to dig a hole			hibben1889	9	no	conf=A; validated=exact:klawhap
klawhap	Kla-whap			n	long1909		no	conf=B; validated=exact:klawhap; unverified_gloss=To stab, to injure, to wound; gloss_unverified=yes; align=head/gloss runs paired by line count
klawhop	Kla-whop	A hole. Mam-ook kla-whop; to dig a hole			gill1887	39	no	conf=A; validated=skeleton:klawhap
klemahum	Klem-a-hum	To stab; to spear; to hook; to gore			gill1887	39	no	conf=B; near=klemahun; single_source=yes
klemahun	Klem'-a-hun	To stab; to wound; to dart; to cast as a spear; to hook or aoi-e as an ox		v	gibbs1863	9	no	conf=A; validated=exact:klemahun; etym=Chihalis, idem
klemahun	Kle-ma-hun	To stab, to wound, to dart, to cast asa spear, to hook or goreasanox		v	hibben1889	9	no	conf=A; validated=exact:klemahun
klemahun	Klem'-a-hun	to stab, wound, spear			shaw1909	32	no	conf=A; validated=exact:klemahun; section=supplemental; origin=Salish
klemeahun	Klemeahun	lo spear			rudiments1924		yes	conf=A; validated=skeleton:klemahun+gloss; section=other-districts; ocr_gloss=oa lo Spear; gloss_cleaned=unknown OCR tokens dropped; raw=Klemeahun, oa lo Spear,
kleonas	kleonas	perhaps			rudiments1898	7	yes	conf=A; validated=skeleton:klonas+gloss; section=chinook-vocabulary; ocr_gloss=pod perhaps; gloss_cleaned=unknown OCR tokens dropped; raw=kleonas' pod perhaps
klickwally	Klick'-wal-ly	Brass armlet; brass wire			gill1909	65	no	conf=A; validated=skeleton:klikwallie
klietan	Kli-e-tan	An arrow, shot, or bullet			gill1887	37	no	conf=B; single_source=yes
klihl	Klihl|Klilt	Bitter. Not of universal use		adj	gibbs1863	9	no	conf=A; validated=exact:klihl; etym=Chinook, KMHI
klihl	Klihl|Khit	Bitter. _ Aslik-a-muks, n		adj	hibben1889	9	no	conf=A; validated=exact:klihl
klihl	Klihl			adj	long1909		no	conf=B; validated=exact:klihl; unverified_gloss=Blackberries; align=head/gloss runs paired by line count
klikamuks	Klik'-a-muks	Blackberries, or more properly dewberries		n	gibbs1863	9	no	conf=A; validated=exact:klikamuks; etym=Chinook, KLIKABCKS
klikamuks	Klik'-a-muks	blackberries			shaw1909	32	no	conf=A; validated=exact:klikamuks; section=supplemental; origin=Chinook
klikamuks	Klik'-a-muks			n	long1909		no	conf=B; validated=exact:klikamuks; unverified_gloss=Bracelet, small brass wire; align=head/gloss runs paired by line count
klikamux	Klik'-a-mux	Blackberries; dewberries			gill1909	65	no	conf=A; validated=skeleton:klikamuks
klikumuks	Klikumuks				rudiments1924		yes	conf=B; validated=skeleton:klikamuks; section=other-districts; ocr_gloss=brambl berm; raw=Klikumuks, 2@ ,brambl berm,
klikwallie	Klik'-wal-lie|Kloke'-Wal-lie	Brass wire; an armlet or bracelet of brass wire			gibbs1863	9	no	conf=A; validated=exact:klikwallie; etym=Chinook, KLIKWALT
klikwallie	Klik'-wal-lie	brass wire; brass armlet			shaw1909	32	no	conf=A; validated=exact:klikwallie; section=supplemental; origin=Chinook
klikwallie	Klik'-wal-lie			n	long1909		no	conf=B; validated=exact:klikwallie; unverified_gloss=Untruth, a lie, to He; gloss_unverified=yes; align=head/gloss runs paired by line count
klikwally	Klik-wal-ly	Bracelets; brass			gill1887	39	no	conf=A; validated=skeleton:klickwally
klile	Klile	Bitter			gill1887	39	no	conf=A; validated=skeleton:klihl
klilt	Klilt|mile	sour; bitter			shaw1909	32	no	conf=A; validated=exact:klilt; section=supplemental; origin=Chinook
klilt	Klilt	Sour; bitter			gill1909	65	no	conf=A; validated=exact:klilt
klim min	Klim -min|Klimmin-TrHmmin	Soft; fine in substance		adj	gibbs1863	10	no	conf=A; validated=all-words-attested:klim min; etym=Chinook, TKLEMIN- TKLEMIN
kliminawhit	Klim-in-a-whit	<A lie;to lie		n,v	hibben1889	9	no	conf=A; validated=exact:kliminawhit
kliminawhit	Klim-in'-awhit	A lie; to lie; falsehood; untrue		n,v	shaw1909	10	no	conf=A; validated=exact:kliminawhit; section=lexicon; origin=Chinook; etym=Chinook,- Kliminawhut
kliminawhit	Klim-in'-a-whit			n,v	long1909		no	conf=B; validated=exact:kliminawhit; unverified_gloss=Soft, fine substance; align=head/gloss runs paired by line count
kliminawit	Klim-in'-a-wit	A lie; to lie			gill1909	65	no	conf=A; validated=exact:kliminawit
kliminawit	Klim-in-a-wit	A lie; to lie			gill1887	39	no	conf=A; validated=exact:kliminawit
klimmin	Klimmin	soft			rudiments1924		yes	conf=A; validated=exact:klimmin+gloss; section=other-districts; raw=Klimmin, ~, soft,
klimmin	Klim-min	Soft; fine in substance			hibben1889	9	no	conf=A; validated=exact:klimmin
klimmin	Klim'-min	Soft; fine in substance; not hard; fine; little		adj	shaw1909	10	no	conf=A; validated=exact:klimmin; section=lexicon; origin=Chinook; etym=Chinook,-Tklemin-tklemin
klimmin	Klim-min	Soft; fine in substance			gill1909	65	no	conf=A; validated=exact:klimmin
klimmin	Klim-min	Soft; fine in substance			gill1887	39	no	conf=A; validated=exact:klimmin
klimmin	Klim'-min			adj	long1909		no	conf=B; validated=exact:klimmin; unverified_gloss=Deep, sunken; align=head/gloss runs paired by line count
klip	Klip	Deep; sunken		adj	gibbs1863	10	no	conf=A; validated=exact:klip; etym=Chinook, KELIPE, Chihalis, KLUPUTL, Nisqually, KLEP
klip	K-lip|Klip	First; before; elip lolo énuck, in the first place carry water; - elip kloshe, best; elip tilikum, the first people | Deep; sunken			hibben1889	5	no	conf=A; validated=exact:klip
klip	Klip	Deep; sunken; to sink		adj	shaw1909	11	no	conf=A; validated=exact:klip; section=lexicon; origin=Chinook; etym=Chinook.-Kelipe Chihalis,-Kluptutl, Nisqually,-Klep
klip	Klip	Deep; sunken			gill1909	65	no	conf=A; validated=exact:klip
klip	Klip	Deep -, sunken			gill1887	39	no	conf=A; validated=exact:klip
klip	Klip	ilep, more, in a superior way			demers1871		no	conf=A; validated=exact:klip; gloss_unverified=yes
klip	Klip			adj	long1909		no	conf=B; validated=exact:klip; unverified_gloss=A mat; align=head/gloss runs paired by line count
klis	Klis|klis	grease, oil, lard | to oil, get fat			demers1871		no	conf=A; validated=skeleton:iiakles+gloss; ditto=head repeated from previous entry
klis kwiss	Klis -kwiss			n	long1909		no	conf=B; validated=all-words-attested:klis kwiss; unverified_gloss=Oysters; align=head/gloss runs paired by line count
kliskes	Kliskes	mat			practical1886	6	yes	conf=B; validated=skeleton-edit1:kliskwis+gloss; raw=Kliskes, mat
kliskwis	Klis'-kwis	A mat, made of rushes or grass			gill1909	65	no	conf=A; validated=exact:kliskwis
kliskwis	Klis-kwis	A mat			gill1887	40	no	conf=A; validated=exact:kliskwis
kliskwiss	Klis'-kwiss	A mat		n	gibbs1863	10	no	conf=A; validated=exact:kliskwiss; etym=Chinook, idem
kliskwiss	Klis-kwiss	A mat			hibben1889	9	no	conf=A; validated=exact:kliskwiss
kliskwiss	Klis'-kwiss	A mat, (made of the cattail rush.)		n	shaw1909	11	no	conf=A; validated=exact:kliskwiss; section=lexicon; origin=Chinook; etym=Chinook,-idem
klnkulh	Klnk-ulh	Broad or wide, as of a plank			hibben1889	9	no	conf=B; near=klukulh; single_source=yes
kloghklogh	Klogh-klogh	Oysters. The word is common to the Puget Sound tribes, as well as to the Chinooks		n	gibbs1863	10	no	conf=A; validated=exact:kloghklogh; etym=Chinook, OKLOKHKLO
kloghklogh	Klogh-klogh	Oysters			hibben1889	9	no	conf=A; validated=exact:kloghklogh
kloghklogh	Klogh-klogh	Oysters			gill1887	40	no	conf=A; validated=exact:kloghklogh
klohkloh	KlohKloh				rudiments1924		yes	conf=A; validated=exact:klohkloh; section=sound-words-districts; gloss_state=unrecovered; raw=KlohKloh, (too dysters
klohkloh	Kloh-kloh	oysters. See chetlo			shaw1909	32	no	conf=B; near=kloghklogh; single_source=yes; section=supplemental; origin=Chinook
klohowiam	Klohowiam				rudiments1924		yes	conf=B; validated=skeleton:klahowyum; section=grammar-lists; ocr_gloss=o- lo ge; raw=Klohowiam, ,o- lo ge.
kloklo	Klo-klo	Oysters. Chetlo is another word for oyster			gill1909	65	no	conf=B; single_source=yes
klonas	Klo-nas	Perhaps; I don't know; may be so; who knows? it is doubtful; might; may		adv	shaw1909	11	no	conf=A; validated=skeleton:klonass; section=lexicon; origin=Chinook; etym=Chinook,-idem
klonass	Klo-nass	Expression of uncertainty or doubt		adv	gibbs1863	10	no	conf=A; validated=exact:klonass; etym=Chinook, idem
klonass	Klo-nass	Doubt. Klo-nass ni-ka klat-a-wa; perhaps I shall go			gill1887	40	no	conf=A; validated=exact:klonass
klonass	Klo-nass			adv	long1909		no	conf=B; validated=exact:klonass; unverified_gloss=Three; align=head/gloss runs paired by line count
klone	Klone	Three			hibben1889	9	no	conf=A; validated=exact:klone
klone	Klone	Three. (Other spellings: None; clone; cloak; kloon; thlune; tlon, etc.)		adj	shaw1909	11	no	conf=A; validated=exact:klone; section=lexicon; origin=Chinook; etym=Chinook.-Tklon
klone	Klone	Three; thrice			gill1909	65	no	conf=A; validated=exact:klone
klone	Klone	Three			gill1887	40	no	conf=A; validated=exact:klone
kloochman	Kloochman	Woman; female			gill1909	65	no	conf=A; validated=exact:kloochman; origin=Nootka
kloochman	Klooch-man	A woman; any female			gill1887	40	no	conf=A; validated=exact:kloochman
kloochmun kiwotam	Kloochmun Kiwotam				rudiments1924		yes	conf=B; validated=all-words-attested:kloochmun kiwotam; section=durieu-1879-vocabulary; ocr_gloss=mane; raw=Kloochmun Kiwotam, mane,
klook	Klook	Crooked. Klook teahwit, broken legged; lame		adj	gibbs1863	10	no	conf=A; validated=exact:klook; etym=English
klook	Klook	Crooked. Klook teahwit, breken legged; lame			hibben1889	9	no	conf=A; validated=exact:klook
klook	Klook	crooked			shaw1909	32	no	conf=A; validated=exact:klook; section=supplemental; origin=English
klook	Klook	Crooked			gill1909	65	no	conf=A; validated=exact:klook
klook	Klook	Crooked			gill1887	40	no	conf=A; validated=exact:klook
klookteowit	Klook-te-ow-it	Broken-legged; lame			gill1887	40	no	conf=B; single_source=yes
kloonas	Kloonas|Kloo'na's				rudiments1924		yes	conf=A; validated=skeleton:klonas+gloss; section=grammar-lists; ocr_gloss=may be | PUnaps; raw=Kloonas', sod, may be
klootchman	Klootch-man	A woman; a female of any animal		n	gibbs1863	10	no	conf=A; validated=exact:klootchman; etym=Nootka and Tokwaht, KLUTSMA
klootchman	Klootch-man	A woman; a female of any animal. 'Tenas klootchman, a girl			hibben1889	9	no	conf=A; validated=exact:klootchman
klootchman	Klootch-man	A woman; madam; wife; mistress; a lady; a female of any animal		n	shaw1909	11	no	conf=A; validated=exact:klootchman; section=lexicon; origin=Nootka; etym=Nootka and Tokwaht,-Klutsma
klootchman	Klootch-man			n	long1909		no	conf=B; validated=exact:klootchman; unverified_gloss=Good, good enough, well; align=head/gloss runs paired by line count
klootchmin	Klootchmin	woman			rudiments1898	7	yes	conf=A; validated=skeleton:kloochman+gloss; section=chinook-vocabulary; raw=Klootchmin m™ woman
klose	Klose|Kloshe	Good; well; well enough		adj,adv	gibbs1863	10	no	conf=A; validated=skeleton:kloshe; etym=Nootka, Tokwaht, KLOHTL, Makah, KLOTKLO, Nisqually, KLOB
klosespose	Klose-spose	Shall or may I; let me			gibbs1863	10	no	conf=A; validated=exact:klosespose; etym=Nootka, KLOHTL, English, SUPPOSE
klosespose	Klose-spose	Shall or may I; let me			hibben1889	9	no	conf=A; validated=exact:klosespose
klosespose	Klose-spose				long1909		no	conf=B; validated=exact:klosespose; unverified_gloss=To tear; align=head/gloss runs paired by line count
kloshe	Kloshe	Good; well; enough			hibben1889	9	no	conf=A; validated=exact:kloshe
kloshe	Kloshe|Klosh	A very expressive word; has 45 meanings.) Good; well; well enoug-h; affable; amiable; apt; auspicious; beautiful; beloved; beneficial; convenient; efficient; elegant; even; fair; fine; fortunate; fragrant; gay; graceful; hospitable; meek ...		adj,adv	shaw1909	11	no	conf=A; validated=exact:kloshe; section=lexicon; origin=Nootka; etym=Nootka, Tokwaht,-klohtl, Makah,-klotelo, or klotello, Cloosh,-(Meares), Nisqually,-klob
kloshe	Kloshe	Good; nice; well			gill1909	65	no	conf=A; validated=exact:kloshe; origin=Nootka
kloshe	Kloshe	Good; well; enough			gill1887	40	no	conf=A; validated=exact:kloshe
kloshe	Kloshe			adv,adj	long1909		no	conf=B; validated=exact:kloshe; unverified_gloss=Shall I, allow me; gloss_unverified=yes; align=head/gloss runs paired by line count
kloshespose	Kloshe-spose	Shall or may I; let me; good if		adv	shaw1909	11	no	conf=A; validated=exact:kloshespose; section=lexicon; etym=N. and E
kloshespose	Kloshe-spose	Shall or may I? Let me			gill1887	40	no	conf=A; validated=exact:kloshespose
kloue	Kloue	Three		adj	gibbs1863	10	no	conf=B; near=klone; single_source=yes; etym=Chinook, TKLON
klugh	Klugh|Klugh-klugh	To tear. Mamook klugh illahie, to plough (literally, to tear the ground)			gibbs1863	10	no	conf=A; validated=exact:klugh; etym=Chinook, KLUKH
klugh	Klugh	To tear, Mamook klugh illahie, to plough			hibben1889	9	no	conf=A; validated=exact:klugh
klugh	Klugh	To tear; to plow			gill1887	40	no	conf=A; validated=exact:klugh
kluh	Kluh|Klug-h	to tear; to plow			shaw1909	32	no	conf=A; validated=exact:kluh; section=supplemental; origin=Chinook
kluh	Kluh|klugh-klugh	To tear; to rend			gill1909	65	no	conf=A; validated=exact:kluh
klukuir	Kluk-uir	Broad; wide; flat			gill1909	65	no	conf=B; single_source=yes; origin=Chinook
klukulh	Kluk-ulh	broad, or wide, as of a plank			shaw1909	32	no	conf=A; validated=skeleton:klukull; section=supplemental; origin=Chinook
klukulh	Kluk-ulh			adj	long1909		no	conf=B; validated=exact:klukulh; unverified_gloss=To arrive at, to reach; align=head/gloss runs paired by line count
klukull	Kluk-ull	Broad or wide			gill1887	40	no	conf=A; validated=skeleton:klukulh
klvonaz	Klvonaz	perhaps			practical1886	12	yes	conf=C; raw=Klvonaz, perhaps
knem	K'nem	Canoe			practical1886	4	yes	conf=A; validated=skeleton:canim+gloss; raw=K'nem, Canoe
knkwa	Knkwa	same, as			demers1871		no	conf=C; validated=skeleton-edit1:kenkiam
ko	ko	Canve			rudiments1924		yes	conf=A; validated=exact:ko; section=163-original-words; raw=ko, , Canve,
ko	Ko	To reach; arrive at		v	gibbs1863	10	no	conf=A; validated=exact:ko; etym=Chinook, idem
ko	Ko	To reach, arrival] at			hibben1889	9	no	conf=A; validated=exact:ko
ko	Ko	To reach; arrive at		v	shaw1909	11	no	conf=A; validated=exact:ko; section=lexicon; origin=Chinook; etym=Chinook,-idem
ko	Ko	To reach; to arrive			gill1909	65	no	conf=A; validated=exact:ko; origin=Jargon
ko	Ko	To reach; arrive at			gill1887	40	no	conf=A; validated=exact:ko
koakwa	Koakwa	thus			rudiments1924		yes	conf=A; validated=skeleton:kahkwa+gloss; section=durieu-1879-vocabulary; ocr_gloss=bh thus; gloss_cleaned=unknown OCR tokens dropped; raw=Koakwa, bh thus,
kocnawe	Kocnawe				rudiments1924		yes	conf=B; validated=skeleton:kahnahway; section=163-original-words; ocr_gloss=goo; raw=Kocnawe, goo, a,
kofess	Kofess	To go to confession			practical1886	17	yes	conf=C; type=religious; ocr=row-aligned two-column table; gloss_unverified=yes
koh	koh	where			rudiments1898	7	yes	conf=C; section=chinook-vocabulary; raw=koh 4 where
koko	Ko'-ko	To knock. Koko stick, a wood pecker		v	gibbs1863	10	no	conf=A; validated=exact:koko; etym=Chinook (by onoma.)
koko	Ko-ko	Toknock. Koko stick, a woodpecker			hibben1889	9	no	conf=A; validated=exact:koko
koko	Ko'-ko	to knock			shaw1909	32	no	conf=A; validated=exact:koko; section=supplemental; origin=Jargon
koko	Ko-ko	To knock. 0			gill1887	40	no	conf=A; validated=exact:koko
koko stick	Ko-ko stick	A woodpecker			gill1887	40	no	conf=A; validated=all-words-attested:koko stick; type=phrase
kokostick	Ko'-ko-stick	(knock-tree), woodpecker			shaw1909	32	no	conf=B; near=seatco; single_source=yes; section=supplemental; origin=Jargon
kokshut	Kok'-shut	In the original, dead			gibbs1863	10	no	conf=A; validated=exact:kokshut; pos_ocr=garbled; etym=Nootka, KAKHSHETL, Klaokwat, KWACHITL
kokshut	Kok-shut	To break; broken; to beat			hibben1889	9	no	conf=A; validated=exact:kokshut
kokshut	Kok'-shut	To break; broken; to beat; hit; bruise; burst; cleave; hurt; demolished; knock; rap; tear; torn; kick; slap; shatter; split; bruised; a break		v	shaw1909	11	no	conf=A; validated=exact:kokshut; section=lexicon; origin=Nootka; etym=Nootka,-Kakhshetl, Kloakwat.-Kwachitl
kokshut	Kok'-shut	To break; destroy; broken; killed; to beat			gill1909	65	no	conf=A; validated=exact:kokshut; origin=Nootka
kokshut	Kok-shut	To break; broken; to beat			gill1887	40	no	conf=A; validated=exact:kokshut
kol	Kol	Be Cold			rudiments1924		yes	conf=A; validated=skeleton:cole+gloss; section=durieu-1879-vocabulary; raw=Kol, Be Cold,
kol	Kol	cold			demers1871		no	conf=A; validated=skeleton:cole+gloss
kol elehe	Kol elehe	Winter			practical1886	3	yes	conf=B; validated=witness:rudiments1924:kolelehe; type=phrase; raw=Kol elehe, Winter
kolan	kolan	A ear			rudiments1898	7	yes	conf=B; validated=skeleton:kullaghan; section=chinook-vocabulary; raw=kolan' A ear
kolan	Kolan	ears			practical1886	8	yes	conf=B; validated=skeleton:kullaghan; raw=Kolan, ears
kolelehe	Kol-elehe	winter			rudiments1924		yes	conf=A; validated=skeleton:cole+gloss; section=durieu-1879-vocabulary; ocr_gloss=pr winter; gloss_cleaned=unknown OCR tokens dropped; raw=Kol-elehe, pr winter,
kolen	kolen				rudiments1924		yes	conf=B; validated=skeleton:kullaghan; section=163-original-words; ocr_gloss=hear; raw=kolen, 53, car, hear,
kolko	Kolko				rudiments1924		yes	conf=B; validated=skeleton:kehloke; section=sound-words-districts; gloss_state=unrecovered; raw=Kolko, ob? to knock,
koltash	Kol'tash				rudiments1924		yes	conf=B; validated=skeleton:cultus; section=163-original-words; gloss_state=unrecovered; raw=Kol'tash, pr, 45e/ess,
kom	Kom	comb			practical1886	9	yes	conf=B; validated=witness:demers1871:kom; raw=Kom, comb Sdép, svap
kom	kom	to comb, harrow, curry			demers1871		no	conf=B; validated=witness:practical1886:kom; ditto=head repeated from previous entry; gloss_unverified=yes
komooks	Kom'-ooks|komox	A dog			gill1909	65	no	conf=A; validated=skeleton:kamooks
komtax	Kom'tax	a give			rudiments1924		yes	conf=B; validated=skeleton:kiimtux; section=grammar-lists; ocr_gloss=a Jo give ntw; gloss_cleaned=unknown OCR tokens dropped; raw=« Kom'tax, a Jo give ntw,
komtax	komtax	know			rudiments1898	7	yes	conf=A; validated=skeleton:kiimtux+gloss; section=chinook-vocabulary; ocr_gloss=oz know; gloss_cleaned=unknown OCR tokens dropped; raw=komtax' oz, know
komtax	Komtax	to know			practical1886	13	yes	conf=A; validated=skeleton:kiimtux+gloss; raw=Komtax, to know
komtoks	komtoks	to teach			demers1871		no	conf=B; validated=skeleton:kiimtux; ditto=head repeated from previous entry; gloss_unverified=yes
konamokst	Konamokst	both, together			demers1871		no	conf=A; validated=skeleton:kunamokst+gloss
konamox	Kon'-a-mox	Both; together; with			gill1909	65	no	conf=B; near=kunamokst; single_source=yes
konan som	Konan som				rudiments1924		yes	conf=B; validated=all-words-attested:konan som; section=durieu-1879-vocabulary; ocr_gloss=fuday; raw=Konan som, fuday,
konaway	Kon'-a-way	All; every. Klaska kon away klatawa, they have all gone; konaway tilikum, everybody; konaway kah, everyiohere		adj	gibbs1863	11	no	conf=A; validated=exact:konaway; etym=Chinook, KANAW&
konaway	Kon-a-way	All; every. Klaska konaway klatawa, they have all gone			hibben1889	10	no	conf=A; validated=exact:konaway
konaway	Kon'-a-way	All; every; total; universal; aggregate; entire; the sum; the whole		adj	shaw1909	11	no	conf=A; validated=exact:konaway; section=lexicon; origin=Chinook; etym=Chinook,-Kanawe
konaway	Kon'-away	All; every			gill1909	65	no	conf=A; validated=exact:konaway
konaway	Kon-a-way	All; every. Klas-ka kon-a-way klat-a-wa; they have all gone			gill1887	40	no	conf=A; validated=exact:konaway
konaway	Kon'-a-way			adj	long1909		no	conf=B; validated=exact:konaway; unverified_gloss=The sky; align=head/gloss runs paired by line count
kons	Kon-s^|K6n-s^	How many; when; ever			gill1887	40	no	conf=C; ocr=head digit/capital read as accented vowel
konsee	Kon'see	How many? how much? ever; when			gill1909	65	no	conf=A; validated=skeleton:kons
koosa	Koo'-sa	The sky; heaven			gill1909	65	no	conf=A; validated=skeleton:koosah
koosah	Koosah	he shy			rudiments1924		yes	conf=A; validated=exact:koosah; section=other-districts; ocr_gloss=gsr he Shy; gloss_cleaned=unknown OCR tokens dropped; raw=Koosah, gsr he Shy,
koosah	Koo-sah	The sky			hibben1889	10	no	conf=A; validated=exact:koosah
koosah	Koo'sah	sky			shaw1909	32	no	conf=A; validated=exact:koosah; section=supplemental; origin=Chinook
koosah	Koo-sah	The sky			gill1887	40	no	conf=A; validated=exact:koosah
koosah	Koo'-sah			n	long1909		no	conf=B; validated=exact:koosah; unverified_gloss=To, at, with, towards, of; align=head/gloss runs paired by line count
kop	Kop	cup			practical1886	9	yes	conf=C; raw=Kop, cup
kopa	Ko'pa				rudiments1924		yes	conf=A; validated=exact:kopa; section=grammar-lists; gloss_state=unrecovered; raw=Ko'pa, Db» inside,
kopa	Kopa	a			rudiments1898	7	yes	conf=A; validated=exact:kopa; section=chinook-vocabulary; raw=Kopa , ~-to,in, a
kopa	Ko'-pa	To; in; at; with; towards; of; about; concerning; there or in that place		adv,prep	gibbs1863	11	no	conf=A; validated=exact:kopa; etym=Chinook, idem
kopa	Ko-pa	To; in; at; with; towards; of; about;; concerning; there or in that place			hibben1889	10	no	conf=A; validated=exact:kopa
kopa	Ko'-pa	The principal preposition in the language		adv,prep,conj	shaw1909	12	no	conf=A; validated=exact:kopa; section=lexicon; origin=Chinook; etym=Chinook,-idem, formerly, Kwapa,-Hale
kopa	Kopa	To, in, at, with, towards, of, about, concerning, there or in that place			gill1887	40	no	conf=A; validated=exact:kopa
kope	Kope				demers1871		no	conf=A; validated=skeleton:kaupa+gloss; ocr_gloss=coffee, oe iy isvdelan es ie h waters Lapip,'pipe:*
kopel	Kopel				rudiments1924		yes	conf=B; validated=skeleton:capala; section=163-original-words; gloss_state=unrecovered; raw=Kopel, Ov-> finished,
kopet	Kopet				rudiments1924		yes	conf=A; validated=exact:kopet; section=grammar-lists; ocr_gloss=aie onty; raw=Kopet, aie onty,
kopet	Kopet				rudiments1898	7	yes	conf=A; validated=exact:kopet; section=chinook-vocabulary; ocr_gloss=fy finished; raw=Kopet' fy finished
kopet	Kopet	enough, finished			practical1886	11	yes	conf=A; validated=exact:kopet+gloss; gloss_unverified=yes; raw=Kopet, enough, finished
kopet	Ko-pet	To stop; leave off; enough		v,adv	gibbs1863	11	no	conf=A; validated=exact:kopet; etym=Chinook, idem
kopet	Ko-pet	To stop; leave off; enough, Kopet wauwau, stop talking			hibben1889	10	no	conf=A; validated=exact:kopet
kopet	Ko-p'et	To stop; leave off; enough; only; alone; forbear; quit; simply; submit; abdicate; abrogate; cease; except		v,adj	shaw1909	12	no	conf=A; validated=exact:kopet; section=lexicon; origin=Chinook; etym=Chinook,-idem
kopet	Ko-pet	To stop, leave off, enough			gill1887	40	no	conf=A; validated=exact:kopet
kopet	Kopet	enough, finished | enough			demers1871		no	conf=A; validated=exact:kopet+gloss; gloss_unverified=yes
kopet okuk	Kopet okuk	only this one			demers1871		no	conf=C; ditto=head repeated from previous entry
kormooxs	Kormooxs	hog			rudiments1924		yes	conf=C; validated=edit2:komooks; section=163-original-words; raw=Kormooxs, 4@, hog,
kosho	Kosho				rudiments1924		yes	conf=A; validated=exact:kosho; section=durieu-1879-vocabulary; ocr_gloss=SOs perk; raw=Kosho, SOs perk,
kosho	Kosho	pork			practical1886	4	yes	conf=A; validated=exact:kosho; raw=Kosho, pork
kosho	Ko'-sho	Pig; swine			gill1909	65	no	conf=A; validated=skeleton:cosho
kosho	Kosho	pig, pork: link			demers1871		no	conf=A; validated=exact:kosho+gloss; gloss_unverified=yes
kot	Kot	coat			practical1886	9	yes	conf=B; validated=witness:demers1871:kot; raw=Kot, coat Kikoolé két, vest. :
kot	Kot	coat, cloak, bress.*			demers1871		no	conf=B; validated=witness:practical1886:kot; gloss_unverified=yes
kotchem	kot'chem	catch			rudiments1924		yes	conf=B; validated=skeleton:hakachum; section=22-more-words; ocr_gloss=fe catch; gloss_cleaned=unknown OCR tokens dropped; raw=kot'chem, £7, fe catch,
koushet	Kou'shet	broken			rudiments1924		yes	conf=A; validated=skeleton:kokshut+gloss; section=grammar-lists; raw=Kou'shet, o¢A-, broken,
kovfookvotoo	Kovfoo-kvotoo	finger-ring ens			practical1886	9	yes	conf=C; gloss_unverified=yes; raw=Kovfoo-kvotoo, finger-ring ens
kow	Kow				rudiments1898	8	yes	conf=A; validated=exact:kow; section=chinook-vocabulary; ocr_gloss=bound; raw=Kow ") bound
kow	Kow	To tie; to fasten		v	gibbs1863	11	no	conf=A; validated=exact:kow; etym=Chinook, KAU-KAU
kow	Kow	To tie; to fasten			hibben1889	10	no	conf=A; validated=exact:kow
kow	Kow	To tie; to fasten; to be fastened		v	shaw1909	12	no	conf=A; validated=exact:kow; section=lexicon; origin=Chinook; etym=Chinook,-kaw-kaw
kow	Kow	To tie; to fasten			gill1909	65	no	conf=A; validated=exact:kow
kow	Kow	To tie; to fasten			gill1887	40	no	conf=A; validated=exact:kow
kowkawak	Kowkawak	yellow			rudiments1924		yes	conf=A; validated=skeleton:kawkawak+gloss; section=other-districts; raw=Kowkawak, 449, yellow,
kowmux	Kow-mux	A dog. Kah-kwa kow-mux; like a dog			gill1887	40	no	conf=B; near=kamooks; single_source=yes
krell	Krell	hard			practical1886	11	yes	conf=C; raw=Krell, hard
kuiskes	KUiskes				rudiments1924		yes	conf=B; validated=skeleton:kasskas; section=163-original-words; ocr_gloss=mats; raw=KUiskes, pre, mats,
kuitan	Ku-i-tan	A horse. Stone kii-i-tan; a stallion			gill1887	37	no	conf=A; validated=skeleton:kiuatan
kulapaz	Kulapaz	to return			practical1886	13	yes	conf=B; validated=skeleton-edit1:keelapie+gloss; raw=Kulapaz, to return
kull	Kull	Hard in substance; difficult		adj	gibbs1863	11	no	conf=A; validated=exact:kull; etym=Chinook, K'HUL-K'HUL
kull	Kull	Hard in substance; difficult			hibben1889	10	no	conf=A; validated=exact:kull
kull	Kull	Hard in substance; difficult; tough; solid		adj	shaw1909	12	no	conf=A; validated=exact:kull; section=lexicon; origin=Chinook; etym=Chinook,-K'hul-k'hul
kull	Kull	Hard; solid; difficult			gill1909	65	no	conf=A; validated=exact:kull
kull	Kull	Hard substance; difficult			gill1887	40	no	conf=A; validated=exact:kull
kullagh	Kul-lagh|Kul-lagh'-an	A fence; a corral, or inclosure		n	gibbs1863	11	no	conf=A; validated=exact:kullagh; etym=Chihalis, KULLAKH, Lummi, KUL- LUKHAN
kullagh	Kul-lagh	A fence; corrall or enclosure			hibben1889	10	no	conf=A; validated=exact:kullagh
kullaghan	Kul-lagh'-an|Kullah	A fence; a corral, or inclosure; pen, a rail		n	shaw1909	12	no	conf=B; near=kullagh; single_source=yes; section=lexicon; origin=Salish; etym=Chihalis.-Kullakh, Lummi,-Kullukhan
kullah	Kul'-lah	A fence; an enclosure			gill1909	65	no	conf=A; validated=exact:kullah
kullah	Kul-lah	A fence; an enclosure			gill1887	40	no	conf=A; validated=exact:kullah
kulmakurla	KulMa-kur-la	A bird			gill1909	65	no	conf=B; single_source=yes
kultus	Kul'-tus	Worthless; bad; purposeless			gill1909	65	no	conf=A; validated=exact:kultus
kultus	Kul-tus	Worthless			gill1887	40	no	conf=A; validated=exact:kultus
kultus eenah	Kul-tus ee-nah	A muskrat			gill1887	40	no	conf=B; single_source=yes; type=phrase
kultus hehe	Kul-tus he-he	A jest			gill1887	40	no	conf=B; single_source=yes; type=phrase
kultus potlatch	Kul-tus pot-latch	A present			gill1887	40	no	conf=A; validated=all-words-attested:kultus potlatch; type=phrase
kultus smoke	Kul-tus smoke	Fog			gill1887	40	no	conf=A; validated=all-words-attested:kultus smoke; type=phrase
kumtuks	Kum-tuks|Kame-taks	To know; understand; be acquainted with; imagine; believe		v	gibbs1863	11	no	conf=A; validated=exact:kumtuks; etym=Nootka, KOMMETAK (Jewitt), Tokwaht, KUMITUKS, Clayoquot, KEMITAK
kumtuks	Kumtuks	To know; understand; be acquainted with; imagine; believe			hibben1889	10	no	conf=A; validated=exact:kumtuks
kumtuks	Kum'-tuks|kum'-tux	To know; understand; be acquainted with; learn; perceive; ascertain; recognize; imagine; believe; to be wise; knowing; knowledge; wisdom; sense		v,n	shaw1909	12	no	conf=A; validated=exact:kumtuks; section=lexicon; origin=Nootka; etym=Nootka,-Kommetak, Tokwaht,-Kumituks, Clayoquot.-Kemitak
kunamokst	Kun'-a-mokst|Kun'-a-moxt	Both; tog-ether; with; amid; among-; beside; besides		adj,prep	shaw1909	13	no	conf=A; validated=skeleton:kunamoxt; section=lexicon; origin=Chinook; etym=Chinook.-konaway mokst, literally, all two
kunamokst	Kun'-a-mokst	Both; together		adj	long1909		no	conf=A; validated=exact:kunamokst+gloss; align=head/gloss runs paired by line count
kunamoxt	Kun'-a-moxt	Both; together (literally, all two)		adj	gibbs1863	11	no	conf=A; validated=skeleton:kunamokst; etym=Chinook, KONAWAY MOXT
kunjih	Kun'-jih|kun'-sih	How many; when; ever		adv	shaw1909	13	no	conf=B; near=kunsih; single_source=yes; section=lexicon; origin=Chinook; etym=Chinook,-kunseukh
kunsih	Kun-sih	How many; when; ever			hibben1889	10	no	conf=A; validated=skeleton:kons
kuon	Kuon	To conquer			gill1887	40	no	conf=B; single_source=yes
kush is	Kush -is	Stockings. In the original, any clastic article of dress			gibbs1863	12	no	conf=B; single_source=yes; pos_ocr=garbled; etym=Chihalis, KOSHIS
kushis	Kush-is	Stockings			hibben1889	10	no	conf=A; validated=exact:kushis
kushis	Kush'-is	stockings			shaw1909	32	no	conf=A; validated=exact:kushis; section=supplemental; origin=Salish
kushis	Kush'is	Stockings; socks			gill1909	65	no	conf=A; validated=exact:kushis; origin=Chinook
kushis	Kush'-is	Stockings; something worn next to foot		n	long1909		no	conf=A; validated=exact:kushis+gloss; gloss_unverified=yes; align=head/gloss runs paired by line count
kuwte	Kuw'te				rudiments1924		yes	conf=B; validated=skeleton:kwahta; section=163-original-words; gloss_state=unrecovered; raw=Kuw'te, ¢-~2 behind,
kvveest	Kvveest	Nine			gill1887	42	no	conf=B; near=kwaist; single_source=yes
kwaddis	Kwad'-dis	Whale. Ecola also means whale			gill1909	65	no	conf=B; near=kwash; single_source=yes; origin=Jargon
kwahl	Kwahl	Aunt			gill1909	65	no	conf=A; validated=skeleton:kwalal; origin=Chinook
kwahnesum	Kwah'-ne-sum	Always; forever		adv	gibbs1863	12	no	conf=A; validated=exact:kwahnesum; etym=Chinook, KWANISUM, Yakama, KWALISIM
kwahnesum	Kwah-ne-sum	Always; forever			hibben1889	10	no	conf=A; validated=exact:kwahnesum
kwahnesum	Kwah'-ne-sum|Kw'an-e-sum	Always; forever; eternal; continual; everlasting*; perpetual; unceasing		adv	shaw1909	13	no	conf=A; validated=exact:kwahnesum; section=lexicon; origin=Chinook; etym=Chinook,-Kwanisum, Yakima, - Kwalisim
kwahnesum	Kwah'-ne-sum	Always; forever		adv	long1909		no	conf=A; validated=exact:kwahnesum+gloss; align=head/gloss runs paired by line count
kwahnice	Kwah-nice	A whale		n	gibbs1863	12	no	conf=A; validated=exact:kwahnice; etym=Klikatat, KWADUIS
kwahnice	Kwah-nice	A whale			hibben1889	10	no	conf=A; validated=exact:kwahnice
kwahnice	Kwah-nice|Kwad-dis	whale			shaw1909	32	no	conf=A; validated=exact:kwahnice; section=supplemental; origin=Klikitat
kwahnice	Kwah-nice	A whale			gill1887	40	no	conf=A; validated=exact:kwahnice
kwahnice	Kwah-nice	A whale		n	long1909		no	conf=A; validated=exact:kwahnice+gloss; align=head/gloss runs paired by line count
kwahta	Kwahta	The quarter of a dollar			gibbs1863	12	no	conf=A; validated=exact:kwahta; pos_ocr=garbled; etym=English
kwahta	Kwahta	The quarter of a dollar			hibben1889	10	no	conf=A; validated=exact:kwahta
kwahta	Kwahta	Quarter of a dollar			gill1909	65	no	conf=A; validated=exact:kwahta
kwahta	Kwahta	The quarter of a dollar			gill1887	40	no	conf=A; validated=exact:kwahta
kwahta	Kwahta	A quarter of		n	long1909		no	conf=A; validated=exact:kwahta+gloss; align=head/gloss runs paired by line count
kwahtah	Kwahtah	The quarter of a dollar		n	shaw1909	13	no	conf=A; validated=skeleton:kwahta; section=lexicon; origin=English
kwahtin	Kwah'-tin				gibbs1863	12	no	conf=A; validated=exact:kwahtin; type=crossref; xref=YAKWAHTIN
kwahtin	Kwah-tin				hibben1889	10	no	conf=A; validated=exact:kwahtin; type=crossref; xref=Yakwahtin. Kwaist Nine
kwahtin	Kwah'-tin			n	long1909		no	conf=B; validated=exact:kwahtin; unverified_gloss=The belly; align=head/gloss runs paired by line count
kwahtl	Kwaht'l	Drop the sail			gill1909	65	no	conf=A; validated=skeleton:kwetlh
kwaist	Kwaist|Kweest	Nine		adj	gibbs1863	12	no	conf=A; validated=exact:kwaist; etym=Chinook, KWAITST
kwaist	Kwaist|Kweest	Nine		adj	shaw1909	13	no	conf=A; validated=exact:kwaist; section=lexicon; origin=Chinook; etym=Chinook,-Kwaitst
kwaist	Kwaist	Nine; ninth			gill1909	65	no	conf=A; validated=exact:kwaist
kwaist	Kwaist	Nine		adj	long1909		no	conf=A; validated=exact:kwaist+gloss; align=head/gloss runs paired by line count
kwaits	Kwaits	nine			demers1871		no	conf=C
kwaken	kwaken	belly			rudiments1898	8	yes	conf=B; validated=skeleton-edit1:kwahtin+gloss; section=chinook-vocabulary; raw=kwaken 4. belly
kwalal	Kwa-lal	To gallop. Kwalh, An aunt			hibben1889	10	no	conf=A; validated=skeleton:kwahl
kwalalkwalal	Kwa-lal-kwa-lal	to gallop			shaw1909	32	no	conf=B; near=kwalallrwalal; single_source=yes; section=supplemental; origin=Chinook
kwalalkwalal	Kwa-lal'-kwa-lal	To gallop		v	long1909		no	conf=A; validated=exact:kwalalkwalal+gloss; align=head/gloss runs paired by line count
kwalallrwalal	Kwa-lal'-lrwa-lal	To gallop		v	gibbs1863	12	no	conf=B; near=kwalalkwalal; single_source=yes; etym=Chinook, KWULLIL-KWULLIL
kwalh	Kwalh	a aunt			rudiments1924		yes	conf=A; validated=exact:kwalh+gloss; section=other-districts; raw=Kwalh, a aunt,
kwalh	Kwal'h	An aunt			gibbs1863	12	no	conf=A; validated=exact:kwalh; pos_ocr=garbled; etym=Chihalis, KWATLH
kwalh	Kwal'h	Aunt			gill1887	40	no	conf=A; validated=exact:kwalh
kwalist	Kwalist	nine			rudiments1924		yes	conf=B; validated=edit1:kwaist+gloss; section=other-districts; raw=Kwalist, Brn, nine,
kwalkwol	Kwalkwol				rudiments1924		yes	conf=B; validated=skeleton:kwalalkwalal; section=sound-words-districts; gloss_state=unrecovered; raw=Kwalkwol, ,
kwallal	Kwal-lal	To gallop			gill1909	65	no	conf=A; validated=skeleton:kwalal
kwallal kwallal	Kwal-lal kwal-lal	To gallop			gill1887	40	no	conf=A; validated=all-words-attested:kwallal kwallal; type=phrase
kwan	Kwan	Glad; content; tame			gill1909	65	no	conf=A; validated=skeleton:kwann
kwan	Kwan|kwan	tame, quite, genilo, meek | to tame			demers1871		no	conf=A; validated=exact:kwan+gloss; ditto=head repeated from previous entry; gloss_unverified=yes
kwanesem	Kwa'nesem				rudiments1924		yes	conf=B; validated=skeleton:kwahnesum; section=grammar-lists; gloss_state=unrecovered; raw=Kwa'nesem, 6) aways,
kwanesem	kwanesem	always			rudiments1898	7	yes	conf=A; validated=skeleton:kwahnesum+gloss; section=chinook-vocabulary; raw=kwanesem 4)? always
kwanesem	Kwanesem	always			practical1886	12	yes	conf=A; validated=skeleton:kwahnesum+gloss; raw=Kwanesem, always. :
kwankwan	Kwan-kwan	Glad			hibben1889	10	no	conf=A; validated=exact:kwankwan
kwankwan	Kwan-kwan	Glad			gill1887	40	no	conf=A; validated=exact:kwankwan
kwann	Kwann	Glad. According to Mr. Anderson, it means a custom or habit		adj	gibbs1863	12	no	conf=A; validated=exact:kwann; etym=Chinook, KWAN-KWAN
kwann	Kwann	Glad. (According to Mr. Anderson, it means a custom or habit		adj	shaw1909	13	no	conf=A; validated=exact:kwann; section=lexicon; origin=Chinook; etym=Chinook, -Kwankwan
kwann	Kwann	Glad; pleased		adj	long1909		no	conf=A; validated=exact:kwann+gloss; align=head/gloss runs paired by line count
kwanom	Kwanom	five			demers1871		no	conf=A; validated=skeleton:kwinnum+gloss
kwanten	Kwanten	belly			practical1886	8	yes	conf=B; validated=skeleton-edit1:kwahtin+gloss; raw=Kwanten, belly
kwas	Kwas	afraid			demers1871		no	conf=A; validated=skeleton:kwash+gloss
kwas kwenom	Kwas kwenom				demers1871		no	conf=B; validated=all-words-attested:kwas kwenom; ditto=head repeated from previous entry; ocr_gloss=fifteen
kwas sothin	Kwas sothin				demers1871		no	conf=B; validated=all-words-attested:kwas sothin; ditto=head repeated from previous entry; ocr_gloss=eighteen, " ia kwaits, nineteen, Mokst tatlelom, twenty, Mokst tatlelom pi ibt, twen ...
kwash	Kwash				rudiments1924		yes	conf=A; validated=exact:kwash; section=163-original-words; gloss_state=unrecovered; raw=Kwash, > &« aia,
kwash	Kwash	afraid			practical1886	11	yes	conf=A; validated=exact:kwash+gloss; raw=Kwash, afraid
kwash	Kwash	Fear; afraid; tame			hibben1889	10	no	conf=A; validated=skeleton:kwass
kwass	Kwass	Pear; to be afraid; tame; shy; timid		n,adj,v	shaw1909	13	no	conf=A; validated=exact:kwass; section=lexicon; origin=Chinook; etym=Chinook,- idem
kwass	Kwass	Fear; fearful; tame			gill1909	65	no	conf=A; validated=exact:kwass
kwass	Kwass	Fear, tame			gill1887	40	no	conf=A; validated=exact:kwass
kwass	Kwass	Pear; afraid; tame		n,adj	long1909		no	conf=A; validated=exact:kwass+gloss; align=head/gloss runs paired by line count
kwates	Kwates|Kwehts	Sour		adj	gibbs1863	12	no	conf=A; validated=exact:kwates; etym=Chihalis, KWETS
kwates	Kwates	Sour			hibben1889	10	no	conf=A; validated=exact:kwates
kwates	Kwates	sour; bitter; not pleased			shaw1909	32	no	conf=A; validated=exact:kwates; section=supplemental; origin=Salish
kwates	Kwates	Sour			gill1909	65	no	conf=A; validated=exact:kwates; origin=Chinook
kwates	Kwates	Sour			gill1887	40	no	conf=A; validated=exact:kwates
kwates	Kwates	Sour		adj	long1909		no	conf=A; validated=exact:kwates+gloss; align=head/gloss runs paired by line count
kwatim	Kwa-Tim	Young			gill1909	65	no	conf=A; validated=skeleton:oquahtum; origin=Old Chinook
kwatl	Kwatl	glad, pleased, proud			demers1871		no	conf=A; validated=skeleton:kwetl+gloss
kwehkweh	Kweh-kweh	A mallard duck		n	gibbs1863	12	no	conf=A; validated=exact:kwehkweh; etym=Chinook, OKWEKWE (by onoma.)
kwehkweh	Kweh-kweh	A mallard duck			hibben1889	10	no	conf=A; validated=exact:kwehkweh
kwehkweh	Kweh-kweh	a mallard duck			shaw1909	32	no	conf=A; validated=exact:kwehkweh; section=supplemental; origin=Jargon
kwehkweh	Kweh-kweh	A mallard duck			gill1909	65	no	conf=A; validated=exact:kwehkweh
kwehkweh	Kweh-kweh	A duck			gill1887	40	no	conf=A; validated=exact:kwehkweh
kwehkweh	Kweh-kweh	A duck (mallard)		n	long1909		no	conf=A; validated=exact:kwehkweh+gloss; align=head/gloss runs paired by line count
kwekkweo	Kwek-kweo	A ring;a circle			hibben1889	11	no	conf=A; validated=skeleton:kweokweo
kwekwe	kwekwe				rudiments1924		yes	conf=B; validated=skeleton:kwehkweh; section=sound-words-districts; gloss_state=unrecovered; raw=kwekwe, 64> Aucks,
kwekweens	Kwek-we-ens	A pin			gill1887	40	no	conf=A; validated=skeleton:kwekwiens
kwekwiens	Kwek-wi-ens	A pin. Of limited use		n	gibbs1863	12	no	conf=A; validated=exact:kwekwiens; etym=Chihalis, idem
kwekwiens	Kwek-wi-ens	<A pin. "			hibben1889	11	no	conf=A; validated=exact:kwekwiens
kwekwiens	Kwek-wi-ens	A pin; small like a pin		n	long1909		no	conf=A; validated=exact:kwekwiens+gloss; align=head/gloss runs paired by line count
kwekwies	Kwek'-wi-es	A pin			gill1909	65	no	conf=B; near=kwekwiens; single_source=yes; origin=Chinook
kwelt	Kwelt	proud			rudiments1924		yes	conf=A; validated=skeleton:kwelth+gloss; section=other-districts; raw=Kwelt , glad, proud,
kwelth	Kwelth	Proud			gill1887	40	no	conf=A; validated=skeleton:kwult
kwenam	Kwe'nam				rudiments1924		yes	conf=B; validated=skeleton:kwinnum; section=grammar-lists; ocr_gloss=Stue | fre; raw=Kwe'nam, 69), Stue.,
kwenam	kwe'nam	five			rudiments1898	8	yes	conf=A; validated=skeleton:kwinnum+gloss; section=chinook-vocabulary; raw=kwe'nam 5? five
kweokweo	Kweo-kweo	A ring; a circle			gibbs1863	12	no	conf=A; validated=exact:kweokweo; pos_ocr=garbled; etym=Chinook, TKWEO-KWEO
kweokweo	Kweo-kweo	a ring; a circle			shaw1909	32	no	conf=A; validated=exact:kweokweo; section=supplemental; origin=Chinook
kweokweo	Kweo-kweo	A ring; a circle		n	long1909		no	conf=A; validated=exact:kweokweo+gloss; align=head/gloss runs paired by line count
kwetl	Kwetl	Proud			gill1909	65	no	conf=A; validated=skeleton:kwetlh; origin=Chinook
kwetlh	Kwetlh	Proud			hibben1889	11	no	conf=A; validated=exact:kwetlh
kwetlh	Kwetlh	proud. AND HOW TO USE IT			shaw1909	32	no	conf=A; validated=exact:kwetlh; section=supplemental; origin=Salish
kwetlh	Kwetlh	Dignified; proud		adj	long1909		no	conf=A; validated=exact:kwetlh+gloss; gloss_unverified=yes; align=head/gloss runs paired by line count
kwets	Kwets	bitter, sour			demers1871		no	conf=C; validated=edit1:kwetl
kwetshodee	Kwet-shod-ee	A hare or rabbit			gill1887	42	no	conf=A; validated=skeleton:kwitshadee
kweukweu	Kweu-kwe-u	A ring; a circle			gill1909	65	no	conf=A; validated=exact:kweukweu
kweukweu	Kweu-kweu	A circle; a ring; round			gill1887	42	no	conf=A; validated=exact:kweukweu
kwinnum	Kwin'-num	five		adj	gibbs1863	12	no	conf=A; validated=exact:kwinnum; etym=Chinook, KWENKM
kwinnum	Kwin-num	Five			hibben1889	11	no	conf=A; validated=exact:kwinnum
kwinnum	Kw'in'-num	Five		adj	shaw1909	13	no	conf=A; validated=exact:kwinnum; section=lexicon; origin=Chinook; etym=Chinook,-Kwenem
kwinnum	Kwin'-num	Five; fifth			gill1909	65	no	conf=A; validated=exact:kwinnum
kwinnum	Kwin-num	Five			gill1887	42	no	conf=A; validated=exact:kwinnum
kwinnum	Kwin'-num	Five		adj	long1909		no	conf=A; validated=exact:kwinnum+gloss; align=head/gloss runs paired by line count
kwiseo	Kwi-se-o	Porpoise			gill1909	65	no	conf=A; validated=skeleton:kwash
kwish	Kwish|Kweesh	Refusing any thing contemptuously			gibbs1863	12	no	conf=A; validated=exact:kwish
kwish	Kwish	Refusing anything contemptuously			hibben1889	11	no	conf=A; validated=exact:kwish
kwish	Kwish	Expression of contempt or refusal			gill1909	65	no	conf=A; validated=exact:kwish
kwish	Kwish	Refusing, with contempt			gill1887	42	no	conf=A; validated=exact:kwish
kwish	Kwish	To refuse with contempt			long1909		no	conf=A; validated=exact:kwish+gloss; gloss_unverified=yes; align=head/gloss runs paired by line count
kwishkwish	Kwish-kwish	squirrel			practical1886	5	yes	conf=A; validated=skeleton:kwiskwis+gloss; raw=Talapos, fox Kwish-kwish, squirrel
kwiskwis	Kwis-kwis	A squirrel (the red or pine squirrel)			gill1909	65	no	conf=A; validated=exact:kwiskwis
kwiskwis	Kwis-kwis	A squirrel			gill1887	42	no	conf=A; validated=exact:kwiskwis
kwiskwis	Kwiskwis	squirrel			demers1871		no	conf=A; validated=exact:kwiskwis+gloss
kwitsbadie	Kwit-sbad-ie	hare; rabbit			shaw1909	35	no	conf=B; near=kwitshadie; single_source=yes; section=supplemental; origin=Salish
kwitshaddie	Kwit'-shad-die	A hare; a rabbit		n	long1909		no	conf=A; validated=skeleton:kwetshodee+gloss; align=head/gloss runs paired by line count
kwitshadee	Kwit-shad-ee	The rabbit or hare			gill1909	65	no	conf=A; validated=skeleton:kwetshodee; origin=Nootka
kwitshadie	Kwit-shad-ie	The hare or rabbit. « eee The ear			hibben1889	11	no	conf=A; validated=skeleton:kwetshodee
kwoata	Kwoata				rudiments1924		yes	conf=B; validated=skeleton:kwahta; section=durieu-1879-vocabulary; ocr_gloss=as guanler; raw=Kwoata, as guanler,
kwolann	Kwo-lann|Kwo-lah'-nie	The ear. Halo kwolann, or,"ikpooie kwolann, deaf		n	gibbs1863	12	no	conf=A; validated=skeleton:kwolon; etym=Chihalis, KAVOLAN, Nisqually, KWILANI
kwolon	Kwo-lon	Ear; ears			gill1909	65	no	conf=A; validated=exact:kwolon; origin=Chinook
kwolon	Kwo-lon|Kwo-lonn	The ear			gill1887	42	no	conf=A; validated=exact:kwolon
kwonam	Kwonam	five			practical1886	2	yes	conf=A; validated=skeleton:kwinnum+gloss; type=number; ocr=numbers block read English-first, glosses assigned in order
kwonam son	Kwonam son	Fri day			practical1886	3	yes	conf=B; validated=all-words-attested:kwonam son; type=phrase; gloss_unverified=yes; raw=Kwonam son, Fri day
kwonesem	Kwonesem				rudiments1924		yes	conf=B; validated=skeleton:kwahnesum; section=durieu-1879-vocabulary; gloss_state=unrecovered; raw=Kwonesem, BIZ $5
kwonesum	Kwon-e-sum	Always; forever			gill1887	42	no	conf=A; validated=skeleton:kwahnesum
kwonesunx	Kwon'-e-sunx	Always; forever			gill1909	65	no	conf=B; near=kwonesum; single_source=yes; origin=uncertain
kwosh	Kwosh				rudiments1924		yes	conf=B; validated=skeleton:kwash; section=durieu-1879-vocabulary; gloss_state=unrecovered; raw=Kwosh, & afiad,
kwulh	Kwulh|Kwult	To hit; to wound loith an arrow or gun; to strike with a stick or stone; or in any manner without cutting; to hit		v	gibbs1863	12	no	conf=A; validated=skeleton:keekwillie; etym=Chinook, KWULT'H
kwult	Kwult	To bruise or wound with a stone, shot or arrow; to wound, without cutting			gill1909	65	no	conf=A; validated=skeleton:kwulth
kwulth	Kwult'h	'To hit; to wound with an arrow or gun			hibben1889	11	no	conf=A; validated=exact:kwulth
kwulth	Kwult'h	To hit; to wound with an arrow or gun			gill1887	42	no	conf=A; validated=exact:kwulth
kwunmin	Kwun'-min	A count; numbers		n	gibbs1863	12	no	conf=B; near=kwinnum; single_source=yes; etym=Chihalis, idem
kwunnum	Kwun-num	To count; numbers. (Konsee is much more used.)			gill1909	65	no	conf=A; validated=exact:kwunnum
kwunnum	Kwun-num	Account; numbers			gill1887	42	no	conf=A; validated=exact:kwunnum
kwunnum	Kwun'-num	A count; numbers		n	long1909		no	conf=A; validated=exact:kwunnum+gloss; align=head/gloss runs paired by line count
kwunnun	Kwun-nun	A count: numbers			hibben1889	11	no	conf=A; validated=skeleton:kwan
kwutl	Kwutl	Literally, fast		adj	gibbs1863	12	no	conf=A; validated=exact:kwutl; etym=Chinook, idem
kwutl	Kwutl	literally, fast; to push or squeeze			shaw1909	35	no	conf=A; validated=exact:kwutl; section=supplemental; origin=Chinook
kwutl	Kwutl	To push; to squeeze; secure; fast			gill1909	65	no	conf=A; validated=exact:kwutl
kwutl	Kwutl	To push or squeeze			gill1887	42	no	conf=A; validated=exact:kwutl
kwutl	Kwutl	To make fast; push or squeeze		adj	long1909		no	conf=A; validated=exact:kwutl+gloss; align=head/gloss runs paired by line count
kyhva	Ky'-hva	Crooked			gill1909	65	no	conf=B; single_source=yes
kywa	Ky-wa	Crooked. Xj			gill1887	42	no	conf=A; validated=skeleton:kiwa
la	La|lo	command, law, compromise			demers1871		no	conf=C; gloss_unverified=yes
la bouche	la bouche	mouth			rudiments1898	10	yes	conf=C; section=words-from-french; raw=la bouche mouth
la cassette	la cassette	box			rudiments1898	10	yes	conf=B; validated=witness:demers1871:lakaset; section=words-from-french; raw=la cassette, box
la clef	la clef	Key			rudiments1898	10	yes	conf=C; section=words-from-french; raw=la clef 4, Key
la cloa	La clo-a	The cross			gill1887	42	no	conf=B; single_source=yes; type=phrase
la croix	la Croix	cross i			rudiments1898	10	yes	conf=C; section=words-from-french; ocr_gloss=GP cross i; gloss_cleaned=unknown OCR tokens dropped; raw=la Croix GP cross i
la hache	la hache	axe			rudiments1898	10	yes	conf=B; validated=witness:rudiments1924:lahache; section=words-from-french; ocr_gloss=fr axe; gloss_cleaned=unknown OCR tokens dropped; raw=la hache fr axe
la langue	la langue	tongue			rudiments1898	10	yes	conf=B; validated=witness:practical1886:lalang; section=words-from-french; raw=la langue 74, . tongue
la monti	La mon-ti|La-mo-ti	A mountain		n	gibbs1863	13	no	conf=B; single_source=yes; etym=French, LA MONTAGNE
la motai	La mota-i	mountain			practical1886	3	yes	conf=C; type=phrase; raw=La mota-i, mountain
la pellab	La -pel-lab	Mamook lapellah, (u roast before the fire			gibbs1863	14	no	conf=B; single_source=yes; pos_ocr=garbled; etym=Quaere if from the French, LE FOYER
la pelle	la pelle	shovel ee			rudiments1898	10	yes	conf=B; validated=witness:rudiments1924:lapel; section=words-from-french; ocr_gloss=Zy shovel ee; gloss_cleaned=unknown OCR tokens dropped; raw=la pelle Zy shovel ee
la piege	La piege	A trap. Eena la piege, a beaver-trap		n	gibbs1863	14	no	conf=B; single_source=yes; etym=French, LA PIECE
la poele	la poele	frying pan			rudiments1924		yes	conf=B; validated=witness:demers1871:lapuel; section=other-districts; raw=la poele, 2yr, frying pan.
la pooshet	La poo-shet	A fork		n	gibbs1863	14	no	conf=B; single_source=yes; etym=French, LA FOURCHETTE
la porte	la porte	door			rudiments1898	10	yes	conf=B; validated=witness:practical1886:laport; section=words-from-french; raw=la porte " A/ door
la pote	La pote	A door. La s an j el, n		n	gibbs1863	14	no	conf=B; single_source=yes; etym=French, LA PORTE
la see	La see	A saw		n	gibbs1863	14	no	conf=B; single_source=yes; etym=French, LA SCIE
laballe	laballe				rudiments1924		yes	conf=B; validated=skeleton:lebal; section=other-districts; ocr_gloss=dadl; raw=laballe, ~), dadl,
lableed	La-bleed	A bridle		n	gibbs1863	13	no	conf=A; validated=exact:lableed; etym=French, LA BKIUE
lableed	La-bleed	a bridle			shaw1909	35	no	conf=A; validated=exact:lableed; section=supplemental; origin=French
lableed	La-bleed	A bridle			gill1909	65	no	conf=A; validated=exact:lableed; origin=French
lableed	La-bleed	A bridle			gill1887	42	no	conf=A; validated=exact:lableed
lableed	La-bleed	A bridle		n	long1909		no	conf=A; validated=exact:lableed+gloss; align=head/gloss runs paired by line count
laboos	La-boos	The mouth; mouth of a river Moxt laboos, the forks of a liver		n	gibbs1863	13	no	conf=A; validated=exact:laboos; etym=French, LA BOUCHE
laboos	La-boos|Lapush	The mouth; mouth of a river		n	shaw1909	13	no	conf=A; validated=exact:laboos; section=lexicon; origin=French; etym=Prench,- La Bouche
laboos	La-boos	The mouth			gill1909	65	no	conf=A; validated=exact:laboos; origin=French
laboos	La-boos	The mouth. Mox la-boos; the forks of a river			gill1887	42	no	conf=A; validated=exact:laboos
laboosh	laboosh	mouth			rudiments1924		yes	conf=A; validated=skeleton:laboos+gloss; section=durieu-1879-vocabulary; ocr_gloss=Cn mouth; gloss_cleaned=unknown OCR tokens dropped; raw=laboosh, Cn mouth,
laboosh	Laboosh	mouth			practical1886	8	yes	conf=A; validated=skeleton:laboos+gloss; raw=Laboosh, mouth
labootai	La-boo-tai	A bottle			gill1909	65	no	conf=A; validated=skeleton:labooti; origin=French
labootel	Labootel	lamala, bottle			practical1886	10	yes	conf=B; validated=edit2:labootai+gloss; gloss_unverified=yes; raw=Labootel, lamala, bottle
labooti	La-boo-ti	A bottle		n	gibbs1863	13	no	conf=A; validated=exact:labooti; etym=French, LA BOUTEILLE
labooti	La-boo-ti	<A bottle			hibben1889	11	no	conf=A; validated=exact:labooti
labooti	La-boo-ti	bottle			shaw1909	35	no	conf=A; validated=exact:labooti; section=supplemental; origin=French
labotai	La-bo-tai	A bottle			gill1887	42	no	conf=A; validated=skeleton:labootai
lacalat	La-ca-lat	A carrot		n	gibbs1863	13	no	conf=A; validated=exact:lacalat; etym=French, LA GAROTTE
lacalat	La-cal-at	A carrot			hibben1889	11	no	conf=A; validated=exact:lacalat
lacalat	La-ca-lat	carrot			shaw1909	35	no	conf=A; validated=exact:lacalat; section=supplemental; origin=French
lacalat	La-ca-lat	A carrot		n	long1909		no	conf=A; validated=exact:lacalat+gloss; align=head/gloss runs paired by line count
lacalet	La-cal-et	A carrot			gill1887	42	no	conf=A; validated=skeleton:lacalat
lacallat	La-cal-lat	Carrot			gill1909	65	no	conf=A; validated=skeleton:lacalat; origin=French
lacarrot	Lacarrot				practical1886	7	yes	conf=B; validated=skeleton-edit1:lacalat+gloss; ocr_gloss=carrots; raw=Lacarrot, carrots
lacaset	La-ca-set	A box, trunk, or chest		n	gibbs1863	13	no	conf=A; validated=exact:lacaset; etym=French, LA CASETTE
lacaset	La-ca-set	A box, trunk or chest			hibben1889	11	no	conf=A; validated=exact:lacaset
lacaset	La-ca-set	A box, trunk, or chest		n	shaw1909	13	no	conf=A; validated=exact:lacaset; section=lexicon; origin=French; etym=Prench,-La Casette
lacaset	La-ca-set	A trunk; box; chest		n	long1909		no	conf=A; validated=exact:lacaset+gloss; align=head/gloss runs paired by line count
lacasett	La-cas-ett	A trunk, box or chest			gill1909	65	no	conf=A; validated=skeleton:lacaset; origin=French
lacasset	La-cas-set	A box; trunk or chest			gill1887	42	no	conf=A; validated=skeleton:lacaset
lach	Lach	To lean; to tip as a boat; to stoop			gill1887	42	no	conf=B; near=lagh; single_source=yes; origin=or Lagh
lacloa	La-clo-a	A cross		n	gibbs1863	13	no	conf=A; validated=exact:lacloa; etym=French, LA CROIX
lacloa	La-clo-a	A cross			hibben1889	11	no	conf=A; validated=exact:lacloa
lacloa	La-clo-a	A Cross		n	shaw1909	13	no	conf=A; validated=exact:lacloa; section=lexicon; origin=French; etym=Prench,-La Croix
lacloa	La-clo-a	A cross		n	long1909		no	conf=A; validated=exact:lacloa+gloss; align=head/gloss runs paired by line count
lacloah	La-clo'-ah	The cross			gill1909	65	no	conf=A; validated=skeleton:lacloa; origin=French
lagh	Lagh	To lean; to tip, us a, boat; to stoop; tc bend over, as a tree		v	gibbs1863	13	no	conf=A; validated=exact:lagh; etym=Chinook, LAKH
lagh	Lagh	To lean; to tip as a boat; to stoop; to bend over as a tree			hibben1889	11	no	conf=A; validated=exact:lagh
lagh	Lag-h	to tip; to lean; to stoop; to bend over			shaw1909	35	no	conf=A; validated=exact:lagh; section=supplemental; origin=Chinook
lagh	Lagh	To lean, stoop, bend; to tip, as a boat			gill1909	65	no	conf=A; validated=exact:lagh
lagleese	La-gleese				gill1909	65	no	conf=A; validated=exact:lagleese; type=crossref; xref=gleese
lagleese	La-gleese	Fat; oil			gill1887	42	no	conf=A; validated=exact:lagleese
lagom stick	Lagom stick	pitch wood			practical1886	4	yes	conf=B; validated=all-words-attested:lagom stick; type=phrase; raw=Lagom stick, pitch wood
lagome	La-gome	Pitch; glue. La gome stick, Ugh t-wood; the pitch-pine			gibbs1863	13	no	conf=A; validated=exact:lagome; pos_ocr=garbled; etym=French, LA GOMME
lagome	La-gome	Pitch; glue. La. gome stick, light-wood; the pitch-pine., hed			hibben1889	11	no	conf=A; validated=exact:lagome
lagome	La-gome	Pitch; glue. La gomme stick, - lightwood; the pitchpine		n	shaw1909	13	no	conf=A; validated=exact:lagome; section=lexicon; origin=French; etym=Prench,-La Gomme
lagome	La-gome	Pitch; glue		n	long1909		no	conf=A; validated=exact:lagome+gloss; align=head/gloss runs paired by line count
lagoom	La-goom	Pitch; rosin; glue			gill1909	65	no	conf=A; validated=skeleton:lagome; origin=French
lagoom stick	La-goom stick	Light wood; pitch pine			gill1887	42	no	conf=A; validated=all-words-attested:lagoom stick; type=phrase
lagwin	La-gwin|La-kween			n	gibbs1863	13	no	conf=A; validated=exact:lagwin; etym=Quaere u. d. A saw
lagwin	La-gwin	A saw			hibben1889	11	no	conf=A; validated=exact:lagwin
lagwin	La-gwin|la-see	A saw			gill1887	42	no	conf=A; validated=exact:lagwin
lagwin	La-gwin			n	long1909		no	conf=B; validated=exact:lagwin; unverified_gloss=A swan; align=head/gloss runs paired by line count
lahache	lahache	axe			rudiments1924		yes	conf=B; validated=witness:rudiments1898:la hache; section=other-districts; raw=lahache, #2, axe,
lahal	La-hal				gibbs1863	13	no	conf=A; validated=exact:lahal; type=crossref; xref=SLAHAL
lahal	La-hal				hibben1889	11	no	conf=A; validated=exact:lahal; type=crossref; xref=Slahal
lahash	lahash				rudiments1924		yes	conf=A; validated=exact:lahash; section=durieu-1879-vocabulary; gloss_state=unrecovered; raw=lahash, #4 axe,
lahash	Lahash	axe			practical1886	6	yes	conf=A; validated=exact:lahash+gloss; raw=Lahash, axe
lahash	La-hash	An axe or hatchet		n	gibbs1863	13	no	conf=A; validated=exact:lahash; etym=French, LA HACHE
lahash	La-hash	An axe or hatchet. |			hibben1889	11	no	conf=A; validated=exact:lahash
lahash	La-hash	An axe or hatchet		n	shaw1909	13	no	conf=A; validated=exact:lahash; section=lexicon; origin=French; etym=Prench,-La hache
lahash	La-hash	An ax or hatchet			gill1909	65	no	conf=A; validated=exact:lahash; origin=French
lahash	La-hash	Ax or hatchet			gill1887	42	no	conf=A; validated=exact:lahash
lahash	La-hash	Axe; hatchet		n	long1909		no	conf=A; validated=exact:lahash+gloss; align=head/gloss runs paired by line count
lahb	Lahb	The arbutus uva ursi, the leaves of which are used in smoking, alone or mixed with tobacco		n	gibbs1863	13	no	conf=A; validated=exact:lahb; etym=French, L'HERBE
lahb	Lahb	The arbutus			hibben1889	11	no	conf=A; validated=exact:lahb
lahb	Lahb	The Arbutus uva ursi, the leaves of which are used in smoking, alone or mixed with tobacco		n	shaw1909	13	no	conf=A; validated=exact:lahb; section=lexicon; etym=Prench.-L'herbe
lahb	Lahb	The arbutus			gill1887	42	no	conf=A; validated=exact:lahb
lahm	La-Hm	A file			gill1887	42	no	conf=A; validated=skeleton:laleem
laiket	laiket	four			rudiments1898	8	yes	conf=A; validated=skeleton:lakit+gloss; section=chinook-vocabulary; raw=laiket 2% four
lakammas	La-kam-mas				gibbs1863	13	no	conf=B; near=kamas; single_source=yes; type=crossref; xref=KAMASS
lakaset	Lakaset	box:'t up i			demers1871		no	conf=A; validated=skeleton:lacaset+gloss
lakasset	Lakasset	bow			practical1886	6	yes	conf=B; validated=skeleton:lacaset; raw=Lakasset, bow
lake	Lake	Lake			practical1886	4	yes	conf=B; validated=witness:demers1871:lek; raw=Lake, Lake,
laken	Laken	G,, we hide, conceal			demers1871		no	conf=C; validated=edit1:lawen
laket	Laket	four			practical1886	2	yes	conf=A; validated=skeleton:lakit+gloss; type=number; ocr=numbers block read English-first, glosses assigned in order
laket	Laket	four			demers1871		no	conf=A; validated=skeleton:lakit+gloss
laket son	Laket son				practical1886	3	yes	conf=B; validated=all-words-attested:laket son; type=phrase; ocr_gloss=Thur sday; raw=Laket son, Thur sday
lakit	Lak'-it|Lok'-it	four; four times		adj	gibbs1863	13	no	conf=A; validated=exact:lakit; etym=Chinook, LAKT
lakit	Lakit	Four; four times, Lakit tathelum, forty			hibben1889	11	no	conf=A; validated=exact:lakit
lakit	Lak'it|Lok'-it	Pour; four times		adj	shaw1909	13	no	conf=A; validated=exact:lakit; section=lexicon; origin=Chinook; etym=Chinook,- Lakt
lakit	Lak'-it	Fourfour times		adj	long1909		no	conf=A; validated=exact:lakit+gloss; gloss_unverified=yes; align=head/gloss runs paired by line count
lakle	Lakle	hey			rudiments1924		yes	conf=C; validated=edit1:lakles; section=durieu-1879-vocabulary; ocr_gloss=op Hey; gloss_cleaned=unknown OCR tokens dropped; raw=Lakle, op Hey,
lakles	La'-kles	Fat; oil. See, also, GLEASE		n	gibbs1863	13	no	conf=A; validated=exact:lakles; etym=French, LA GRAISSE
lakles	La-kles	Fat; oil			hibben1889	11	no	conf=A; validated=exact:lakles
lakles	La'-kles	Fat; oil			long1909		no	conf=A; validated=exact:lakles+gloss; align=head/gloss runs paired by line count
lakloa	Lakloa	cross			demers1871		no	conf=B; validated=edit1:lacloa+gloss
lakomelo	Lakomelo	H. Communion			practical1886	17	yes	conf=C; validated=skeleton-edit1:hdkumel; type=religious; ocr=row-aligned two-column table; gloss_unverified=yes
lakroa	Lakroa	Cross			practical1886	17	yes	conf=C; type=religious; ocr=row-aligned two-column table
lakrow	Lakrow	Cross			rudiments1924		yes	conf=C; section=religious-words; raw=Lakrow', +,9, Cross,
lalah	La-lah	To cheat; fool; to practise jokes		v	gibbs1863	13	no	conf=A; validated=exact:lalah; etym=Chinook, LAKHWHOLA
lalah	La-lah	To cheat;fool; to practice jokes			hibben1889	11	no	conf=A; validated=exact:lalah
lalah	La-lah	To cheat; to trick			gill1909	65	no	conf=A; validated=exact:lalah
lalah	La-lah	To cheat; to joke			gill1887	42	no	conf=A; validated=exact:lalah
lalah	La-lah	To cheat; fool; joke		v	long1909		no	conf=A; validated=exact:lalah+gloss; align=head/gloss runs paired by line count
lalahm	La-lahm|La-lum	An oar. Mamook lalahm, to row		n	gibbs1863	13	no	conf=A; validated=exact:lalahm; etym=French, LA RAME
lalahm	La-lahm	An oar. Mamook lalahm, to row			hibben1889	11	no	conf=A; validated=exact:lalahm
lalahm	La-lahm|La-lum	An oar. Mamook lalahm, - to row		n	shaw1909	13	no	conf=A; validated=exact:lalahm; section=lexicon; origin=French; etym=Prench,- La rame
lalahm	La-lahm	An oar		n	long1909		no	conf=A; validated=exact:lalahm+gloss; align=head/gloss runs paired by line count
lalam	La-lam	An oar			gill1909	65	no	conf=A; validated=skeleton:lalahm; origin=French
lalam	Lalam				demers1871		no	conf=A; validated=exact:lalam; ocr_gloss=oarei) ©) ¢'
lalang	Lalang	tongue			practical1886	8	yes	conf=A; validated=exact:lalang+gloss; raw=Lalang, tongue
lalang	La-lang	The tongue; a language			hibben1889	11	no	conf=A; validated=exact:lalang
lalang	La-lang	The tongue; a languag-e; dialect; tribe		n	shaw1909	13	no	conf=A; validated=exact:lalang; section=lexicon; origin=French; etym=Prench,-La langue
lalang	La-lang	The tongue; speech; language			gill1909	65	no	conf=A; validated=exact:lalang; origin=French
lalang	La-lang	The tongue; a language			gill1887	42	no	conf=A; validated=exact:lalang
lalang	La-lang	A language; the tongue		n	long1909		no	conf=A; validated=exact:lalang+gloss; align=head/gloss runs paired by line count
lalasin	Lalasin				demers1871		no	conf=B; validated=skeleton:lashen; ocr_gloss=toot
lalaug	La-laug	The tongue; a language		n	gibbs1863	13	no	conf=B; near=lalang; single_source=yes; etym=French, LA LANGUE
lale	lale	cheat			rudiments1924		yes	conf=C; validated=edit1:laly; section=sound-words-districts; ocr_gloss=bo cheat; gloss_cleaned=unknown OCR tokens dropped; raw=lale, PP, bo cheat,
laleem	La-leem	A file			gibbs1863	13	no	conf=A; validated=exact:laleem; pos_ocr=garbled; etym=French, LA LIME
laleem	La-leem	a file			shaw1909	35	no	conf=A; validated=exact:laleem; section=supplemental; origin=French
laleem	La-leem	A file		n	long1909		no	conf=A; validated=exact:laleem+gloss; align=head/gloss runs paired by line count
lalep	LaleP	lolsh, barley, asache, bad, wicked			demers1871		no	conf=C; gloss_unverified=yes
lalim	La-lim	A file			hibben1889	11	no	conf=A; validated=exact:lalim
lalim	La-lim	A file			gill1909	65	no	conf=A; validated=exact:lalim; origin=French
laly	La'-ly	Time; a longtime		n	shaw1909	13	no	conf=B; near=lazy; single_source=yes; section=lexicon; origin=Chinook; etym=Chinook,-lele
lamai	La-mai	An old woman. (From la me're, French.)			gill1909	65	no	conf=A; validated=skeleton:lammei; origin=French
lamala	lamala				rudiments1924		yes	conf=B; validated=skeleton:lemel; section=durieu-1879-vocabulary; gloss_state=unrecovered; raw=lamala, 164 Goltle,
lamass	La-mass	The ceremony of the mass			gill1909	65	no	conf=A; validated=skeleton:lamasse; origin=French
lamasse	La-masse	The ceremony of the mass, La-mes-tin, or le Les-sen			gill1887	42	no	conf=A; validated=skeleton:lamass
lames	Lames	Mass			demers1871		no	conf=A; validated=skeleton:lamass+gloss
lamess	Lamess				rudiments1924		yes	conf=B; validated=skeleton:lamass; section=durieu-1879-vocabulary; gloss_state=unrecovered; raw=Lamess, The MASS,
lamesse	La-messe	The ceremony of the mass		n	gibbs1863	13	no	conf=A; validated=exact:lamesse; etym=French, idem
lamesse	La-messe	The ceremony of the mass			hibben1889	11	no	conf=A; validated=exact:lamesse
lamesse	La-messe	The ceremony of the mass		n	shaw1909	13	no	conf=A; validated=exact:lamesse; section=lexicon; origin=French; etym=Prench,-idem
lamesse	La-messe	Ceremony of mass		n	long1909		no	conf=A; validated=exact:lamesse+gloss; align=head/gloss runs paired by line count
lamestin	La-mes-tin|La-mo-tchin	Mededue, not including magic		n	gibbs1863	13	no	conf=A; validated=exact:lamestin; etym=French, LA MEDECINE
lamestin	La-mes-tin	Medicine			hibben1889	11	no	conf=A; validated=exact:lamestin
lamestin	La-mes-tin|La-met-sin	Medicine, (not including* ma?ic); drug1; ointment; panacea; pill; physic		n	shaw1909	14	no	conf=A; validated=exact:lamestin; section=lexicon; origin=French; etym=French,-La medecine
lamestin	La-mes'-tin|le-mes'-sen	Remedy; medicine. (This word is not used for magic or the			gill1909	65	no	conf=A; validated=exact:lamestin
lamestin	La-mes-tin	Medicine		n	long1909		no	conf=A; validated=exact:lamestin+gloss; align=head/gloss runs paired by line count
lamiat	lamiat	go women			rudiments1924		yes	conf=B; validated=skeleton:lemahto; section=durieu-1879-vocabulary; ocr_gloss=Go y Women; gloss_cleaned=unknown OCR tokens dropped; raw=lamiat, Go y Women,
lamimen	Lam'-im-en	An old woman		n	long1909		no	conf=A; validated=skeleton:oleman+gloss; align=head/gloss runs paired by line count
lammei	Lam-me-i	An old woman			gill1887	42	no	conf=A; validated=skeleton:lamai
lammieh	Lam'-mi-eh|Lam-mi-i	An old woman		n	gibbs1863	13	no	conf=A; validated=exact:lammieh; etym=French, LA VIEILLE
lammieh	Lam-mi-eh	An old woman			hibben1889	11	no	conf=A; validated=exact:lammieh
lamonta	La-mon-ta	A mountain			gill1887	42	no	conf=A; validated=skeleton:lamontay
lamontay	La-mon'-tay	A mountain			gill1909	65	no	conf=A; validated=skeleton:lamonta; origin=French
lamonti	La-mon-ti	A mountain			hibben1889	11	no	conf=A; validated=exact:lamonti
lamonti	La-mon-ti|La-mo -ti	A mountain. La pea or Le pee, (see leepee.)		n	shaw1909	14	no	conf=A; validated=exact:lamonti; section=lexicon; origin=French; etym=French,-La montaigne
lamonti	La-mon-ti	A mountain		n	long1909		no	conf=A; validated=exact:lamonti+gloss; align=head/gloss runs paired by line count
lamook	Lamook	to work ae? essik, to row			practical1886	14	yes	conf=B; validated=edit1:mamook+gloss; gloss_unverified=yes; raw=Lamook, to work ae? essik, to row
lamooto	lamooto				rudiments1924		yes	conf=B; validated=skeleton:lemahto; section=durieu-1879-vocabulary; gloss_state=unrecovered; raw=lamooto, 76.5 mutton,
lamooto	Lamooto				practical1886	4	yes	conf=B; validated=skeleton:lemahto; ocr_gloss=mutton; raw=Lamooto, mutton
lamuss	Lamuss	The Mass			practical1886	17	yes	conf=A; validated=skeleton:lamass+gloss; type=religious; ocr=row-aligned two-column table
lapatak	Lapatak	potatoes			demers1871		no	conf=C; validated=skeleton-edit1:lapote
lape osh	La-pe osh	A mattock; a hoe		n	gibbs1863	14	no	conf=B; single_source=yes; etym=French, LA PIOCHE
lapebsh	La-pebsh	a pole			shaw1909	35	no	conf=B; near=lapehsh; single_source=yes; section=supplemental; origin=French
lapeeage	La-pee-age	A trap			gill1887	43	no	conf=A; validated=skeleton:lapiege
lapeep	La-peep	A tobacco-pipe		n	gibbs1863	13	no	conf=A; validated=exact:lapeep; etym=French, LA PIPE
lapeep	La-peep	A tobacco pipe			hibben1889	11	no	conf=A; validated=exact:lapeep
lapeep	La-peep	A tobacco-pipe		n	shaw1909	14	no	conf=A; validated=exact:lapeep; section=lexicon; origin=French; etym=Frsnch,-La pipe
lapeep	La-peep	Pipe for smoking tobacco			gill1909	65	no	conf=A; validated=exact:lapeep; origin=French
lapeep	La-peep	A tobacco pipe			gill1887	42	no	conf=A; validated=exact:lapeep
lapeep	La-peep	A tobacco pipe		n	long1909		no	conf=A; validated=exact:lapeep+gloss; align=head/gloss runs paired by line count
lapehsh	La-pehsh	A pole; the setting-pole of a boat or canoe			gibbs1863	13	no	conf=A; validated=skeleton:lapesh; pos_ocr=garbled; etym=French, LA PERCHE
lapehsh	La-pehsh	A pole			long1909		no	conf=A; validated=exact:lapehsh+gloss; align=head/gloss runs paired by line count
lapel	lapel	shovel			rudiments1924		yes	conf=A; validated=skeleton:lapell+gloss; section=durieu-1879-vocabulary; ocr_gloss=LU shovel; gloss_cleaned=unknown OCR tokens dropped; raw=lapel, LU shovel,
lapel	Lapel	shovel			practical1886	6	yes	conf=A; validated=skeleton:lapell+gloss; raw=Lapel, shovel
lapel	Lapel	'spade or shovel			demers1871		no	conf=A; validated=skeleton:lapell+gloss
lapell	La-pell	A shovel; a spade			gill1909	65	no	conf=A; validated=skeleton:lapelle; origin=French
lapellah	La-pel-lah	Roast. Mamook lapellah, to roast before the fire			hibben1889	12	no	conf=A; validated=exact:lapellah
lapellah	La-pel-lah	Mamook lapellah,- to roast before the fire		v	shaw1909	14	no	conf=A; validated=exact:lapellah; section=lexicon; origin=Quaere if from the French,-Le foyer.
lapellah	La-pel'-lah	A roast of meat cooked before a fire			gill1909	65	no	conf=A; validated=exact:lapellah; origin=uncertain
lapellah	La-pel-lah	Roast; to roast before the fire			gill1887	43	no	conf=A; validated=exact:lapellah
lapellah	La-pel-lah	To roast with fire		v	long1909		no	conf=A; validated=exact:lapellah+gloss; align=head/gloss runs paired by line count
lapelle	La-pelle	A shovel or spade		n	gibbs1863	14	no	conf=A; validated=exact:lapelle; etym=French, LA PELLE
lapelle	La-pelle	A shovel or spade			hibben1889	12	no	conf=A; validated=exact:lapelle
lapelle	La-pelle	a shovel or spade. Iia-pe-osb/, (F), a mattock or hoe			shaw1909	35	no	conf=A; validated=exact:lapelle; section=supplemental; origin=French
lapelle	La-pelle	A shovel or spade			gill1887	43	no	conf=A; validated=exact:lapelle
lapelle	La-pelle	A spade; shovel		n	long1909		no	conf=A; validated=exact:lapelle+gloss; align=head/gloss runs paired by line count
lapeosh	La-pe-osh	A mattock; a hoe			hibben1889	12	no	conf=A; validated=exact:lapeosh
lapeosh	La-pe-osh	A hoe, or a mattock			gill1909	65	no	conf=A; validated=exact:lapeosh; origin=French
lapeosh	La-pe-osh|La-pe-6sh	A mattock or hoe			gill1887	43	no	conf=A; validated=exact:lapeosh; ocr=head digit/capital read as accented vowel
lapeosh	La-pe-osh	A hoe; mattock		n	long1909		no	conf=A; validated=exact:lapeosh+gloss; align=head/gloss runs paired by line count
lapesh	La-pesh	A pole; specially a setting pole for a canoe			gill1909	65	no	conf=A; validated=exact:lapesh; origin=French
lapesh	La-pesh	A pole; fishing-rod			gill1887	43	no	conf=A; validated=exact:lapesh
lapiege	La-piege	A trap. Eena lapiege, a beaver trap			hibben1889	12	no	conf=A; validated=exact:lapiege
lapiege	La-pieg-e	a trap			shaw1909	35	no	conf=A; validated=exact:lapiege; section=supplemental; origin=French
lapiege	La-piege	A trap for animals		n	long1909		no	conf=A; validated=exact:lapiege+gloss; gloss_unverified=yes; align=head/gloss runs paired by line count
lapikwo	Lapikwo	frock, short coat			demers1871		no	conf=C; validated=skeleton-edit1:lepwah; gloss_unverified=yes
lapiosh	lapiosh				rudiments1924		yes	conf=B; validated=skeleton:lapehsh; section=durieu-1879-vocabulary; ocr_gloss=Agr Foe; raw=lapiosh, Agr Foe,
lapiosh	Lapiosh	hoe			practical1886	6	yes	conf=A; validated=skeleton:lapeosh+gloss; raw=Lapiosh, hoe
lapiosh	Lapiosh	hoe			demers1871		no	conf=A; validated=skeleton:lapeosh+gloss
lapip	Lapip	pipe... +5			practical1886	6	yes	conf=A; validated=skeleton:lapeep+gloss; raw=Lapip, pipe... +5
laplash	laplash				rudiments1924		yes	conf=A; validated=exact:laplash; section=durieu-1879-vocabulary; ocr_gloss=beards; raw=laplash, 49 plank, beards,
laplash	Laplash	plank, board Laplash moolin, Saw-mill			practical1886	6	yes	conf=A; validated=exact:laplash+gloss; gloss_unverified=yes; raw=Laplash, plank, board Laplash moolin, Saw-mill Sapplel mooln, flour mill Laklé, ey
laplash	La-plash	A board		n	gibbs1863	14	no	conf=A; validated=exact:laplash; etym=French, LA BLANCHE
laplash	La-plash	A board. La-po-el, A frying pan			hibben1889	12	no	conf=A; validated=exact:laplash
laplash	La-plas'h	A board; lumber; plank		n	shaw1909	14	no	conf=A; validated=exact:laplash; section=lexicon; origin=French; etym=French,-La planche
laplash	La-plash	A board; a plank			gill1909	65	no	conf=A; validated=exact:laplash; origin=French
laplash	La-plash	A board			gill1887	43	no	conf=A; validated=exact:laplash
laplash	Laplash	plank, vou			demers1871		no	conf=A; validated=exact:laplash+gloss; gloss_unverified=yes
laplash	La-plash	A board		n	long1909		no	conf=A; validated=exact:laplash+gloss; align=head/gloss runs paired by line count
laplash moolin	laplash moolin	Saw will			rudiments1924		yes	conf=C; section=durieu-1879-vocabulary; raw=laplash moolin, Saw will,
laplitas	Laplitas				demers1871		no	conf=B; validated=witness:rudiments1924:lo pelitas; ocr_gloss=penance, confession
lapoel	La-po-el	A frying-pan		n	gibbs1863	14	no	conf=A; validated=exact:lapoel; etym=French, LA POELE
lapoel	La-po-el	a frying pan, (a stove. - Hale.)			shaw1909	35	no	conf=A; validated=exact:lapoel; section=supplemental; origin=French
lapoel	La-po-el	A frying pan			gill1887	43	no	conf=A; validated=exact:lapoel
lapoell	La-po-ell|La-p6-ell	A frying pan			gill1909	65	no	conf=A; validated=skeleton:lapoel; ocr=head digit/capital read as accented vowel; origin=French
lapoen	Lapoen	frying pan			demers1871		no	conf=B; validated=skeleton:lepan
lapome	La-pome	An apple		n	gibbs1863	14	no	conf=A; validated=exact:lapome; etym=French, LA POMME
lapome	La-pome	An apple			hibben1889	12	no	conf=A; validated=exact:lapome
lapome	La-pome	An apple. (The word apple is now used on Puget Sound.)		n	shaw1909	14	no	conf=A; validated=exact:lapome; section=lexicon; origin=French; etym=French,-La pomme
lapool	La-pool	A fowl; poultry		n	gibbs1863	14	no	conf=A; validated=exact:lapool; etym=French, LA POULE
lapool	La-pool	A fowl; poultry			hibben1889	12	no	conf=A; validated=exact:lapool
lapool	La-pool	fowl; poultry			shaw1909	35	no	conf=A; validated=exact:lapool; section=supplemental; origin=French
lapool	La-pool	A hen; poultry			gill1909	65	no	conf=A; validated=exact:lapool; origin=French
lapool	La-pool	A fowl. La-pool Si-wash			gill1887	43	no	conf=A; validated=exact:lapool
lapooshef	La-poo-shef	A fork		n	long1909		no	conf=B; validated=edit1:lapooshet+gloss; align=head/gloss runs paired by line count
lapooshet	La-poo-shet	A fork			hibben1889	12	no	conf=A; validated=exact:lapooshet
lapooshet	La-poo-shet	A fork			gill1887	43	no	conf=A; validated=exact:lapooshet
lapooshett	La-poo-shett	A fork; hayfork			gill1909	65	no	conf=A; validated=skeleton:lapooshet; origin=French
lapoosliet	La-poo-sliet	fork			shaw1909	35	no	conf=B; near=lapooshet; single_source=yes; section=supplemental; origin=French
laport	Laport	door			practical1886	6	yes	conf=B; validated=skeleton-edit1:lapote+gloss; raw=Laport, door
lapot	Lapot				demers1871		no	conf=B; validated=skeleton:lapote; ocr_gloss=dook,!))...8rm 6 Lakle, keys!) rifle
lapote	La-pote	A door			hibben1889	12	no	conf=A; validated=exact:lapote
lapote	La-pote	A door. La-push, see laboos		n	shaw1909	14	no	conf=A; validated=exact:lapote; section=lexicon; origin=French; etym=French,-La porte
lapote	La-pote	A door			gill1909	65	no	conf=A; validated=exact:lapote; origin=French
lapote	La-pote	A door			gill1887	43	no	conf=A; validated=exact:lapote
lapuel	Lapuel	frying pan			demers1871		no	conf=A; validated=skeleton:lapoel+gloss
lapush	Lapush	mouth, ) 'r4l			demers1871		no	conf=B; validated=skeleton:lapehsh
lapushet	Lapushet				demers1871		no	conf=B; validated=skeleton:lapooshet; ocr_gloss=ws rnp gd
lasanjel	La-sanjel	A girth; a sash; a belt			hibben1889	12	no	conf=A; validated=exact:lasanjel
lasanjel	La-sanjel	girth, sash, belt			shaw1909	35	no	conf=A; validated=exact:lasanjel; section=supplemental; origin=French
lasanjel	La-san-jel	A girth, sash or belt			gill1887	43	no	conf=A; validated=exact:lasanjel
lasanjel	La-san-jel	A girth		n	long1909		no	conf=A; validated=exact:lasanjel+gloss; align=head/gloss runs paired by line count
lasee	La-see	A saw			hibben1889	12	no	conf=A; validated=exact:lasee
lasee	La-see	a saw			shaw1909	35	no	conf=A; validated=exact:lasee; section=supplemental; origin=French
lasee	La-see	A saw			gill1909	65	no	conf=A; validated=exact:lasee; origin=French
lasee	La-see	A saw			gill1887	43	no	conf=A; validated=exact:lasee
lasee	La-see	A saw		n	long1909		no	conf=A; validated=exact:lasee+gloss; align=head/gloss runs paired by line count
lasel	Lasel	saddle			demers1871		no	conf=A; validated=skeleton:lasell+gloss
lasell	La-sell	A saddle		n	gibbs1863	14	no	conf=A; validated=exact:lasell; etym=French, LA SELLE
lasell	La-sell	A saddle			hibben1889	12	no	conf=A; validated=exact:lasell
lasell	La-sell	saddle			shaw1909	35	no	conf=A; validated=exact:lasell; section=supplemental; origin=French
lasell	La-sell	A saddle			gill1909	65	no	conf=A; validated=exact:lasell; origin=French
lasell	La-sell	A saddle			gill1887	43	no	conf=A; validated=exact:lasell
laselle	laselle	saddle			rudiments1924		yes	conf=A; validated=skeleton:lasell+gloss; section=other-districts; raw=laselle, A%, saddle,
lashal loo	La-shal loo|La-shal-lee	A plough. La slian del, n		n	gibbs1863	14	no	conf=B; single_source=yes; etym=French, LA CHARRUE
lashalloo	La-shal-loo	A plough			hibben1889	12	no	conf=A; validated=exact:lashalloo
lashalloo	La'-shal-loo	plough			shaw1909	35	no	conf=A; validated=exact:lashalloo; section=supplemental; origin=French
lashalloo	La-shal-loo	A plough			gill1909	65	no	conf=A; validated=exact:lashalloo; origin=French
lashalloo	La-shal-loo			n	long1909		no	conf=B; validated=exact:lashalloo; unverified_gloss=A saddle; align=head/gloss runs paired by line count
lashancel	Lashancel	candle			practical1886	6	yes	conf=B; validated=edit1:lashandel+gloss; raw=Lashancel, candle
lashandel	lashandel	candle			rudiments1924		yes	conf=A; validated=exact:lashandel+gloss; section=durieu-1879-vocabulary; ocr_gloss=Cay candle; gloss_cleaned=unknown OCR tokens dropped; raw=lashandel, Cay candle,
lashandel	La-shan-del	A candle			hibben1889	12	no	conf=A; validated=exact:lashandel
lashandel	La-shan'-del	a candle			shaw1909	35	no	conf=A; validated=exact:lashandel; section=supplemental; origin=French
lashandel	La-shan-del	A candle			gill1909	65	no	conf=A; validated=exact:lashandel; origin=French
lashandel	La-shan-del	A candle			gill1887	43	no	conf=A; validated=exact:lashandel
lashandel	La-shan-del			n	long1909		no	conf=B; validated=exact:lashandel; unverified_gloss=A plow; align=head/gloss runs paired by line count
lashanshel	Lashanshel	belt			demers1871		no	conf=B; validated=skeleton-edit1:lasanjel+gloss
lashantel	Lashantel	candle			demers1871		no	conf=B; validated=edit1:lashandel+gloss
lashase	La-shase	A chair		n	gibbs1863	14	no	conf=A; validated=exact:lashase; etym=French, LA CHAISE
lashase	La-shase	A chair			hibben1889	12	no	conf=A; validated=exact:lashase
lashase	La-shase	chair. La-sben'f (F), a chain			shaw1909	35	no	conf=A; validated=exact:lashase; section=supplemental; origin=French
lashase	La-shase	A chair			gill1909	65	no	conf=A; validated=exact:lashase; origin=French
lashase	La-shase	A chair			gill1887	43	no	conf=A; validated=exact:lashase
lashase	La-shase			n	long1909		no	conf=B; validated=exact:lashase; unverified_gloss=A candle; align=head/gloss runs paired by line count
lashe n	La-she"n	A chain			gill1887	43	no	conf=C
lasheminay	La-shem'-i-nay	The chimney			gill1909	65	no	conf=B; near=oleman; single_source=yes
lashen	La-shen	A chain		n	gibbs1863	14	no	conf=A; validated=exact:lashen; etym=French, LA CHAINE
lashen	La-shen	A chain			hibben1889	12	no	conf=A; validated=exact:lashen
lashen	La-shen	A chain			gill1909	65	no	conf=A; validated=exact:lashen; origin=French
lashen	Lashen	chain." « t			demers1871		no	conf=A; validated=exact:lashen+gloss
lashen	La-shen			n	long1909		no	conf=B; validated=exact:lashen; unverified_gloss=A chair; align=head/gloss runs paired by line count
lashes	Lashes	chair:' peg			demers1871		no	conf=A; validated=skeleton:lashase+gloss; gloss_unverified=yes
lashey	La-shey	Barley			gill1909	65	no	conf=B; near=lashen; single_source=yes
lasote	lasote				rudiments1924		yes	conf=B; validated=skeleton:lassiet; section=other-districts; gloss_state=unrecovered; raw=lasote, "6, sclk,
lasoy	La-soy	Silk; satin			gill1909	65	no	conf=A; validated=exact:lasoy; origin=French
lasoy	La-soy	Silk; silken			gill1887	43	no	conf=A; validated=exact:lasoy
lassi	Lassi	saw			practical1886	6	yes	conf=A; validated=skeleton:lasee+gloss; raw=Lassi, saw Aias 86, long saw Kross ket s6, cross cut saw
lassiet	Las-siet	A plate		n	gibbs1863	14	no	conf=A; validated=exact:lassiet; etym=French, L'ASSIETTE
lassiet	Las-siet	<A plate			hibben1889	12	no	conf=A; validated=exact:lassiet
lassiet	Las-siet	a plate			shaw1909	35	no	conf=A; validated=exact:lassiet; section=supplemental; origin=French
lassiett	Las-siett	A plate or dish			gill1909	65	no	conf=A; validated=skeleton:lassiet; origin=French
lassseet	L'ass-se-et	A plate			gill1887	43	no	conf=A; validated=skeleton:lassiet
laswa	Laswa	silk			demers1871		no	conf=A; validated=skeleton:lasway+gloss
lasway	La-sway	Silk; silken		n,adj	gibbs1863	14	no	conf=A; validated=exact:lasway; etym=French, LA SOIE
lasway	La-sway	Silk; silken			hibben1889	12	no	conf=A; validated=exact:lasway
lasway	La-sway	silk, silken			shaw1909	35	no	conf=A; validated=exact:lasway; section=supplemental; origin=French
lasway	La-sway			n,adj	long1909		no	conf=B; validated=exact:lasway; unverified_gloss=A plate; align=head/gloss runs paired by line count
latab	Latab	table			practical1886	5	yes	conf=A; validated=skeleton:latabb+gloss; raw=Latab, table
latabb	La-tabb	table			shaw1909	35	no	conf=A; validated=skeleton:latahb; section=supplemental; origin=French
latable	latable				rudiments1898	10	yes	conf=B; validated=skeleton-edit1:latabb+gloss; section=words-from-french; ocr_gloss=A table EARL; raw=latable A, table EARL
latahb	La-tahb	A table			hibben1889	12	no	conf=A; validated=exact:latahb
latahb	La-tahb	A table			gill1909	65	no	conf=A; validated=exact:latahb; origin=French
latahb	La-tahb	A table			gill1887	43	no	conf=A; validated=exact:latahb
latahb	La-tahb			n	long1909		no	conf=B; validated=exact:latahb; unverified_gloss=Silk, silken; align=head/gloss runs paired by line count
latap	Latap|latam	table * Lahashy ax			demers1871		no	conf=C; gloss_unverified=yes
latate	La-tate	The head			gill1887	43	no	conf=A; validated=skeleton:latet
latet	latet|Latet				rudiments1924		yes	conf=A; validated=exact:latet; section=durieu-1879-vocabulary; gloss_state=unrecovered; raw=latet, fl. ftir,
latet	La-tet	The head. Pil latet, red-headed		n	gibbs1863	14	no	conf=A; validated=exact:latet; etym=French, LA TETE
latet	La-tet	The bead. Pil latet, red-jieaded			hibben1889	12	no	conf=A; validated=exact:latet
latet	Latet	head			demers1871		no	conf=A; validated=exact:latet+gloss
latlah	La-tlah	A noise. Mamook latlah, to make a noise		n	gibbs1863	14	no	conf=A; validated=exact:latlah; etym=French, TRAIN, as, " ne faites pas de train." (Ander son)
latlah	La-tlah	A noise. Mamook latlah, to make a noise			hibben1889	12	no	conf=A; validated=exact:latlah
latlah	La-tlah	noise			shaw1909	35	no	conf=A; validated=exact:latlah; section=supplemental; origin=French
latlah	La-tlah	A noise; a disturbance			gill1909	65	no	conf=A; validated=exact:latlah; origin=French
latlah	La-tlah	A noise			gill1887	43	no	conf=A; validated=exact:latlah
lavket	lavket	four			rudiments1924		yes	conf=B; validated=skeleton-edit1:lakit+gloss; section=163-original-words; raw=lavket, AL, four,
law	Law	A law; command; decree; rule; mandate; statutes		n	shaw1909	14	no	conf=B; single_source=yes; section=lexicon; etym=English,-idem
laween	La-ween	Oats			hibben1889	12	no	conf=A; validated=skeleton:lawen
lawen	La-wen	Oats		n	gibbs1863	14	no	conf=A; validated=exact:lawen; etym=French, L'AVOINE
lawen	La-wen	Oats		n	shaw1909	14	no	conf=A; validated=exact:lawen; section=lexicon; origin=French; etym=French.-L'avoine
lawen	La-wen	Oats			gill1909	65	no	conf=A; validated=exact:lawen; origin=French
lawen	La-wen			n	long1909		no	conf=B; validated=exact:lawen; unverified_gloss=A noise; align=head/gloss runs paired by line count
lawest	La-west	A waistcoat		n	gibbs1863	14	no	conf=A; validated=exact:lawest; etym=French, LA VESTE
lawest	La-west	<A waistcoat			hibben1889	12	no	conf=A; validated=exact:lawest
lawest	La-west	waist-coat, vest			shaw1909	35	no	conf=A; validated=exact:lawest; section=supplemental; origin=French
lawest	La-west	A vest or waistcoat			gill1909	65	no	conf=A; validated=exact:lawest; origin=French
lawest	La-west	A vest			gill1887	43	no	conf=A; validated=exact:lawest
lawest	Lawest	vest			demers1871		no	conf=A; validated=exact:lawest+gloss
lawin	La-win	Oats			gill1887	43	no	conf=A; validated=skeleton:laween
lawlow	Lawlow	round			demers1871		no	conf=B; validated=skeleton-edit1:lowiillo+gloss
lawsuk	Law'-suk	To dance; dance			gill1909	65	no	conf=B; near=lesak; single_source=yes; origin=Old Chinook
lazy	Lazy	Lazy. Le-bah-do (often pronounced lab'-a-do), n		adj	gibbs1863	14	no	conf=A; validated=exact:lazy; etym=English, idem
lazy	Lazy	Lazy			hibben1889	12	no	conf=A; validated=exact:lazy
lazy	Lazy	Same as in English			gill1909	65	no	conf=A; validated=exact:lazy
lazy	Lazy	Idle			gill1887	43	no	conf=A; validated=exact:lazy
lazy	Lazy			adj	long1909		no	conf=B; validated=exact:lazy; unverified_gloss=Vest, waistcoat; align=head/gloss runs paired by line count
le biscust	le biscust	crackers			rudiments1924		yes	conf=C; section=other-districts; raw=le biscust, 71, , crackers,
le biskwie	Le bis'-kwie	biscuit, crackers, hard bread			shaw1909	35	no	conf=B; single_source=yes; section=supplemental; origin=French
le chapelet	le chapelet	beads			rudiments1898	10	yes	conf=C; section=words-from-french; ocr_gloss=beads SS; gloss_cleaned=unknown OCR tokens dropped; raw=le chapelet Zrm> beads SS,
le cock	le cock				rudiments1924		yes	conf=A; validated=exact:le cock; section=other-districts; ocr_gloss=rwoster; raw=le cock, 7g, rwoster,
le cock	Le cock	A cock; a fowl		n	gibbs1863	14	no	conf=B; single_source=yes; etym=French, LE COQ
le mouton	le mouton	sheep			rudiments1924		yes	conf=B; validated=witness:rudiments1898:le mouton; section=other-districts; raw=le mouton, "G55, sheep,
le mouton	le mouton	sheep a			rudiments1898	10	yes	conf=B; validated=witness:rudiments1924:le mouton; section=words-from-french; raw=le mouton "on sheep a
le oba	Le-1o-ba|Le-16-ba	A ribbon			gill1887	44	no	conf=C; ocr=head digit/capital read as accented vowel
le pap	le Pap	The Lope			rudiments1924		yes	conf=C; section=durieu-1879-vocabulary; raw=le Pap, The Lope,
le pech	le pech	six sis			rudiments1898	10	yes	conf=C; section=words-from-french; raw=le pech! six sis
le piege	le piege	Cap			rudiments1924		yes	conf=C; section=other-districts; raw=le piege, "un, Cap,
le plat	le plat	dish			rudiments1898	9	yes	conf=C; section=chinook-vocabulary; raw=le plat "eo dish
le pois	le pois	peas			rudiments1924		yes	conf=C; section=other-districts; raw=le pois, ~"~p, "peas,
le pretre	le pretre	priest			rudiments1898	9	yes	conf=C; section=chinook-vocabulary; ocr_gloss=Ap priest; gloss_cleaned=unknown OCR tokens dropped; raw=le pretre Ap priest
le seeblo	Le- see-blo	spurs			shaw1909	35	no	conf=B; single_source=yes; section=supplemental; origin=French
lebabdo	Le-bab-do|La-ba-do	a shingle			shaw1909	35	no	conf=A; validated=skeleton:lebahdo; section=supplemental; origin=French
lebado	lebado				rudiments1924		yes	conf=B; validated=skeleton:lebabdo; section=other-districts; ocr_gloss=No Single; raw=lebado, No Single,
lebahdo	Le-bah-do	A shingle			hibben1889	12	no	conf=A; validated=exact:lebahdo
lebahdo	Le-bah-do	A shingle			gill1887	43	no	conf=A; validated=exact:lebahdo
lebahdo	Le-bah-do			n	long1909		no	conf=B; validated=exact:lebahdo; unverified_gloss=Lazy, worthless; align=head/gloss runs paired by line count
lebal	Le-bal	<A ball; builet			hibben1889	12	no	conf=A; validated=exact:lebal
lebal	Le-bal	A ball; bullet			gill1909	65	no	conf=A; validated=exact:lebal; origin=French
lebal	Le-bal	A ball*; bullet; shot.'			gill1887	43	no	conf=A; validated=exact:lebal
lebardo	Le-bar'-do	A shingle; shingles			gill1909	65	no	conf=B; near=lebabdo; single_source=yes; origin=French
lebat	Le-baT	A ball; bullet		n	gibbs1863	14	no	conf=A; validated=skeleton:labootai; etym=French, idem
lebiskwee	Le-bis-kwee	Biscuit; crackers; ship-bread			gill1909	65	no	conf=A; validated=exact:lebiskwee; origin=French
lebiskwee	Le-bis-kwee	Biscuit; hard-bread			gill1887	43	no	conf=A; validated=exact:lebiskwee
lebiskwie	Le-bis'-kwie	Biscuit; crackers; hard bread		n	gibbs1863	14	no	conf=A; validated=exact:lebiskwie; etym=French, LE BISCUIT
lebiskwie	Le-bis-kwie	Biscuit; cracker; hard bread			hibben1889	12	no	conf=A; validated=exact:lebiskwie
lebiskwie	Le-bis-kwie			n	long1909		no	conf=B; validated=exact:lebiskwie; unverified_gloss=A ball, bullet; align=head/gloss runs paired by line count
leblau	Le-blau	(F.). A sorrel horse; chestnut-col¬ ored			gill1909	65	no	conf=A; validated=exact:leblau; origin=blond
leblau	Le-blau	A sorrel horse; chestnut colored			gill1887	43	no	conf=A; validated=exact:leblau
lebley	Le-bley	Wheat			gill1909	65	no	conf=A; validated=exact:lebley; origin=French
lebley	Le-bley	Wheat			gill1887	43	no	conf=A; validated=exact:lebley
leblou	Le-blou	<A sorrel horse; chestnut colored			hibben1889	12	no	conf=A; validated=skeleton:leblau
lecaille	lecaille				rudiments1924		yes	conf=B; validated=skeleton:lacloa; section=other-districts; ocr_gloss=prnto; raw=lecaille, +4, prnto,
leclem	Le-clem	Cream colored;acream colored or light dun horse			hibben1889	12	no	conf=A; validated=exact:leclem
leclem	Le-clem	cream-colored			shaw1909	35	no	conf=A; validated=exact:leclem; section=supplemental; origin=French
leclem	Le-clem	Cream; cream-colored; a			gill1909	65	no	conf=A; validated=exact:leclem; origin=French
leclem	Le-clem	Cream color; light dun			gill1887	43	no	conf=A; validated=exact:leclem
lecloo	lecloo				rudiments1924		yes	conf=B; validated=skeleton:lacloa; section=durieu-1879-vocabulary; gloss_state=unrecovered; raw=lecloo, %o nals,
lecloo	Lecloo	nails			practical1886	6	yes	conf=B; validated=skeleton:lacloa; raw=Lecloo, nails
lecock	Le-cock	<A cock; a fowl			hibben1889	12	no	conf=A; validated=exact:lecock
lecock	Le-cock	a cock; a fowl			shaw1909	35	no	conf=A; validated=exact:lecock; section=supplemental; origin=French
lecock	Le-cock			n	long1909		no	conf=B; validated=exact:lecock; unverified_gloss=Cream; align=head/gloss runs paired by line count
lecok	Le-cok	A cock; a fowl			gill1909	65	no	conf=A; validated=exact:lecok; origin=French
lecok	Le-cok	A cockerel; a cock			gill1887	43	no	conf=A; validated=exact:lecok
lecoo	Le-coo	The neck			gill1909	65	no	conf=A; validated=skeleton:lekoo; origin=French
lecou	lecou	neck			rudiments1924		yes	conf=A; validated=skeleton:lecoo+gloss; section=other-districts; raw=lecou, 72, neck,
ledan	Ledan	teeth			practical1886	8	yes	conf=C; validated=edit1:lepan; raw=Ledan, teeth
ledoo	Le-doo	A finger. Le-gley, «., adj		n	gibbs1863	14	no	conf=A; validated=exact:ledoo; etym=French, LE DOIGT
ledoo	Le-doo	A finger			hibben1889	12	no	conf=A; validated=exact:ledoo
ledoo	Le-doo	finger			shaw1909	35	no	conf=A; validated=exact:ledoo; section=supplemental; origin=French
ledoo	Le-doo	A finger			gill1909	65	no	conf=A; validated=exact:ledoo; origin=French
ledoo	Le-doo	A finger; fingers			gill1887	43	no	conf=A; validated=exact:ledoo
ledoo	Le-doo			n	long1909		no	conf=B; validated=exact:ledoo; unverified_gloss=A cock, male bird; align=head/gloss runs paired by line count
legley	Le-gley	A gray horse; gray			hibben1889	12	no	conf=A; validated=exact:legley
legley	Le-g-ley	a gray horse; gray			shaw1909	35	no	conf=A; validated=exact:legley; section=supplemental; origin=F & E
legley	Le-gley	Gray; a gray horse			gill1909	65	no	conf=A; validated=exact:legley; origin=French
legley	Le-gley	A gray horse, gray			gill1887	44	no	conf=A; validated=exact:legley
leiom	Leiom|leiop	the devil			demers1871		no	conf=C
lejaub	Le-jaub				gibbs1863	15	no	conf=A; validated=exact:lejaub; type=crossref; xref=DIAUB
lejaub	Le-jaub				hibben1889	12	no	conf=A; validated=exact:lejaub; type=crossref; xref=Diaub. |
lejaub	Le-jaub	The devil; satan; a demon		n	shaw1909	14	no	conf=A; validated=exact:lejaub; section=lexicon; origin=French; etym=French.-Diable
lejaub	Le-jaub	(See Deaub.)			gill1909	65	no	conf=A; validated=exact:lejaub
lek	Lek	lake; he, Lanta am f peat et inal			demers1871		no	conf=B; validated=witness:practical1886:lake; gloss_unverified=yes
lekalem	Lekalem				practical1886	17	yes	conf=B; validated=skeleton:leclem; type=religious; ocr=row-aligned two-column table; ocr_gloss=Lent
lekalisti	Lekalisti				practical1886	17	yes	conf=B; validated=witness:demers1871:lukalisti; type=religious; ocr=row-aligned two-column table; ocr_gloss=Eucharist
lekateta	Lekateta				rudiments1924		yes	conf=B; validated=skeleton:lakit; section=durieu-1879-vocabulary; gloss_state=unrecovered; raw=Lekateta, ésnber axys,
lekatlta	Lekatl-ta	Kmber-Days			practical1886	17	yes	conf=C; validated=skeleton-edit1:lacalat; type=religious; ocr=row-aligned two-column table; gloss_unverified=yes
lekeh	Lekeh	cock			demers1871		no	conf=A; validated=skeleton:lecock+gloss
lekleh	Le-kleh	A key. Mamook le kleh, lock the door		n	gibbs1863	15	no	conf=A; validated=exact:lekleh; etym=French, LE CLEF
lekleh	Le-kleh	A key. Mamook lekleh, lock the door			hibben1889	12	no	conf=A; validated=exact:lekleh
lekleh	Le-kleh	A key		n	shaw1909	14	no	conf=A; validated=exact:lekleh; section=lexicon; origin=French; etym=French,-Le clef
lekleh	Le-kleh	A key			gill1909	65	no	conf=A; validated=exact:lekleh; origin=French
lekleh	Le-kleh	A key. Le-kloo A nail; nails			gill1887	44	no	conf=A; validated=exact:lekleh
leklo	Le-klo	A nail; nails			hibben1889	12	no	conf=A; validated=skeleton:lekleh
lekloo	Le-kloo	A nail; nails		n	gibbs1863	15	no	conf=A; validated=exact:lekloo; etym=French, LE CLOU
lekloo	Le-kloo	nail; nails			shaw1909	35	no	conf=A; validated=exact:lekloo; section=supplemental; origin=French
lekloo	Le-kloo	A nail; nails			gill1909	65	no	conf=A; validated=exact:lekloo; origin=French
leklu	Leklu	nail,"			demers1871		no	conf=A; validated=skeleton:lekleh+gloss
lekoo	Le-koo	The neck		n	gibbs1863	15	no	conf=A; validated=exact:lekoo; etym=French, LE cou
lekoo	Le-koo	The neck			hibben1889	12	no	conf=A; validated=exact:lekoo
lekoo	Le-koo	neck			shaw1909	35	no	conf=A; validated=exact:lekoo; section=supplemental; origin=French
lekoo	Le-koo	The neck			gill1887	44	no	conf=A; validated=exact:lekoo
lekwin	Lekwin	hand saw			demers1871		no	conf=B; validated=skeleton-edit1:lagwin+gloss
lekye	Le-ky'e	Mr. Anderson derives this from a Canadian word caille, meaning a piebald horse		n,adj	gibbs1863	15	no	conf=A; validated=exact:lekye
lekye	Le-kye	<A spot; spotted or speckled			hibben1889	12	no	conf=A; validated=exact:lekye
lekye	Le-ky'e	spot; spotted; a piebald horse			shaw1909	35	no	conf=A; validated=exact:lekye; section=supplemental; origin=?
lekye	Le-kye	A piebald horse; a spot; speckled; spot¬ ted			gill1909	65	no	conf=A; validated=exact:lekye; origin=French
lekye	Le-kye	A spot; spotted; speckled			gill1887	44	no	conf=A; validated=exact:lekye
lele	Lele	along time Na! say! here!			practical1886	13	yes	conf=C; gloss_unverified=yes; raw=Lele, along time Na! say! here!
leloba	Le-lo'-ba	A ribbon			gibbs1863	15	no	conf=A; validated=exact:leloba; pos_ocr=garbled; etym=French, LE RUBAN
leloba	Le-lo'-ba	ribbon			shaw1909	35	no	conf=A; validated=exact:leloba; section=supplemental; origin=French
leloba	Le-lo'-ba	Ribbon			gill1909	65	no	conf=A; validated=exact:leloba; origin=French
leloo	leloo				rudiments1924		yes	conf=A; validated=exact:leloo; section=durieu-1879-vocabulary; gloss_state=unrecovered; raw=leloo, 7A wilt,
leloo	Leloo	wolf			practical1886	5	yes	conf=A; validated=exact:leloo+gloss; raw=Leloo, wolf
leloo	Le-loo	A wolf (the large wolf)		n	gibbs1863	15	no	conf=A; validated=exact:leloo; etym=French, LE LOUP
leloo	Le-loo	<A wolf., -Le-mah			hibben1889	12	no	conf=A; validated=exact:leloo
leloo	Le-loo	wolf			shaw1909	35	no	conf=A; validated=exact:leloo; section=supplemental; origin=French
leloo	Le-loo	The big gray wolf			gill1909	65	no	conf=A; validated=exact:leloo; origin=French
leloo	Le-loo	A wolf			gill1887	44	no	conf=A; validated=exact:leloo
leloo	Le-loo	A wolf			long1909		no	conf=A; validated=exact:leloo+gloss; align=head/gloss runs paired by line count
lemah	Le-mah|Leh-ma	The hand; the arm		n	gibbs1863	15	no	conf=A; validated=exact:lemah; etym=French, LA MAIN
lemah	Le'-mah|Leh'ma	The hand; the arm; thumb; finders; sleeve; handle; limb or knot of a tree		n	shaw1909	14	no	conf=A; validated=exact:lemah; section=lexicon; origin=French; etym=French,- La main
lemah	Le-mah	The hand; the arms			gill1909	65	no	conf=A; validated=exact:lemah; origin=French
lemah	Le-mah	The hand or arm			gill1887	44	no	conf=A; validated=exact:lemah
lemah	Le-mah	The hand; the arm		n	long1909		no	conf=A; validated=exact:lemah+gloss; align=head/gloss runs paired by line count
lemah kl she	Le-mah kl5she	The right hand			gill1887	44	no	conf=C; type=phrase
lemahto	Le-mah-to	A hammer		n	gibbs1863	15	no	conf=A; validated=exact:lemahto; etym=French, LE MARTEAU
lemahto	Le-mah-to	A hammer			hibben1889	13	no	conf=A; validated=exact:lemahto
lemahto	Le-mah-to	hammer			shaw1909	35	no	conf=A; validated=exact:lemahto; section=supplemental; origin=French
lemahto	Le-mah'-to	A hammer			gill1909	65	no	conf=A; validated=exact:lemahto; origin=French
lemahto	Le-mah-to	A hammer			gill1887	44	no	conf=A; validated=exact:lemahto
lemahto	Le-mah-to	A hammer		n	long1909		no	conf=A; validated=exact:lemahto+gloss; align=head/gloss runs paired by line count
lemai	Lemai	hands			practical1886	8	yes	conf=A; validated=skeleton:lemah+gloss; raw=Lemai, hands
lemai	Lemai	fandj sooto, handle' arm, finger.: ° Lie			demers1871		no	conf=A; validated=skeleton:lemah+gloss; gloss_unverified=yes
lemaliay	Lemaliay	Matrimony			practical1886	17	yes	conf=B; validated=skeleton:lemel; type=religious; ocr=row-aligned two-column table
lemalo	Lemalo	wild			practical1886	11	yes	conf=A; validated=skeleton:lemolo+gloss; raw=Lemalo, wild
lematto	Lematto	hammer			demers1871		no	conf=A; validated=skeleton:lemahto+gloss
lemel	Le-mel	A mule. Le-xno'-lo, »., adj		n	gibbs1863	15	no	conf=A; validated=exact:lemel; etym=French, LE MULET
lemel	Le-mel	A mule			hibben1889	13	no	conf=A; validated=exact:lemel
lemel	Le-'mel	A mule		n	shaw1909	14	no	conf=A; validated=exact:lemel; section=lexicon; origin=French; etym=Le mool, on Puget Sound
lemel	Le-mel	A mule			gill1909	65	no	conf=A; validated=exact:lemel; origin=French
lemel	Le-mel	The mule			gill1887	44	no	conf=A; validated=exact:lemel
lemold	Le-mo'ld	One that has escaped; wild; untamed			gill1909	65	no	conf=B; near=lemolo; single_source=yes; origin=French
lemolo	Le-mo-lo	Wild; untamed			hibben1889	13	no	conf=A; validated=exact:lemolo
lemolo	Le-mo'-lo	Wild; untamed; skittish; uncivilized		n,adj	shaw1909	14	no	conf=A; validated=exact:lemolo; section=lexicon; etym=Fr. Canadian,- Le moron, undoubtedly a corruption of Marron, a runaway negro. It applies to men as ...
lemolo	Le-mo-lo	Wild; untamed			gill1887	44	no	conf=A; validated=exact:lemolo
lemolo	Lemolo	wild, skittish			demers1871		no	conf=A; validated=exact:lemolo+gloss
lemolo	Le-mo'-lo	Wild; untamed		n,adj	long1909		no	conf=A; validated=exact:lemolo+gloss; align=head/gloss runs paired by line count
lemooto	Le-moo'-to|Lam'-mu-to	Sheep		n	gibbs1863	15	no	conf=A; validated=exact:lemooto; etym=French, LES MOUTONS
lemooto	Le-moo'-to|Lam-mu'-to	Sheep. The word sheep is rapidly taking its place.) - Eells		n	shaw1909	14	no	conf=A; validated=exact:lemooto; section=lexicon; origin=French; etym=French,-Les moutons
lemooto	Le-moo'-to	Sheep; a flock of sheep			gill1909	65	no	conf=A; validated=exact:lemooto; origin=French
lemooto	Le-moo-to	Sheep			gill1887	44	no	conf=A; validated=exact:lemooto
lemooto	Le-moo'-to	Sheep		n	long1909		no	conf=A; validated=exact:lemooto+gloss; align=head/gloss runs paired by line count
lemoto	Le-mo-to	Sheep			hibben1889	13	no	conf=A; validated=skeleton:lemooto
lemulai	Lemulai|mulai	mill			demers1871		no	conf=B; validated=skeleton:lemel
lemus	Lemus	fly, gnat			demers1871		no	conf=B; validated=skeleton:lamass; gloss_unverified=yes
lepain	lepain				rudiments1924		yes	conf=B; validated=skeleton:lepan; section=other-districts; ocr_gloss=JSread; raw=lepain, 4, JSread,
lepan	Le-pan	Bread; raised or light bread		n	gibbs1863	15	no	conf=A; validated=exact:lepan; etym=French, LE PAIN
lepan	Le-pan	Bread; raised or light bread			hibben1889	13	no	conf=A; validated=exact:lepan
lepan	Le-pan	bread. Le-pisb'-e-mo, saddle-blanket or housing. (See note under Tatoosh, main vocabulary.)			shaw1909	35	no	conf=A; validated=exact:lepan; section=supplemental; origin=French
lepan	Le-pan	Bread; a loaf of bread			gill1909	65	no	conf=A; validated=exact:lepan; origin=French
lepan	Le-pan	Bread. Also, pi-ah sap-o-lil			gill1887	44	no	conf=A; validated=exact:lepan
lepap	Lepap	The Pope			practical1886	16	yes	conf=C; validated=edit1:lesap; type=religious; ocr=row-aligned two-column table; gloss_unverified=yes
lepeage	Le-pe-age	A trap; a snare			gill1909	65	no	conf=A; validated=skeleton:lapeeage; origin=French
lepee	Le-pee	The feet			gibbs1863	15	no	conf=A; validated=exact:lepee; pos_ocr=garbled; etym=French, LE PIED
lepee	Le-pee	The feet			hibben1889	13	no	conf=A; validated=exact:lepee
lepeea	Le-pee'-a	The foot; feet			gill1909	65	no	conf=A; validated=exact:lepeea; origin=F1
lepeea	Le-pee-a	The feet, or a foot			gill1887	44	no	conf=A; validated=exact:lepeea
lepeshe	Lepeshe				practical1886	17	yes	conf=B; validated=skeleton:lapehsh; type=religious; ocr=row-aligned two-column table; ocr_gloss=y Sine
lepeshe	Lepeshe	sin			demers1871		no	conf=B; validated=skeleton:lapehsh
lepet	Le-pet	A priest. le-pwau			hibben1889	13	no	conf=A; validated=skeleton:lapote
lepet	Lepet				demers1871		no	conf=A; validated=exact:lepet; ocr_gloss=festival, holyday.'
lepie	Lepie	foot, foot-print, track »			demers1871		no	conf=A; validated=skeleton:lepeea+gloss; gloss_unverified=yes
lepishemo	Le-pish'-e-mo	Quaere u. d. The saddle-blanket and housings of a horse		n	gibbs1863	15	no	conf=A; validated=exact:lepishemo
lepishemo	Le-pish-e-mo	The saddle, blankets and housings ofa horse			hibben1889	13	no	conf=A; validated=exact:lepishemo
lepishemo	Le-pish'-e-mo	The saddle blanket and trappings of a horse			gill1909	65	no	conf=A; validated=exact:lepishemo
lepishemo	Le-pish'-e-mo	The saddle blanket and trappings of a horse			gill1887	44	no	conf=A; validated=exact:lepishemo
lepishemo	Le-pish'-e-mo	Saddle trappings		n	long1909		no	conf=A; validated=exact:lepishemo+gloss; align=head/gloss runs paired by line count
lepla	Lepla	plate			rudiments1924		yes	conf=B; validated=skeleton:lapell; section=durieu-1879-vocabulary; raw=Lepla, plate,
lepla	Lepla	dish			practical1886	5	yes	conf=B; validated=skeleton:lapell; raw=Lepla, dish
lepla	Lepla	dish, rarikeveag. /0o4 Lasiet; plate			demers1871		no	conf=B; validated=skeleton:lapell; gloss_unverified=yes
leplate	Le-plate	A priest			gill1909	65	no	conf=A; validated=skeleton:lepleet; origin=French
lepleet	Le-pleet|Le-plate	A priest			gill1887	44	no	conf=A; validated=skeleton:leplate
leplep	lep'lep	boil			rudiments1898	8	yes	conf=A; validated=skeleton:liplip+gloss; section=chinook-vocabulary; ocr_gloss=AA boil; gloss_cleaned=unknown OCR tokens dropped; raw=lep'lep AA boil
leplet	Leplet	The Priest			practical1886	16	yes	conf=A; validated=exact:leplet+gloss; type=religious; ocr=row-aligned two-column table
leplet	Le-plet	A priest		n	gibbs1863	15	no	conf=A; validated=exact:leplet; etym=French, LE PRETRE
leplet	Le-p'let	A priest; minister; clergyman; parson		n	shaw1909	14	no	conf=A; validated=exact:leplet; section=lexicon; origin=French; etym=French,-Le pretre
leplet	Le-plet	A priest		n	long1909		no	conf=A; validated=exact:leplet+gloss; align=head/gloss runs paired by line count
leplit	Leplit	priest			demers1871		no	conf=A; validated=skeleton:leplate+gloss
lepoa	Lepoa	peas			practical1886	6	yes	conf=B; validated=witness:demers1871:lepoa; raw=Lepoa, peas
lepoa	Lepoa	pea			demers1871		no	conf=B; validated=witness:practical1886:lepoa
lepome	Le-pome	The apple			gill1909	65	no	conf=A; validated=exact:lepome; origin=French
lepome	Le-pome	An apple			gill1887	43	no	conf=A; validated=exact:lepome
lepot	lepot				rudiments1924		yes	conf=B; validated=skeleton:lapote; section=durieu-1879-vocabulary; gloss_state=unrecovered; raw=lepot, G4 fly
lepot	Lepot				practical1886	9	yes	conf=B; validated=skeleton:lapote; ocr_gloss=pitcher; raw=Lepot, pitcher
lepul	Lepul	chicken, a <2			demers1871		no	conf=B; validated=skeleton:lapell; gloss_unverified=yes
lepwah	Le-pwah	Peas			gill1909	65	no	conf=A; validated=exact:lepwah; origin=French
lepwah	Le-pwah	Pea or pease			gill1887	44	no	conf=A; validated=exact:lepwah
lepwau	Le-pwau	Peas		n	gibbs1863	15	no	conf=A; validated=exact:lepwau; etym=French, LES POIS
lepwau	Le-pwau	peas			shaw1909	35	no	conf=A; validated=exact:lepwau; section=supplemental; origin=French
leriau	Le-riau	a sorrel horse; chestnut colored			shaw1909	35	no	conf=B; single_source=yes; section=supplemental; origin=French
les enerons	les enerons	Spurs			rudiments1924		yes	conf=C; section=other-districts; raw=les enerons, Ruri, Spurs,
lesac	Le-sac	A sack; a bag			gill1909	65	no	conf=A; validated=skeleton:lesak; origin=French
lesai	Lesai				demers1871		no	conf=B; validated=witness:practical1886:lessai; ocr_gloss=saint, holy.'
lesak	Le-sak	A bag; a pocket		n	gibbs1863	15	no	conf=A; validated=exact:lesak; etym=French, LE SAC
lesak	Le-sak	<A bag; a pocket			hibben1889	13	no	conf=A; validated=exact:lesak
lesak	Lesak				demers1871		no	conf=A; validated=exact:lesak+gloss; ocr_gloss=bag, sic" tied "
lesanjel	Le-sanjel	A saddle girth; a sash or belt			gill1909	65	no	conf=A; validated=skeleton:lasanjel; origin=French
lesap	Le-sap|Le-zep	An egg; eggs		n	gibbs1863	15	no	conf=A; validated=exact:lesap; etym=French, LES CEUFS
lesap	Le-sap	An egg; eggs			hibben1889	13	no	conf=A; validated=exact:lesap
lesap	Le-sap	eerg; eggs			shaw1909	35	no	conf=A; validated=exact:lesap; section=supplemental; origin=French
lesapot	Lesapot	The Apostles			practical1886	16	yes	conf=C; validated=skeleton-edit1:lapote; type=religious; ocr=row-aligned two-column table; gloss_unverified=yes
lese	Lese	idle, lazy, indolent			demers1871		no	conf=C; validated=edit1:lesep; gloss_unverified=yes
leseebld	Le-see'-bld	Spurs			gill1909	65	no	conf=B; near=leseeblo; single_source=yes; origin=French
leseeblo	Le-see-blo	Spurs		n	gibbs1863	15	no	conf=A; validated=exact:leseeblo; etym=French, LES EPERONS
leseeblo	Le-see-blo	Spurs			hibben1889	13	no	conf=A; validated=exact:leseeblo
leseeblo	Le-see-blo	Spurs			gill1887	44	no	conf=A; validated=exact:leseeblo
leseezo	Le-see-ZO	Scissors		n	gibbs1863	15	no	conf=A; validated=exact:leseezo; etym=French, LE CISEAU
leseezo	Le-see-zo	Scissors. _Le-sook- Sugar			hibben1889	13	no	conf=A; validated=exact:leseezo
leseezo	Le-see'-zo	scissors			shaw1909	35	no	conf=A; validated=exact:leseezo; section=supplemental; origin=French
leseezo	Le-see'-zo	Scissors; shears			gill1909	65	no	conf=A; validated=exact:leseezo; origin=French
leseezo	Le-see-zo	Scissors			gill1887	44	no	conf=A; validated=exact:leseezo
leseezo	Le-see-zo	Scissors		n	long1909		no	conf=A; validated=exact:leseezo+gloss; align=head/gloss runs paired by line count
lesep	Le-sep	Eggs; an egg			gill1909	65	no	conf=A; validated=exact:lesep; origin=French
lesep	Le-sep	An egg; eggs			gill1887	44	no	conf=A; validated=exact:lesep
lesevek	LesEvek				rudiments1924		yes	conf=B; validated=witness:practical1886:lesevek; section=durieu-1879-vocabulary; ocr_gloss=The Bishop; raw=LesEvek, The Bishop,
lesevek	Lesevek	The Bishop			practical1886	16	yes	conf=B; validated=witness:rudiments1924:lesevek; type=religious; ocr=row-aligned two-column table; gloss_unverified=yes
leshal	leshal				rudiments1924		yes	conf=B; validated=skeleton:lasell; section=durieu-1879-vocabulary; ocr_gloss=Sry shawl; raw=leshal, Sry shawl,
leshal	Leshal				practical1886	9	yes	conf=B; validated=skeleton:lasell; ocr_gloss=shawl; raw=Leshal, shawl
leshal	Leshal				demers1871		no	conf=B; validated=skeleton:lasell; ocr_gloss=shawl
leshalloo	Le-shal-loo	A plough			gill1887	44	no	conf=A; validated=skeleton:lashalloo
leshaple	Leshaple	The Rosary			practical1886	17	yes	conf=C; validated=skeleton-edit1:lapell; type=religious; ocr=row-aligned two-column table; gloss_unverified=yes
lesiplo	Lesiplo				demers1871		no	conf=B; validated=skeleton-edit1:leseeblo+gloss; ocr_gloss=spur
lesiso	Lesiso	scissors			demers1871		no	conf=C
leso k	Le-so5k	Sugar			gill1887	44	no	conf=C
lesook	Le-sook	Sugar		n	gibbs1863	15	no	conf=A; validated=exact:lesook; etym=French, LE SUCRE
lesook	Le-sook	sugar			shaw1909	35	no	conf=A; validated=exact:lesook; section=supplemental; origin=French
lesook	Le-sook	Sugar			gill1909	65	no	conf=A; validated=exact:lesook; origin=French
lessai	Lessai	The Saints			practical1886	16	yes	conf=B; validated=witness:demers1871:lesai; type=religious; ocr=row-aligned two-column table; gloss_unverified=yes
lest	Lest	lazy			practical1886	11	yes	conf=B; validated=skeleton:lassiet; raw=Lest, lazy
lesuj	Lesuj	The Angels			practical1886	16	yes	conf=C; type=religious; ocr=row-aligned two-column table; gloss_unverified=yes
letab	Le-tab	the teeth			shaw1909	35	no	conf=A; validated=skeleton:latahb; section=supplemental; origin=French
letah	Le-tah	The teeth		n	gibbs1863	15	no	conf=A; validated=exact:letah; etym=French, LE DENT
letah	Le-tah	The teeth			hibben1889	13	no	conf=A; validated=exact:letah
letah	Le-tah	The teeth		n	long1909		no	conf=A; validated=exact:letah+gloss; align=head/gloss runs paired by line count
letau	Le-tau	The teeth; a tooth			gill1909	65	no	conf=A; validated=skeleton:letah; origin=French
letoh	Le-toh	The teeth			gill1887	44	no	conf=A; validated=skeleton:letah
levi	Levi	desire, have a mind, wish			demers1871		no	conf=C; gloss_unverified=yes
levijil	Levijil	The Vigils			practical1886	17	yes	conf=C; type=religious; ocr=row-aligned two-column table; gloss_unverified=yes
lewet	Le-wet	A whip			gill1909	65	no	conf=A; validated=skeleton:lewhet; origin=French
lewhet	Le-whet	A whip. Mamook lewhet, to whip. ^		n	gibbs1863	15	no	conf=A; validated=exact:lewhet; etym=French, LE FOUKT
lewhet	Le-whet	A whip. Mamook lewhet, to whip			hibben1889	13	no	conf=A; validated=exact:lewhet
lewhet	Le-whet	A whip. Mamook lewhet, to whip		n	shaw1909	14	no	conf=A; validated=exact:lewhet; section=lexicon; origin=French; etym=On Puget Sound, la whi'p
lewhet	Le-whet	A whip			gill1887	44	no	conf=A; validated=exact:lewhet
liapehsh	Lia-pehsh	A pole; the sefting pole of a canoe or boat			hibben1889	12	no	conf=A; validated=skeleton:lapehsh
lice	Lice	Rice. Lik-pu'-hu, or Lik'-po, «. (Hale.) An elder sister		n	gibbs1863	15	no	conf=A; validated=exact:lice; etym=English
lice	Lice	Rice			hibben1889	13	no	conf=A; validated=exact:lice
lice	Lice	Rice		n	shaw1909	14	no	conf=A; validated=exact:lice; section=lexicon; etym=En$rlish,-rice
lice	Lice	Rice			gill1909	65	no	conf=A; validated=exact:lice
lice	Lice	Rice			gill1887	44	no	conf=A; validated=exact:lice
lice	Lice	Rice		n	long1909		no	conf=A; validated=exact:lice+gloss; align=head/gloss runs paired by line count
likpehu	Lik-pe-hu	An elder sister			gill1887	44	no	conf=A; validated=skeleton:likpuhu
likpho	Lik'-p'ho	A girl			gill1909	65	no	conf=B; single_source=yes
likpubu	Lik-pu'-bu	a sister; an elder sister			shaw1909	35	no	conf=B; near=likpuhu; single_source=yes; section=supplemental; origin=?
likpuhu	Lik-pu-hu	An elder sister			hibben1889	13	no	conf=A; validated=skeleton:likpehu
lip lip	Lip -lip	To boil. Mamook liplip, to make, or cause to boil		v	gibbs1863	16	no	conf=A; validated=all-words-attested:lip lip; etym=By onoma. (Hale)
liplip	Lip-lip	To boil. Mamook liplip, to make or cause to boil			hibben1889	13	no	conf=A; validated=exact:liplip
liplip	Lip'-lip	To boil		v	shaw1909	14	no	conf=A; validated=exact:liplip; section=lexicon; etym=by onoma. - Hale
liplip	Lip'-lip	To boil			gill1909	65	no	conf=A; validated=exact:liplip
liplip	Lip-lip	To boil			gill1887	44	no	conf=A; validated=exact:liplip
liver	Liver	A river		n	shaw1909	14	no	conf=B; single_source=yes; section=lexicon; origin=English
lo pelitas	Lo pelita's				rudiments1924		yes	conf=B; validated=witness:demers1871:laplitas; section=religious-words; ocr_gloss=Penance; raw=Lo pelita's, rer, Penance,
lobolob	Lobolob	slippery, polished, even			demers1871		no	conf=C; validated=skeleton-edit1:lebal; gloss_unverified=yes
lokit	Lok'-it	Four			gill1909	65	no	conf=A; validated=skeleton:lakit
lokwiwa	LOkwiwa	lalupa,. ribbon			demers1871		no	conf=C; gloss_unverified=yes
lolda wawa	Lo'lda Wa'wa				rudiments1924		yes	conf=B; validated=all-words-attested:lolda wawa; section=grammar-lists; ocr_gloss=wy we; raw=Lo'lda Wa'wa, wy we,
lole	lole	A carry			rudiments1898	8	yes	conf=B; validated=edit1:lolo+gloss; section=chinook-vocabulary; raw=lole A carry
lolo	lo'lo|Lolo				rudiments1924		yes	conf=A; validated=exact:lolo; section=163-original-words; gloss_state=unrecovered; raw=lo'lo,
lolo	Lolo	to carry			practical1886	13	yes	conf=A; validated=exact:lolo+gloss; raw=Lolo, to carry
lolo	Lo-lo	Round; whole; the entire of any thing		adj	gibbs1863	16	no	conf=A; validated=exact:lolo; etym=Chinook, LOWULLO
lolo	Lo-lo	To carry; to load			hibben1889	13	no	conf=A; validated=exact:lolo
lolo	Lo'-lo	To carry; to load; to bear; bring; fetch; remove; transfer; convey; lucr; pack; renew		v	shaw1909	14	no	conf=A; validated=exact:lolo; section=lexicon; origin=Chinook; etym=Chinook,-idem
lolo	Lo'-lo|L6'-lo	To carry; to load; to lead or take with one			gill1909	65	no	conf=A; validated=exact:lolo; ocr=head digit/capital read as accented vowel
lolo	Lo-lo|L6-lo	To carry; to load			gill1887	44	no	conf=A; validated=exact:lolo; ocr=head digit/capital read as accented vowel
lolo	Lo-lo	Whole; round; all of anything		adj	long1909		no	conf=A; validated=exact:lolo+gloss; align=head/gloss runs paired by line count
loloba	Lo-lo-ba	A ribbon			hibben1889	12	no	conf=A; validated=skeleton:leloba
lolsh	Lolsh	barley			demers1871		no	conf=A; validated=skeleton:lashey+gloss
lop	Lop	#0pe/"string, sifiéw			demers1871		no	conf=C; gloss_unverified=yes
lope	Lope	rope			practical1886	8	yes	conf=A; validated=exact:lope+gloss; raw=Lope, rope Chikmin lope, - chain
lope	Lope	A rope. Tenas lope, a cord; skin lope, a raw hide, riata, or thong			gibbs1863	16	no	conf=A; validated=exact:lope; pos_ocr=garbled; etym=English, ROPE
lope	Lope	A rope. Tenas lope, - a cord		n	shaw1909	15	no	conf=A; validated=exact:lope; section=lexicon; origin=English; etym=English,-Rope
lope	Lope	Rope			gill1909	65	no	conf=A; validated=exact:lope
lope	Lope	A rope			gill1887	44	no	conf=A; validated=exact:lope
lope	Lope	A rope		n	long1909		no	conf=A; validated=exact:lope+gloss; align=head/gloss runs paired by line count
lowiillo	Lo-wiil-lo	Round; whole			gill1887	44	no	conf=A; validated=skeleton:lowullo
lowoolo	lowoolo				rudiments1924		yes	conf=B; validated=skeleton:lowiillo; section=other-districts; ocr_gloss=whee; raw=lowoolo, Ae 2ound, whee.
lowullo	Lo-wul-lo	Round; whole; the entire of anything			hibben1889	13	no	conf=A; validated=exact:lowullo
lowullo	Lo-wul'-lo	Round; entire; the whole of anything			gill1909	65	no	conf=A; validated=exact:lowullo
lstate	LS-tate'^	The head			gill1909	65	no	conf=C; origin=French
lukalisti	Lukalisti				demers1871		no	conf=B; validated=witness:practical1886:lekalisti; ocr_gloss=Holy Eucharist
lukutcbee	Luk'-ut-cbee	clams			shaw1909	35	no	conf=B; near=lukutchee; single_source=yes; section=supplemental; origin=?F
lukutchee	Luk'-ut-chee|La-kwit-chee	(?) Clams. Used chiefly on Puget Sound		n	gibbs1863	16	no	conf=A; validated=exact:lukutchee; etym=French, LA COQUILLE
lukutchee	Luk-ut-chee	Clams. 0)			hibben1889	13	no	conf=A; validated=exact:lukutchee
lukutchee	Luk-ut-chee	Clams. This word is applied only to the hardshell or little-neck clam			gill1909	65	no	conf=A; validated=exact:lukutchee
lukutchee	Luk'-ut-chee	Clams		n	long1909		no	conf=A; validated=exact:lukutchee+gloss; align=head/gloss runs paired by line count
lum	Lum	Spirits of any sort			gibbs1863	16	no	conf=A; validated=exact:lum; pos_ocr=garbled; etym=English, RUM
lum	Lum	Rum, or any spirits			hibben1889	13	no	conf=A; validated=exact:lum
lum	Lum	Rum; spirits of any kind			gill1909	65	no	conf=A; validated=exact:lum
lum	Lum	Rum. Luk-ut-chee, or 6-na			gill1887	44	no	conf=A; validated=exact:lum
lum	Lum	Rum; spirits		n	long1909		no	conf=A; validated=exact:lum+gloss; align=head/gloss runs paired by line count
lune	lune	He Me			rudiments1924		yes	conf=C; section=religious-words; raw=€lune, "4, He Me, -
lusst	lusst				rudiments1924		yes	conf=B; validated=skeleton:lassiet; section=durieu-1879-vocabulary; gloss_state=unrecovered; raw=lusst, DASrn oe AES
ma ma	Ma -ma	A mother; a mama		n	shaw1909	15	no	conf=B; single_source=yes; section=lexicon; origin=English; etym=English,-Mamma
mackeson	Mac'-ke-son	The chin			gill1909	65	no	conf=B; near=mox; single_source=yes
mah kook	Mah kook	To buy or sell; trade or exchange; a bargain		v,n	gibbs1863	16	no	conf=B; single_source=yes; etym=Nootka, MAKUK, Nittinat and Tokwaht, idem, Makah, BAKWATL
mahkook	Mah-kook	To buy or sell. © Kah mika mahkook okook ealipeen? where did you buy that rifle? Hyas mahkook, dear			hibben1889	13	no	conf=A; validated=exact:mahkook
mahkook	Mah'kook	To buy or sell; trade or exchange; a bargain; purchase		v,n	shaw1909	15	no	conf=A; validated=exact:mahkook; section=lexicon; etym=Nootka,-Makuk, Nittinat and Tokwaht,-idem, Makah,-Bakwatl
mahkvookhouse	Mah-kvook-house	A trading house or store. ©			hibben1889	13	no	conf=B; single_source=yes
mahle	Mah-le	To forget. Also, ko-pet kum-tux			gill1887	45	no	conf=A; validated=skeleton:mahlee
mahlee	Mah'-lee	To forget			gill1909	65	no	conf=A; validated=skeleton:mahle; origin=Nootka
mahlie	Mah-lie	To forget. |			hibben1889	13	no	conf=A; validated=exact:mahlie
mahlie	Mah-lie	to forget			shaw1909	35	no	conf=A; validated=exact:mahlie; section=supplemental; origin=Salish
mahsh	Mahsh	a. French, MARCHER. To leave; to turn out; to throw away; to part with; remove		v	gibbs1863	16	no	conf=A; validated=exact:mahsh
mahsh	Mahsh	To leave; to turn out; to throw away; to part with; remove			hibben1889	13	no	conf=A; validated=exact:mahsh
mahsh	Mahsh	To leave; to turn out; to throw away; sell; acquit; banish; cast; dash; desert; dispatch; dismiss; distribute; detach; drop; apply; expel; to part with; remove; exterminate; extinguish; fling; forsake; get rid of; heave; hurl; lay down ...		v	shaw1909	15	no	conf=A; validated=exact:mahsh; section=lexicon; origin=French; etym=Prench,-Marcher
mahsie	Mah-sie	Thank you		v	gibbs1863	16	no	conf=A; validated=exact:mahsie; etym=French, MERCIE
mahsie	Mah-sie	Thank you			hibben1889	13	no	conf=A; validated=exact:mahsie
mahsie	Mah-sie	Thank you; thanks; thankful		v	shaw1909	15	no	conf=A; validated=exact:mahsie; section=lexicon; origin=French; etym=French.-Mercie
mahtlinnie	Maht-lin-nie	Offshore. (In boating), keep off! (if on land), towards the water		adv	gibbs1863	16	no	conf=A; validated=exact:mahtlinnie; etym=Chinook, MATLINI
mahtlinnie	Maht-lin-nie	ft shore			hibben1889	13	no	conf=A; validated=exact:mahtlinnie
mahtlinnie	Maht'-lin-nie	Off shore; out at sea		adv	shaw1909	15	no	conf=A; validated=exact:mahtlinnie; section=lexicon; origin=Chinook; etym=Chinook,- Matlini
mahtlinnie	Maht-lin-nie	Off shore			gill1887	45	no	conf=A; validated=exact:mahtlinnie
mahtlmnee	Maht-lm'-nee	Off-shore; toward the water			gill1909	65	no	conf=B; near=mahtlinnie; single_source=yes
mahtwiliee	Maht-wil'-iee	In-shore; toward the land			gill1909	65	no	conf=A; validated=skeleton:mahtwille
mahtwille	Maht-wil-le	In shore; shoreward; keep in			gill1887	45	no	conf=A; validated=skeleton:mahtwiliee
mahtwillie	Maht-wil-lie	In shore; shoreioard. (As a command), keep in; (on land), towards the woods, or the interior		adv	gibbs1863	16	no	conf=A; validated=exact:mahtwillie; etym=Chinook, MATHWILI
mahtwillie	Maht-wil-lie	In shore; shoreward; keep in			hibben1889	13	no	conf=A; validated=exact:mahtwillie
mahtwillie	Mah'twil-lie	In shore; shoreward		adv	shaw1909	15	no	conf=A; validated=exact:mahtwillie; section=lexicon; origin=Chinook; etym=Chinook,- Mathwili
maika	maika	G thou			rudiments1898	8	yes	conf=A; validated=skeleton:mika+gloss; section=chinook-vocabulary; raw=maika G, thou
maika	Maika	thou laka, he, him			practical1886	12	yes	conf=A; validated=skeleton:mika+gloss; gloss_unverified=yes; raw=Maika,. thou laka, he, him
maika	Maika	thee, thou, thy, ~ thine			demers1871		no	conf=A; validated=skeleton:mika+gloss
maimee	Mai'-mee	Down stream; with the tide			gill1909	65	no	conf=B; near=mimee; single_source=yes
maimi	Maimi	lower, down			demers1871		no	conf=C
makimak	makimak	to eat			rudiments1898	8	yes	conf=A; validated=skeleton:muckamuck+gloss; section=chinook-vocabulary; raw=makimak ¢¢ to eat
makmak	mak'mak				rudiments1924		yes	conf=B; validated=skeleton:muckamuck; section=163-original-words; gloss_state=unrecovered; raw=mak'mak,
makmak	Makmak	to eat			practical1886	13	yes	conf=A; validated=skeleton:muckamuck+gloss; raw=Makmak, to eat
makmok	makmok				rudiments1924		yes	conf=B; validated=skeleton:muckamuck; section=durieu-1879-vocabulary; ocr_gloss=OG lo eal; raw=makmok, OG lo eal, .
makook	Makook	to buy			practical1886	13	yes	conf=A; validated=skeleton:mahkook+gloss; raw=Makook, to buy
makook house	Makook house	store			practical1886	6	yes	conf=B; validated=all-words-attested:makook house; type=phrase; raw=Sick house, hospital Makook house, store Moosmoos house, stable
makuk	Makuk	to sell, buy			demers1871		no	conf=A; validated=skeleton:mahkook+gloss
mala	Mala	Medal. an			practical1886	17	yes	conf=C; validated=edit1:mama; type=religious; ocr=row-aligned two-column table; gloss_unverified=yes
malah	Ma-lah	Tinware; crockery; earthenware		n	gibbs1863	16	no	conf=A; validated=exact:malah; etym=Chinook, MALAGH
malah	Ma-lah	Tinware; crockery; earthenware			hibben1889	13	no	conf=A; validated=exact:malah
malah	Ma-lah	tin ware, earthenware, dishes			shaw1909	35	no	conf=A; validated=exact:malah; section=supplemental; origin=Chinook
malah	Ma-lah	Tinware; crockery; earthenware			gill1909	65	no	conf=A; validated=exact:malah
malah	Ma-lah	Tinware; crockery; earthenware			gill1887	45	no	conf=A; validated=exact:malah
malakwa	Ma-lak-wa	A mosquito			gill1887	45	no	conf=A; validated=skeleton:melakwa
malakwa	Malakwa				demers1871		no	conf=A; validated=exact:malakwa; ocr_gloss=mosquitoe
male	Mal-e	to get married			practical1886	13	yes	conf=A; validated=skeleton:malieh+gloss; raw=Mal-e, to get married
maliash	Maliash	matrimony			demers1871		no	conf=B; validated=skeleton:melass
malieh	Mal-i-eh	To marry		v	gibbs1863	16	no	conf=A; validated=exact:malieh; etym=French, MARIER
malieh	Mal-i-eh	To marry			hibben1889	13	no	conf=A; validated=exact:malieh
malieh	Mal-i-eh	To marry; to get married; marriage; matrimony		v,n	shaw1909	15	no	conf=A; validated=exact:malieh; section=lexicon; origin=French; etym=French,-Marier
malleh	Mal'-leh	To marry			gill1909	65	no	conf=A; validated=exact:malleh; origin=French
malleh	Mal-leh	To marry			gill1887	45	no	conf=A; validated=exact:malleh
malllie	Mall-lie	To forget. Of local use on Puget Sound		v	gibbs1863	16	no	conf=A; validated=skeleton:mahle; etym=Nisqually
malteeny	Mal-tee'-ny	Near at hand			gill1909	65	no	conf=B; near=kalitan; single_source=yes
mama	Ma'-ma	A mother			gibbs1863	16	no	conf=A; validated=exact:mama; pos_ocr=garbled; etym=English, MAMMA
mama	Ma-ma	A mother			hibben1889	13	no	conf=A; validated=exact:mama
mama	Ma-ma	A mother			gill1887	45	no	conf=A; validated=exact:mama
mama	Mama	naha, mother			demers1871		no	conf=A; validated=exact:mama+gloss; gloss_unverified=yes
mammia	Mam'-mia	Same as in English			gill1909	65	no	conf=B; single_source=yes
mamook	Mamook				rudiments1924		yes	conf=A; validated=exact:mamook; section=grammar-lists; gloss_state=unrecovered; raw=Mamook, GQ@ & work.
mamook	ma'mook				rudiments1898	8	yes	conf=A; validated=exact:mamook; section=chinook-vocabulary; ocr_gloss=towork; raw=ma'mook G@ towork
mamook	Mam'-ook	a. Nootka, MAMUK. To make; to do; to work		v	gibbs1863	16	no	conf=A; validated=exact:mamook
mamook	Mam-ook	'To make; todo;to work			hibben1889	14	no	conf=A; validated=exact:mamook
mamook	Mam'-ook	To make; to do; to work; labor; exertion; exercise; act; action; deed; work; enact; appoint; accomplish; make; manage; operate; practice; resolve; serve; use; toil; a job; task; achieve, the one word denoting action		n,v	shaw1909	15	no	conf=A; validated=exact:mamook; section=lexicon; origin=Nootka; etym=UTootka.-mamuk
mamook	Mam'ook	To make; to work; to do; to use			gill1909	65	no	conf=A; validated=exact:mamook
mamook	Mam-ook	To make; to do; to work; to use			gill1887	45	no	conf=A; validated=exact:mamook
mamook kansth	Mamook kanst'h	to count -" kwash, to frighten			practical1886	14	yes	conf=C; type=phrase; ditto=mamook (from ditto mark); gloss_unverified=yes; raw=" kanst'h, to count -" kwash, to frighten
mamook kaw	Mamook kaw	to tie up			practical1886	14	yes	conf=B; validated=all-words-attested:mamook kaw; type=phrase; ditto=mamook (from ditto mark); raw=" kaw, to tie up
mamook kikoole	Mamook kikoole	to lower			practical1886	14	yes	conf=B; validated=all-words-attested:mamook kikoole; type=phrase; ditto=mamook (from ditto mark); raw="" kikoole, to lower
mamook klahowyum	Mam-ook kla-how-yum	To give alms			gill1887	45	no	conf=A; validated=all-words-attested:mamook klahowyum; type=phrase
mamook klatwa	Mamook klatwa	to send, to drive i' ol, to cook			practical1886	14	yes	conf=B; validated=all-words-attested:mamook klatwa; type=phrase; ditto=mamook (from ditto mark); gloss_unverified=yes; raw=" klatwa, to send, to drive i' ol, to cook
mamook komtax	Mamook komtax	to kiskis, to drive			practical1886	14	yes	conf=B; validated=all-words-attested:mamook komtax; type=phrase; ditto=mamook (from ditto mark); gloss_unverified=yes; raw=" komtax, to kiskis, to drive
mamook memeloos	Mamook memeloos	to kill			practical1886	14	yes	conf=B; validated=all-words-attested:mamook memeloos; type=phrase; ditto=mamook (from ditto mark); raw=" memeloos, to kill
mamook nanich pepa	Mamook Nanich pepa	to read			practical1886	15	yes	conf=C; type=phrase; ditto=mamook (from ditto mark); gloss_unverified=yes; raw=" Nanich pepa, to read
mamook noo	Mamook noo	to shoot			practical1886	14	yes	conf=C; type=phrase; ditto=mamook (from ditto mark); raw="" noo, to shoot
mamook olo	Mamook olo	to fast " kla'lawitiam, to be merciful			practical1886	14	yes	conf=B; validated=all-words-attested:mamook olo; type=phrase; ditto=mamook (from ditto mark); gloss_unverified=yes; raw="" olo, to fast " kla'lawitiam, to be merciful
mamook pail	Mamook pail	to fill up			practical1886	14	yes	conf=B; validated=all-words-attested:mamook pail; type=phrase; gloss_unverified=yes; raw=Mamook pail, to fill up
mamook paint	Mamook paint	to paint			practical1886	15	yes	conf=B; validated=all-words-attested:mamook paint; type=phrase; raw=Mamook paint, to paint
mamook pepa	Mamook pepa	to write			practical1886	7	yes	conf=C; type=phrase; gloss_unverified=yes; raw=Mamook pepa, to write
mamook sathale	Mamook sathale	to lift, to put up			practical1886	14	yes	conf=C; type=phrase; ditto=mamook (from ditto mark); gloss_unverified=yes; raw=" sathale, to lift, to put up
mamook tamanoaz	Mamook tamanoaz	to make the juggiery " nepa to write femeloos, to die			practical1886	14	yes	conf=C; type=phrase; ditto=mamook (from ditto mark); gloss_unverified=yes; raw=" tamanoaz, to make the juggiery " nepa to write femeloos, to die
mamook tintin	Mamook tintin	to ring a bell			practical1886	14	yes	conf=B; validated=all-words-attested:mamook tintin; type=phrase; ditto=mamook (from ditto mark); raw=" tintin, to ring a bell
mamook tloos	Mamook tloos	to fix, to do good whip, towhip y warn, to., warm up			practical1886	14	yes	conf=B; validated=all-words-attested:mamook tloos; type=phrase; ditto=mamook (from ditto mark); gloss_unverified=yes; raw=" tloos, to fix, to do good whip, towhip y warn, to., warm up
mamuk	Mamuk	to work, make, do			demers1871		no	conf=A; validated=skeleton:mamook+gloss
mamuk itlokom	Mamuk itlokom	to gamble			demers1871		no	conf=B; validated=all-words-attested:mamuk itlokom; ditto=head repeated from previous entry
man	Man	man			practical1886	4	yes	conf=A; validated=exact:man+gloss; raw=Man, man
man	Man	A man; the male of any animal			gibbs1863	16	no	conf=A; validated=exact:man; pos_ocr=garbled; etym=English, idem
man	Man	A man; the male of any animal			hibben1889	14	no	conf=A; validated=exact:man
man	Man	A man; the male of any animal; a husband		n	shaw1909	16	no	conf=A; validated=exact:man; section=lexicon; origin=English; etym=English,-idem
man	Man	Man. Also the male of any animal, as			gill1909	65	no	conf=A; validated=exact:man
man moosmoos	Man - moosmoos				practical1886	5	yes	conf=B; validated=all-words-attested:man moosmoos; type=phrase; ocr_gloss=ox, bull Cloochemin-moosmos; raw=Moosmos, cattle Man - moosmoos, ox, bull Cloochemin-moosmos, COW Tanaz movsmos, ealf
man mowich	Man mow-ich	A stag			gill1887	45	no	conf=A; validated=all-words-attested:man mowich; type=phrase
mankiootan	Man-kiootan	stallion, colt			practical1886	5	yes	conf=C; gloss_unverified=yes; raw=Man-kiootan, stallion, colt Kloochemin-ktoo-tan, mare, filly
marie	marie	married			rudiments1898	9	yes	conf=C; section=chinook-vocabulary; raw=marie GC" married
marko	Marko	lo buy			rudiments1924		yes	conf=A; validated=skeleton:markook+gloss; section=grammar-lists; ocr_gloss=Gy lo buy; gloss_cleaned=unknown OCR tokens dropped; raw=Marko, Gy lo buy,
markook	Mar'kook	To buy; to sell; trade; swap; ex¬ change; bargain			gill1909	65	no	conf=A; validated=exact:markook; origin=iN
markook	Mar-kook	To buy or sell			gill1887	45	no	conf=A; validated=exact:markook
markook house	Mar-kook house	Store			gill1887	45	no	conf=A; validated=all-words-attested:markook house; type=phrase
marsh	Marsh	To leave; remove; throw away; turn out			gill1909	65	no	conf=A; validated=exact:marsh; origin=French
marsh	Marsh	To leave; to turn out; to throw away; to part with; to remove			gill1887	45	no	conf=A; validated=exact:marsh
masache	Masache	evil, sin			demers1871		no	conf=A; validated=skeleton:mesahchie+gloss
masatchi	masatchi	bad			rudiments1898	8	yes	conf=A; validated=skeleton:mesahche+gloss; section=chinook-vocabulary; ocr_gloss=Gam bad; gloss_cleaned=unknown OCR tokens dropped; raw=masatchi Gam bad
mash	mash	away			rudiments1924		yes	conf=A; validated=skeleton:mahsh+gloss; section=163-original-words; ocr_gloss=RL bww away; gloss_cleaned=unknown OCR tokens dropped; gloss_state=unrecovered; raw=mash,
mash	mash	throw away			rudiments1898	8	yes	conf=A; validated=skeleton:mahsh+gloss; section=chinook-vocabulary; raw=mash throw away
mash	Mash	to throw			practical1886	13	yes	conf=A; validated=skeleton:mahsh+gloss; raw=Mash, to throw
mash	Mash	lost, away | to lose, thfow away, give up, abandon, forgive, sell			demers1871		no	conf=A; validated=skeleton:mahsh+gloss; gloss_unverified=yes
massach	Massach	bad			practical1886	12	yes	conf=A; validated=skeleton:mesahche+gloss; raw=Massach, bad
matab	Matab	tm, tin box			demers1871		no	conf=C; gloss_unverified=yes
matline	Matline	towards the shore, ae downon the other side: a: Malwhole kopa saia, anny on the other side			demers1871		no	conf=A; validated=skeleton:mahtlinnie+gloss; gloss_unverified=yes
mawich	ma'wich|mawich	deer			rudiments1924		yes	conf=A; validated=skeleton:mowich+gloss; section=163-original-words; ocr_gloss=Gon deer | Gon; gloss_cleaned=unknown OCR tokens dropped; gloss_state=unrecovered; raw=ma'wich,
mawich	Mawich	deer LY | deer			practical1886	4	yes	conf=A; validated=skeleton:mowich+gloss; raw=Mawich, deer LY
mawvk	mawvk	work			rudiments1924		yes	conf=C; section=durieu-1879-vocabulary; ocr_gloss=Ge fo work; gloss_cleaned=unknown OCR tokens dropped; raw=mawvk, Ge fo work,
mel ass	Mel -ass	Molasses			gibbs1863	16	no	conf=B; single_source=yes; pos_ocr=garbled; etym=French, ME LASS K
melakwa	melakwa				rudiments1924		yes	conf=A; validated=exact:melakwa; section=other-districts; gloss_state=unrecovered; raw=melakwa, ¢ 7h mosquitoes,
melakwa	Mel-a-kwa|Mal-a-kwa	(Ander son.) A mosquito		n	gibbs1863	16	no	conf=A; validated=exact:melakwa; etym=French, MARANGOUIN
melakwa	Mel-a-kwa	A mosquito			hibben1889	14	no	conf=A; validated=exact:melakwa
melakwa	Mel-a-kwa	a mosquito			shaw1909	35	no	conf=A; validated=exact:melakwa; section=supplemental; origin=French
melakwa	Mel'-a-kwa	A mosquito			gill1909	65	no	conf=A; validated=exact:melakwa; origin=French
melass	Mel-ass	Molasses			hibben1889	14	no	conf=A; validated=exact:melass
melass	Mel'-ass	Molasses. ("Not much used, as silup (syrup) has largely taken its place." - Eells.)		n	shaw1909	16	no	conf=A; validated=exact:melass; section=lexicon; origin=French; etym=Prench.-Melasse
melass	Me-lass	Molasses. Mem'-a-loose, or mim-a-loost (These are used equally without preference)			gill1909	65	no	conf=A; validated=exact:melass
melass	Mel-ass	Molasses			gill1887	45	no	conf=A; validated=exact:melass
melasses	Melasses				practical1886	7	yes	conf=B; validated=skeleton:melass; ocr_gloss=molas ses; raw=Melasses, molas ses Oi1'hat, road
melosses	melosses	molasses			rudiments1924		yes	conf=A; validated=skeleton:melass+gloss; section=durieu-1879-vocabulary; ocr_gloss=Ged molasses; gloss_cleaned=unknown OCR tokens dropped; raw=melosses, Ged molasses,
memaloose	Mem-a-loose	To die; dead. Mam-ook mem-a-loose; To kill			gill1887	45	no	conf=A; validated=skeleton:melass
memaloost	Mem'-a-loost	part. Chinook, MEMALUST. To die; dead		v,n	gibbs1863	16	no	conf=A; validated=exact:memaloost
memaloost	Mem-a-loost	'To die;dead. _Mamook memaloost, to kill			hibben1889	14	no	conf=A; validated=exact:memaloost
memaloost	Mem'-a-loost|Mim'-a-loos	To die; dead; to expire; decay; become rotten		v,n,adj	shaw1909	16	no	conf=A; validated=exact:memaloost; section=lexicon; origin=Chinook; etym=Chinook,-Memalust
memeloos	Memeloos	dead			practical1886	11	yes	conf=A; validated=skeleton:memaloose+gloss; raw=Memeloos, dead
memelust	Memelust	dead, corpse | to die			demers1871		no	conf=A; validated=skeleton:memaloost+gloss; gloss_unverified=yes
memloos	memloos				rudiments1924		yes	conf=B; validated=skeleton:melass; section=durieu-1879-vocabulary; gloss_state=unrecovered; raw=memloos, ¢R dead,
memloos	memloos	SU dead			rudiments1898	8	yes	conf=A; validated=skeleton:memaloose+gloss; section=chinook-vocabulary; raw=memloos SU, dead
memlust	Memlust	dead, thrown dry			demers1871		no	conf=A; validated=skeleton:memaloost+gloss; gloss_unverified=yes
meosom	Meo'som				rudiments1924		yes	conf=B; validated=skeleton:moosum; section=grammar-lists; ocr_gloss=Goo lo sfetp; raw=Meo'som, Goo lo sfetp,
mesahche	Me-sah-che	Bad; wicked			gill1887	45	no	conf=A; validated=skeleton:mesahchee
mesahche tamahnawis	Me-sah-che ta-mah-na-wis	Witchcraft; evil spirits			gill1887	45	no	conf=A; validated=all-words-attested:mesahche tamahnawis; type=phrase
mesahchee	Me-sah'-chee	Wicked; bad; cruel; vicious			gill1909	65	no	conf=A; validated=skeleton:mesahche
mesahchie	Me-sah-chie	Bad; wicked		adj	gibbs1863	16	no	conf=A; validated=exact:mesahchie; etym=Chinook, MASACHI
mesahchie	Me-sah-chie	Bad; wicked			hibben1889	14	no	conf=A; validated=exact:mesahchie
mesahchie	Me-sah-chie	Bad; wicked; evil; vile; sin; bitter; cruel; depravity; dissolute; dung"; filthv; immodest; nasty; obscene; vice; insolence; unworthy; unruly; iniquity; unrighteous; naughty		adj,n	shaw1909	16	no	conf=A; validated=exact:mesahchie; section=lexicon; origin=Chinook; etym=Chinook, - Masachi
mesika	Me-si'-ka	You; your; yours		pron	gibbs1863	16	no	conf=A; validated=exact:mesika; etym=Chinook, MESAIKA
mesika	Me-si-ka	You; your; yours			hibben1889	14	no	conf=A; validated=exact:mesika
mesika	Me-si'-ka	"The second person, plural number in all cases." You; your; yours		pron	shaw1909	16	no	conf=A; validated=exact:mesika; section=lexicon; origin=Chinook; etym=Chinook,-Mesaika
mesika	Me-si-ka	You; your; yours			gill1887	45	no	conf=A; validated=exact:mesika
messee	Mes-see	Thank you			gill1887	45	no	conf=A; validated=skeleton:mahsie
meten	Met'-en	Very bad. Mika (singular pronoun)			gill1909	65	no	conf=B; single_source=yes
mika	Mi'-ka	Thou; thy; thine		pron	gibbs1863	16	no	conf=A; validated=exact:mika; etym=Chinook, MAIK A
mika	Mika	Thou; thy: thine			hibben1889	14	no	conf=A; validated=exact:mika
mika	Mi'ka	You; your; yours; thee; thou; thy; thine		pron	shaw1909	16	no	conf=A; validated=exact:mika; section=lexicon; origin=Chinook; etym=Chinook.-Maika
mika	Mi-ka	Thou; thy; thine			gill1887	45	no	conf=A; validated=exact:mika
mika wawa	Mika wawa				rudiments1924		yes	conf=B; validated=all-words-attested:mika wawa; section=grammar-lists; gloss_state=unrecovered; raw=Mika wawa, G& og,
millait	millait	to stay			rudiments1898	8	yes	conf=C; section=chinook-vocabulary; ocr_gloss=GF to stay; gloss_cleaned=unknown OCR tokens dropped; raw=millait GF to stay
mimee	Mi-mee	Down stream. Mist'-chi-mas, (or E-H-te.) A slave			gill1887	45	no	conf=B; near=maimee; single_source=yes
mimie	Mi'-mie	Down, stream		adv	gibbs1863	16	no	conf=A; validated=exact:mimie; etym=Chinook, MAIAMI
mimie	Mi-mie	Down stream			hibben1889	14	no	conf=A; validated=exact:mimie
mimie	Mi'-mie	Down stream		adv	shaw1909	16	no	conf=A; validated=exact:mimie; section=lexicon; origin=Chinook; etym=Chinook,-Maiami
mischimas	Mis'-chi-mas	A slave. See Elite			gill1909	65	no	conf=A; validated=skeleton:mistchimas; origin=Seldom used
mistcbimas	Mist-cbi'-mas	slave. Mit-ass, leggings. (See note under Tatoosh, main vocabulary.)			shaw1909	35	no	conf=C; section=supplemental; origin=?
mistchimas	Mist-chi'-mas	Dr. Scouler gives this word as Nootka and Columbian		n	gibbs1863	16	no	conf=A; validated=exact:mistchimas; etym=Quaere u. d. A slave
mistchimas	Mist-chi-mas	A slave			hibben1889	14	no	conf=A; validated=exact:mistchimas
misteli	Misteli				rudiments1924		yes	conf=B; validated=witness:practical1886:misteli; section=religious-words; ocr_gloss=mystery; raw=Misteli, G4, mystery,
misteli	Misteli	Mystery, se el			practical1886	17	yes	conf=B; validated=witness:rudiments1924:misteli; type=religious; ocr=row-aligned two-column table; gloss_unverified=yes
mitass	Mit-ass	A word im ported by the Canadian French		n	gibbs1863	16	no	conf=A; validated=exact:mitass; etym=Cree, MITAS. (Anderson.) Leggings
mitass	Mit-ass	Leggings. |			hibben1889	14	no	conf=A; validated=exact:mitass
mitlait	mitlait				rudiments1924		yes	conf=B; validated=skeleton:mitlite; section=durieu-1879-vocabulary; gloss_state=unrecovered; raw=mitlait, G& lo be,
mitlait	Mitlait	to be, have; put, be sitting, remain			demers1871		no	conf=A; validated=skeleton:mitlite+gloss; gloss_unverified=yes
mitlite	Mit'-lite	To nit; xtt, down; stay at; resilie; remain		v	gibbs1863	16	no	conf=A; validated=exact:mitlite; etym=Chinook, MITLAIT
mitlite	Mit-lite	To sit; sit down; stay at; reside; remain			hibben1889	14	no	conf=A; validated=exact:mitlite
mitlite	Mit'-lite	To sit; sit down; stay at; reside; remain; have; inhabit; abide; dwell; exist; dwell; be present; recline; keep; linger; lodge; possess; reside; roost; wait		v	shaw1909	16	no	conf=A; validated=exact:mitlite; section=lexicon; origin=Chinook; etym=Chinook.-Mitlait
mitlite	MIt'-lIte	To stay; reside; camp; remain; to sit; to set down; to stay with			gill1909	65	no	conf=A; validated=exact:mitlite
mitlite	Mit'-lite	To sit down; stay; reside; remain			gill1887	45	no	conf=A; validated=exact:mitlite
mitluit	Mitluit	to stay			practical1886	14	yes	conf=A; validated=skeleton:mitlite+gloss; raw=Mitluit, to stay
mitoohtt	Mitoohtt	to stand			practical1886	15	yes	conf=B; validated=witness:rudiments1898:mitooit; raw=Mitoohtt, to stand
mitooit	mit'ooit				rudiments1898	8	yes	conf=B; validated=witness:practical1886:mitoohtt; section=chinook-vocabulary; ocr_gloss=Goce to stand up; raw=mit'ooit Goce to stand up
mittass	Mit-tass	Leggings			gill1887	45	no	conf=A; validated=skeleton:mitass
mitwhit	Mit'-whit	To stand; stand up		v	gibbs1863	16	no	conf=A; validated=exact:mitwhit; etym=Chinook, AMETWHET
mitwhit	Mit-whit	To stand; stand up; mitwhit stick, a standing tree; a mast			hibben1889	14	no	conf=A; validated=exact:mitwhit
mitwhit	Mit'-whit	To stand; stand up; rise; be erect		v	shaw1909	16	no	conf=A; validated=exact:mitwhit; section=lexicon; origin=Chinook; etym=Chinook,- Am etwhet
mitwhit	Mitwhit	alive, standing			demers1871		no	conf=A; validated=exact:mitwhit+gloss; gloss_unverified=yes
mitwit	Mit'-wit	To stand; to arise; erect			gill1909	65	no	conf=A; validated=exact:mitwit
mitwit	Mit-wit	To stand; to get up			gill1887	45	no	conf=A; validated=exact:mitwit
moamex	moamex				rudiments1924		yes	conf=B; validated=skeleton:mox; section=durieu-1879-vocabulary; gloss_state=unrecovered; raw=moamex, GCG mother,
mokamok	Mokamok	to eat			demers1871		no	conf=A; validated=skeleton:muckamuck+gloss
mokst	mokst				rudiments1924		yes	conf=A; validated=exact:mokst; section=grammar-lists; gloss_state=unrecovered; raw=mokst, ©, wo,
mokst	Mokst	two			practical1886	2	yes	conf=A; validated=exact:mokst; type=number; ocr=numbers block read English-first, glosses assigned in order
mokst	Mokst	Tivo; twice		adj	gibbs1863	16	no	conf=A; validated=exact:mokst; etym=Chinook, MAKST
mokst	Mokst	Twice			hibben1889	14	no	conf=A; validated=exact:mokst
mokst	Mokst	two			demers1871		no	conf=A; validated=exact:mokst
mokst son	Mokst son				practical1886	3	yes	conf=B; validated=all-words-attested:mokst son; type=phrase; ocr_gloss=Tuesday; raw=Mokst son, Tuesday
mola	mola	mule			rudiments1924		yes	conf=B; validated=witness:practical1886:moola; section=durieu-1879-vocabulary; ocr_gloss=GP mule; gloss_cleaned=unknown OCR tokens dropped; raw=mola, GP mule,
mold	mold	metal			rudiments1924		yes	conf=C; section=durieu-1879-vocabulary; raw=mold, metal,
molok	molok				rudiments1924		yes	conf=B; validated=skeleton:moolack; section=other-districts; gloss_state=unrecovered; raw=molok, G4, ch,
mom	mom	Mah			rudiments1924		yes	conf=C; section=durieu-1879-vocabulary; raw=mom, Mah
moo lock	Moo '-lock	an elk			shaw1909	35	no	conf=B; single_source=yes; section=supplemental; origin=Chinook
moola	Moola	mule			practical1886	5	yes	conf=A; validated=exact:moola; raw=Moola, mule
moola	Moo'-la	A mill. Stick moola, a saw-mill		n	gibbs1863	16	no	conf=A; validated=exact:moola; etym=French, MOULIN
moola	Moo-la	A mill. Stick moola, a saw-mill			hibben1889	14	no	conf=A; validated=exact:moola
moola	Moo'la	A mill; a manufactory		n	shaw1909	16	no	conf=A; validated=exact:moola; section=lexicon; origin=French; etym=Prench,-Moulin
moola	Moo'-la	Mill			gill1909	65	no	conf=A; validated=exact:moola; origin=French
moola	Moo-la	A mill			gill1887	46	no	conf=A; validated=exact:moola
moolack	Moo'-lack	An elk. (This word, strangely enough, occurs also in the Koquilth of Humbolt Bav.) The word is obsolete now		n	shaw1909	16	no	conf=A; validated=skeleton:moolock; section=lexicon; origin=Chinook; etym=Chinook.-Emuluk
moolock	Moo'-lock	An elk. This word, strangely* enough, occurs also in the Koquilth of Humboldt Bay		n	gibbs1863	16	no	conf=A; validated=exact:moolock; etym=Chinook, EMULUK
moolock	Moo-lock	An elk			hibben1889	14	no	conf=A; validated=exact:moolock
moolock	Moo-lock	An elk			gill1887	46	no	conf=A; validated=exact:moolock
moolok	Moo'-lok	An elk. Moon (O. C., Oot'-lum)			gill1909	65	no	conf=A; validated=skeleton:moolack
moon	moon				rudiments1924		yes	conf=A; validated=exact:moon; section=durieu-1879-vocabulary; gloss_state=unrecovered; raw=moon, MIOW,
moon	Moon	Moon			practical1886	2	yes	conf=A; validated=exact:moon+gloss; raw=Moon, Moon
moon	Moon	The moon. Ikt moon, a month; sick moon, the wane or old moon		n	gibbs1863	16	no	conf=A; validated=exact:moon; etym=English, idem
moon	Moon	The moon. Ikt moon; a month			hibben1889	14	no	conf=A; validated=exact:moon
moon	Moon	The moon		n	shaw1909	16	no	conf=A; validated=exact:moon; section=lexicon; origin=English; etym=English.-idem
moon	Moon	The moon. Ikt moon; one month			gill1887	46	no	conf=A; validated=exact:moon
moosmoos	Moos'-moos	Buffalo, horned cattle		v	gibbs1863	16	no	conf=A; validated=exact:moosmoos; etym=Klikatat, MUSMUS, Chinook, EMUSMUS
moosmoos	Moos-moos	Buffalo; horned cattle			hibben1889	14	no	conf=A; validated=exact:moosmoos
moosmoos	Moos'-moos	Buffalo; horned cattle; beef		n	shaw1909	17	no	conf=A; validated=exact:moosmoos; section=lexicon; etym=K. C
moosmoos	Moos'-moos	Cattle; buffalo			gill1909	65	no	conf=A; validated=exact:moosmoos; origin=K
moosmoos	Moos-moos	Buffalo; horned cattle			gill1887	46	no	conf=A; validated=exact:moosmoos
moosmoos house	Moosmoos house				practical1886	6	yes	conf=B; validated=all-words-attested:moosmoos house; type=phrase; ocr_gloss=stable; raw=Sick house, hospital Makook house, store Moosmoos house, stable
moosmos	Moosmos	beet | cattle			practical1886	4	yes	conf=A; validated=skeleton:moosmoos+gloss; gloss_unverified=yes; raw=Moosmos, beet
moossoom	Moossoom	sleep Mamook bloom tosweep			practical1886	15	yes	conf=A; validated=skeleton:moosum+gloss; gloss_unverified=yes; raw=Moossoom, sleep Mamook bloom tosweep
moosum	Moo-sum	To sleep; sleep			hibben1889	14	no	conf=A; validated=exact:moosum
moosum	Moo'-sum	To sleep; sleep; asleep; slumber		v,n	shaw1909	17	no	conf=A; validated=exact:moosum; section=lexicon; origin=Salish; etym=Chihalis,-Musam
moosum	Moo'-sum	To sleep; sleep			gill1909	65	no	conf=A; validated=exact:moosum; origin=Chinook
moosum	Moo-sum	Sleep			gill1887	46	no	conf=A; validated=exact:moosum
mosket	Mosket	gun			practical1886	7	yes	conf=A; validated=skeleton:musket+gloss; raw=Mosket, gun. - -
mosket	Mosket				demers1871		no	conf=B; validated=skeleton:musket; ocr_gloss='un, aias-, cannon
mour	mour	evil disposition			demers1871		no	conf=C; ditto=head repeated from previous entry; gloss_unverified=yes
mowich	mowich	deer			rudiments1898	8	yes	conf=A; validated=exact:mowich+gloss; section=chinook-vocabulary; ocr_gloss=Ger deer; gloss_cleaned=unknown OCR tokens dropped; raw=mowich Ger deer
mowich	Mow'-ich	A deer; venison			gill1909	65	no	conf=A; validated=exact:mowich; origin=Nootka
mowich	Mow-ich	A deer			gill1887	46	no	conf=A; validated=exact:mowich
mowich	Mowich	'deer			demers1871		no	conf=A; validated=exact:mowich+gloss
mowitsh	Mow-itsh	A deer; venison			hibben1889	14	no	conf=B; near=powitsh; single_source=yes
mox	Mox	Two, or twice			gill1887	46	no	conf=B; single_source=yes
moxt	moxt				rudiments1924		yes	conf=A; validated=exact:moxt; section=durieu-1879-vocabulary; gloss_state=unrecovered; raw=moxt, & two,
moxt	Moxt	Two; twice			gill1909	65	no	conf=A; validated=skeleton:mokst
moxt som	moxt som				rudiments1924		yes	conf=B; validated=all-words-attested:moxt som; section=durieu-1879-vocabulary; gloss_state=unrecovered; raw=moxt som, Br. Lyesday,
moxt tatitan	Moxt tatitan	twenty			practical1886	2	yes	conf=B; validated=all-words-attested:moxt tatitan; type=number; ocr=numbers block read English-first, glosses assigned in order
msaika	msaika	You			rudiments1924		yes	conf=A; validated=skeleton:mesika+gloss; section=durieu-1879-vocabulary; raw=_msaika, * Co, You,
msaika	Msaika	you, your, yours			demers1871		no	conf=A; validated=skeleton:mesika+gloss
msecika	MSecika				rudiments1924		yes	conf=B; validated=skeleton:mesika; section=grammar-lists; gloss_state=unrecovered; raw=MSecika, C2, Ou,
mtickamuck	Mtick'-a-muck	Food; to eat; to drink			gill1909	65	no	conf=B; near=muckamuck; single_source=yes
muckamuck	Muck-a-muck	To eat; to bite; food		n,v	gibbs1863	17	no	conf=A; validated=exact:muckamuck; etym=Quaere u. d. MAKAMAK (Hale)
muckamuck	Muck-a-muck	'To eat; to bite; food			hibben1889	14	no	conf=A; validated=exact:muckamuck
muckamuck	Muck-a-muck	To eat; bite; food; imbibe; lunch; chew; browse; devour; suck food; nutrition; wienie; subsistence: ailment; diet; feast		n,v	shaw1909	17	no	conf=A; validated=exact:muckamuck; section=lexicon; origin=Quaere u. d. Mnkamak (Hale; etym=Neither Chinook nor Chihalis. Mr. Anderson considers it an invented word
muckamuck	Muck-a-muck	Food; to bite; to eat			gill1887	46	no	conf=A; validated=exact:muckamuck
muckamuck chuck	Muck-a-muck chuck	To drink water			gill1887	46	no	conf=A; validated=all-words-attested:muckamuck chuck; type=phrase
mula	Mula	mill, machine			demers1871		no	conf=A; validated=skeleton:moola+gloss; gloss_unverified=yes
mulak	Mulak	elk, moose			demers1871		no	conf=A; validated=skeleton:moolack+gloss
mulak man	Mulak man				demers1871		no	conf=B; validated=all-words-attested:mulak man; ditto=head repeated from previous entry; ocr_gloss=trader
mulet	mulet	mule			rudiments1898	9	yes	conf=C; section=chinook-vocabulary; raw=mulet ©? mule
musket	Mus'-ket	A gun or musket			gibbs1863	17	no	conf=A; validated=exact:musket; pos_ocr=garbled; etym=English, idem
musket	Musket	A gun or musket			hibben1889	14	no	conf=A; validated=exact:musket
musket	Mus'-ket	A gun or musket		n	shaw1909	17	no	conf=A; validated=exact:musket; section=lexicon; etym=English,-idem
musket	Musket	A musket; a gun			gill1909	65	no	conf=A; validated=exact:musket
musket	Musket	A gun; a musket			gill1887	46	no	conf=A; validated=exact:musket
musom	Musom	to sleep			demers1871		no	conf=A; validated=skeleton:moosum+gloss
myeena	My-ee'-na	To sing; a song. (Old Chinook.)			gill1909	65	no	conf=A; validated=skeleton:moon
na	Na	Theinterrogative particle			hibben1889	14	no	conf=A; validated=exact:na
na	Na	An interrogatory interjection			gill1909	65	no	conf=A; validated=exact:na
na	Na	An interrogatory syllable			gill1887	46	no	conf=A; validated=exact:na
na	Na	say, listen, here			demers1871		no	conf=A; validated=exact:na
na ah	Na ah	A mother. (Hale.) Peculiar to the Columbia, and now in fact obsolete, the English MA'MA being used instead		n	gibbs1863	17	no	conf=B; single_source=yes; etym=Chinook, TLKANAA
nah	Nah	Look here! I say! Nah sikhs! halloo, friend			hibben1889	14	no	conf=A; validated=exact:nah
nah	Nah	look here! Nanich, to see; look			shaw1909	32	no	conf=A; validated=exact:nah; section=lexicon
nah	Nah	Look here! I say!			gill1909	65	no	conf=A; validated=exact:nah
nah	Nah	Halloa! Look here! Nah, six! Halloa, friend			gill1887	46	no	conf=A; validated=exact:nah
naha	Na'-ha|Na-ah|Na-ha|Na-ab	A mother, (Hale.) Peculiar to the Columbia, and now in fact obsolete, the English 'mama' being used instead."- Gibbs | a mother		n	shaw1909	17	no	conf=B; near=nah; single_source=yes; section=lexicon; origin=Chinook; etym=Chinook,- Tlkanaa
nain	Nain	nine			practical1886	2	yes	conf=C; type=number; ocr=numbers block read English-first, glosses assigned in order
nam	nam	nine			rudiments1924		yes	conf=C; section=durieu-1879-vocabulary; raw=nam, nine,
nanamuks	Nanamuks	Glin:: phen table, name, |			demers1871		no	conf=B; validated=skeleton:nenamooks; gloss_unverified=yes
nanich	nanich				rudiments1924		yes	conf=A; validated=exact:nanich; section=durieu-1879-vocabulary; gloss_state=unrecovered; raw=nanich, JA. 0 5€,
nanich	Nanich	to look			practical1886	15	yes	conf=A; validated=exact:nanich+gloss; raw=Nanich, to look,
nanich	Nan'-Ich	To look; see; search			gill1909	65	no	conf=A; validated=exact:nanich; origin=uncertain
nanich	Nan-ich	To look; see; search			gill1887	46	no	conf=A; validated=exact:nanich
nanitsh	Nan'-itsh	Quaere u. d. To see; look; look for; seek		v	gibbs1863	17	no	conf=A; validated=exact:nanitsh
nanitsh	Nan-itsh	'To see; look; look for; seek			hibben1889	14	no	conf=A; validated=exact:nanitsh
nanitsh	Nan'-itsh|Nan-ich	To see; look; look for; seek; observe; glance; view; perceive; behold; listen; look here		v	shaw1909	17	no	conf=A; validated=exact:nanitsh; section=lexicon; origin=Quaere u. d.; etym=Nootka.-Nananitch. - Eells
nauits	Nau'-its	Mr. Hale gives this for off shore; on the stream		adv	gibbs1863	17	no	conf=A; validated=exact:nauits; etym=Chihalis, NOITSH
nauits	Nau-its	The sea beach			hibben1889	14	no	conf=A; validated=exact:nauits
nauits	Nau'-its	off shore; on the stream, Hale. The sea-beach. - Anderson			shaw1909	35	no	conf=A; validated=exact:nauits; section=supplemental; origin=Salish
nauits	Nau'-its	The sea beach; off-shore			gill1909	65	no	conf=A; validated=exact:nauits; origin=Chinook
nauits	Nau-its	The sea beach			gill1887	46	no	conf=A; validated=exact:nauits
nawilikea	nawilikea	yes			rudiments1924		yes	conf=B; validated=skeleton-edit1:nawitka+gloss; section=durieu-1879-vocabulary; ocr_gloss=Jog yes; gloss_cleaned=unknown OCR tokens dropped; raw=nawilikea, Jog yes
nawitika	Nawitika	yes			practical1886	13	yes	conf=A; validated=skeleton:nawitka+gloss; raw=Nawitika, yes
nawitka	nawitka	yes			rudiments1898	8	yes	conf=A; validated=exact:nawitka+gloss; section=chinook-vocabulary; ocr_gloss=Joz yes; gloss_cleaned=unknown OCR tokens dropped; raw=nawitka Joz yes
nawitka	Na-wit'-ka	Yes; certainly; yes indeed; to be sure		adv	gibbs1863	17	no	conf=A; validated=exact:nawitka; etym=Chinook, idem, Klikatat and Yakama, N'WITKA
nawitka	Na-wit-ka	Yes; certainly; yes indeed; to be sure			hibben1889	14	no	conf=A; validated=exact:nawitka
nawitka	Na-wit'-ka	Klikatat and Yakama,-N'witka.) Yes; certainlv; yes, indeed; to be sure; aye; assure Sly; indeed		adv	shaw1909	17	no	conf=A; validated=exact:nawitka; section=lexicon; origin=Chinook; etym=Chinook,-idem
nawitka	Na-wit'-ka	Yes; indeed; certainly			gill1909	65	no	conf=A; validated=exact:nawitka
nawitka	Na-wit-ka	Yes; certainly; indeed			gill1887	46	no	conf=A; validated=exact:nawitka
ne sika	Ne si'-ka	We; us; our			gibbs1863	19	no	conf=B; single_source=yes; pos_ocr=garbled; etym=Chinook, NISAIKA
necktie	Neck-tie	neck-tre			practical1886	9	yes	conf=B; validated=skeleton:ahncutty; gloss_unverified=yes; raw=Neck-tie, neck-tre
nem	Nem	A name. Mamook nem, to name, or call by name. *		n	gibbs1863	19	no	conf=A; validated=exact:nem; etym=English, NAME
nem	Nem	A name. Mamovok nem, to name or call by name			hibben1889	15	no	conf=A; validated=exact:nem
nem	Nem	A name		n	shaw1909	17	no	conf=A; validated=exact:nem; section=lexicon; origin=English; etym=Ensrlish,-Name
nem	Nem	A name			gill1887	46	no	conf=A; validated=exact:nem
nenamooks	nenamooks	land otter			rudiments1924		yes	conf=A; validated=exact:nenamooks+gloss; section=other-districts; raw=nenamooks, 299 , land otter,
nenamooks	Ne-nam-ooks	The land otter		n	gibbs1863	19	no	conf=A; validated=exact:nenamooks; etym=Chinook, ENANAMUKS
nenamooks	Ne-nam-ooks	The land otter			hibben1889	15	no	conf=A; validated=exact:nenamooks
nenamooks	Ne-nam-ooks	the land otter			shaw1909	35	no	conf=A; validated=exact:nenamooks; section=supplemental; origin=Chinook
nenamooks	Ne-nam'-ooks	The land otter			gill1909	65	no	conf=A; validated=exact:nenamooks
nenamooks	Ne-nam-ooks	The land otter			gill1887	46	no	conf=A; validated=exact:nenamooks
nesika	Ne-si-ka	We; us; our			hibben1889	15	no	conf=A; validated=exact:nesika
nesika	Ne-si'-ka	We; us; our		pron	shaw1909	17	no	conf=A; validated=exact:nesika; section=lexicon; origin=Chinook; etym=Chinook.-Nisaika
nesika	Ne-si-ka	We; us; ours			gill1887	46	no	conf=A; validated=exact:nesika
newah	Ne-wah	Hither; come or bring it to me			gill1887	46	no	conf=A; validated=skeleton:newhah
newhah	Ne'-whah	It seems to be an adverb used, as is often the case, as a verb, the meaning being hither, come, or bring it hither			gibbs1863	19	no	conf=A; validated=exact:newhah; etym=Chinook, NIWHA
newhah	Ne-whah	Hither; come, or bring it hither			hibben1889	15	no	conf=A; validated=exact:newhah
newhah	Ne-whah	Here, come here! Bring it here!			gill1909	65	no	conf=A; validated=exact:newhah
nibwa	Nibwa	let me see			demers1871		no	conf=C
nigga	Nig'-ga	Negro			gill1909	65	no	conf=B; single_source=yes
nika	Ni'-ka	/; me; my; mine		pron	gibbs1863	19	no	conf=A; validated=exact:nika; etym=Chinook, NAIKA
nika	Ni-ka	I; me; my; mine			hibben1889	15	no	conf=A; validated=exact:nika
nika	Ni'-ka	I; me; my; mine		pron	shaw1909	18	no	conf=A; validated=exact:nika; section=lexicon; origin=Chinook; etym=Chinook,-Naika
nika	Ni'-ka	I; me; mine; my			gill1909	65	no	conf=A; validated=exact:nika
nika	Ni-ka	I, my, mine, me			gill1887	46	no	conf=A; validated=exact:nika
nitz	Nitz	Grandmother			gill1887	46	no	conf=B; single_source=yes
nocae itlokom	Nocae itlokom	to gamble -" krell, to harden			practical1886	14	yes	conf=B; validated=all-words-attested:nocae itlokom; type=phrase; gloss_unverified=yes; raw=Nocae itlokom, to gamble -" krell, to harden
nose	Nose	nose			practical1886	8	yes	conf=A; validated=exact:nose+gloss; raw=Nose, nose
nose	Nose	The nose; also, a promontory		n	gibbs1863	19	no	conf=A; validated=exact:nose; etym=English, idem
nose	Nose	The nose: also, a promontory			hibben1889	15	no	conf=A; validated=exact:nose
nose	Nose	"(Buck-sid (Indian, -Common.) Bock-s'd." - Buchanan		n	shaw1909	18	no	conf=A; validated=exact:nose; section=lexicon; etym=English-idem
nose	Nose	The nose; cape or headland; bow of a boat			gill1909	65	no	conf=A; validated=exact:nose
nose	Nose	The nose; cape; headland; the bow of a boat			gill1887	46	no	conf=A; validated=exact:nose
nowich	Now'-ich	Island. (O. C.)			gill1909	65	no	conf=B; near=mowich; single_source=yes
nsaika	nsaika				rudiments1924		yes	conf=B; validated=skeleton:nesika; section=durieu-1879-vocabulary; gloss_state=unrecovered; raw=nsaika, 2 ¢, We,
nsaika	nsaika	we us			rudiments1898	8	yes	conf=B; validated=skeleton:nesika; section=chinook-vocabulary; raw=nsaika 24 we, us
nsaika	Nsaika	we, us - Msaika, you			practical1886	12	yes	conf=B; validated=skeleton:nesika; gloss_unverified=yes; raw=Nsaika, we, us - Msaika, you
nsaika	Nsaika	us, we, our, ours			demers1871		no	conf=A; validated=skeleton:nesika+gloss
ocoke	O-coke	This; that; it			gill1887	46	no	conf=B; near=okoke; single_source=yes
ofo	ofo	OF hungry			rudiments1924		yes	conf=C; section=163-original-words; raw=ofo, OF hungry,
oghuway	Og-hu-way	Much			gill1909	65	no	conf=B; single_source=yes; origin=Old Chinook
oibot	Oibot	road			demers1871		no	conf=C
oihat	oihat	road			rudiments1924		yes	conf=C; section=durieu-1879-vocabulary; ocr_gloss=oe road; gloss_cleaned=unknown OCR tokens dropped; raw=oihat, oe road.
oihat	Oihat	road			rudiments1898	8	yes	conf=C; section=chinook-vocabulary; ocr_gloss=Cra road; gloss_cleaned=unknown OCR tokens dropped; raw=Oihat Cra road
okale	Okale	bracelet			demers1871		no	conf=C
okchock	Ok-chock	Shoulders			gill1909	65	no	conf=A; validated=exact:okchock
okchock	Ok-chock	The shoulders			gill1887	46	no	conf=A; validated=exact:okchock
oke	Oke	To cry			gill1909	65	no	conf=B; single_source=yes; origin=Old Chinook
okoke	O'-koke|O'-kook	This; that; it		pron	gibbs1863	19	no	conf=A; validated=exact:okoke; etym=Chinook, OKOK
okoke	O'-koke|O'-kook	This; that; it; these; those; (differentiate by pointing)		pron	shaw1909	18	no	conf=A; validated=exact:okoke; section=lexicon; origin=Chinook; etym=Chinook,-Okok
okoke	O'-koke	This; that; it			gill1909	65	no	conf=A; validated=exact:okoke
okook	okook				rudiments1924		yes	conf=A; validated=exact:okook; section=durieu-1879-vocabulary; gloss_state=unrecovered; raw=okook, of CHS.
okook	O-kook	This; that; it			hibben1889	15	no	conf=B; single_source=yes
okuk	Okuk	ok, this, that, this one, that sees, Chiko kwan, to beecme gen tle			demers1871		no	conf=C; validated=edit1:oluk; gloss_unverified=yes
okuk towab	Okuk towab	to brighten			demers1871		no	conf=C; ditto=head repeated from previous entry; gloss_unverified=yes
okuste	O-kus-te	Daughter			gill1887	46	no	conf=A; validated=skeleton:okustee
okustee	O-kus-tee	A daughter			gill1909	65	no	conf=A; validated=skeleton:okuste
olali	olali	of berries			rudiments1898	8	yes	conf=C; section=chinook-vocabulary; raw=olali of berries
olali	Olali	fruit			practical1886	3	yes	conf=C; raw=Olali, fruit
olali stick	Olali stick	fruit tree. i			practical1886	4	yes	conf=C; type=phrase; raw=Olali stick, fruit tree. i
olallie	O'-lal-lie|O'-lil-lie	Originally the salmon berry		n	shaw1909	18	no	conf=B; near=olillie; single_source=yes; section=lexicon; etym=Belbella
olapitakl	O'-la-pita-kl	fire			shaw1909	35	no	conf=B; near=olapitske; single_source=yes; section=supplemental; origin=Chinook
olapitske	O-la-pits-ke	Fire			gill1887	47	no	conf=A; validated=skeleton:olapitskee
olapitskee	O'-la-pits'-kee	Fire			gill1909	65	no	conf=A; validated=skeleton:olapitske
olapitski	O'-la-pits-ki	Not prop erly a Jargon word		n	gibbs1863	19	no	conf=A; validated=exact:olapitski; etym=Chinook, OOLPITSKI. (Hale.) Fire
olapitski	O-la-pits-ki	Fire O-le-man, Old man: old; worn out			hibben1889	15	no	conf=A; validated=exact:olapitski
olbyiu	Ol'-by-iu	a seal			shaw1909	35	no	conf=B; near=olhyiu; single_source=yes; section=supplemental; origin=Chinook
olebaio	Olebaio	sea wolf			demers1871		no	conf=C
oleman	O'-le-man	An old man; old; worn out		n,adj	gibbs1863	19	no	conf=A; validated=exact:oleman; etym=English, OLD MAN
oleman	O'-le-man	An old man; old; worn out; stale		n,adj	shaw1909	18	no	conf=A; validated=exact:oleman; section=lexicon; origin=English; etym=English,-01d man
oleman	O'-le-man	Old; an old man; worn out			gill1909	65	no	conf=A; validated=exact:oleman
oleman	O'-le-man	Old man; old; worn out			gill1887	47	no	conf=A; validated=exact:oleman
oleman	Oleman	old, worn out			demers1871		no	conf=A; validated=exact:oleman+gloss
oleman	O'-le-man	Old man; worn out		n,adj	long1909		no	conf=A; validated=exact:oleman+gloss; align=head/gloss runs paired by line count
olhiyu	Ol'-hi-yu	The common seal			gill1909	65	no	conf=B; single_source=yes
olhyiu	Ol'-hy-iu	A seal		n	gibbs1863	19	no	conf=A; validated=exact:olhyiu; etym=Chinook, OLHAIYU
olhyiu	Ol-hy-iu	A seal			hibben1889	15	no	conf=A; validated=exact:olhyiu
olhyiu	Ol'-hy-iu	A seal			gill1887	47	no	conf=A; validated=exact:olhyiu
olhyiu	Ol'-hy-iu	A seal		n	long1909		no	conf=A; validated=exact:olhyiu+gloss; align=head/gloss runs paired by line count
olillee	O'-lil-lee	Berries			gill1909	65	no	conf=B; near=olillie; single_source=yes
olillie	O'-lil-lie|O'-lal-lie	Belbella, idem. (Tolmie.) Originally the salmon berry		n	gibbs1863	19	no	conf=A; validated=exact:olillie
olillie	O.-lil-lie	Berries. Shot olillie huckleberries			hibben1889	15	no	conf=A; validated=exact:olillie
olillies	O'-lil-lies	Berries. Shot 6-lil-lies; huckleberries			gill1887	47	no	conf=B; near=olillie; single_source=yes
olishinel	Olishinel	original			demers1871		no	conf=C; validated=skeleton-edit1:leseeblo
olman	Olman	old man			practical1886	4	yes	conf=A; validated=skeleton:oleman+gloss; raw=Olman, old man Olman cloochemin, old woman
olman	Olman				demers1871		no	conf=B; validated=skeleton:oleman; ocr_gloss=oldman
olman cloochemin	Olman cloochemin	old woman			practical1886	4	yes	conf=C; type=phrase; raw=Olman, old man Olman cloochemin, old woman
olo	olo	hungry			rudiments1924		yes	conf=A; validated=exact:olo+gloss; section=durieu-1879-vocabulary; ocr_gloss=OP hungry; gloss_cleaned=unknown OCR tokens dropped; raw=olo, OP hungry
olo	Olo	hungry			practical1886	11	yes	conf=A; validated=exact:olo+gloss; raw=Olo, hungry
olo	O'-lo	Hungry. Olo chuck, thirsty; olo moosum, sleepy		adj	gibbs1863	19	no	conf=A; validated=exact:olo; etym=Chinook, idem
olo	Olo	Hungry. Olo chuck, thirsty; olo moosum, sleepy			hibben1889	15	no	conf=A; validated=exact:olo
olo	O'-lo	Hungry		adj	shaw1909	18	no	conf=A; validated=exact:olo; section=lexicon; origin=Chinook; etym=Chinook,-idem
olo	O-lo	Hungry. O-lo chuck: thirsty			gill1887	47	no	conf=A; validated=exact:olo
olochok	Olo.chok	thirsty			practical1886	11	yes	conf=C; raw=Olo.chok, thirsty
olocl	olocl				rudiments1924		yes	conf=B; validated=skeleton:lacloa; section=grammar-lists; gloss_state=unrecovered; raw=" olocl, oY
olok	Olok	oleka, snake			demers1871		no	conf=A; validated=skeleton:oluk+gloss; gloss_unverified=yes
oluk	O'-luk	A snake		n	gibbs1863	19	no	conf=A; validated=exact:oluk; etym=Chihalis, idem
oluk	O-luk	Asnake			hibben1889	15	no	conf=A; validated=exact:oluk
oluk	O'-luk	a snake			shaw1909	35	no	conf=A; validated=exact:oluk; section=supplemental; origin=Salish
oluk	O'-luk	A snake; a reptile			gill1909	65	no	conf=A; validated=exact:oluk
oluk	O-luk	A snake			gill1887	47	no	conf=A; validated=exact:oluk
olwli	olwli				rudiments1924		yes	conf=B; validated=skeleton:lowiillo; section=163-original-words; ocr_gloss=dbernes; raw=olwli, 64%, dbernes,
oly	Oly	To cry		v	gibbs1863	3	no	conf=B; single_source=yes; etym=English
ona	O'-na	The razor fish or solen; clams		n	gibbs1863	19	no	conf=A; validated=exact:ona; etym=Chinook, EONA
ona	O'-na	razor fish or solen; clams			shaw1909	35	no	conf=A; validated=exact:ona; section=supplemental; origin=Chinook
ona	O'-na	Clam; clams. This word specially applied to			gill1909	65	no	conf=A; validated=exact:ona
ona	Ona	Clam; clams			gill1887	47	no	conf=A; validated=exact:ona
onekwan	One'-kwan	Basket; tin kettle; can			gill1909	65	no	conf=B; near=opekwan; single_source=yes
ooakut	Oo'-a-kut|Wayhut	A road; path; trail; way; highway; lane		n	shaw1909	18	no	conf=B; single_source=yes; section=lexicon; etym=Chinook,- Wehut, Yakima,-Wiet
ookook	Ookook	this			practical1886	12	yes	conf=C; validated=edit1:okook; raw=Ookook, this
ookook son	Ookook son	today			practical1886	10	yes	conf=C; type=phrase; raw=Ookook son, today Tanké son, yesterday
oolchus	Ool'-chus	Herring; herrings			gill1909	65	no	conf=A; validated=exact:oolchus
oolchus	Ool'-chus	The herring			gill1887	47	no	conf=A; validated=exact:oolchus
oopoots	Oopoots	small of the back			practical1886	8	yes	conf=A; validated=skeleton:opoots+gloss; raw=Oopoots, small of the back
ooskan	Oos'-kan	A cup; a bowl		n	gibbs1863	19	no	conf=A; validated=exact:ooskan; etym=Chinook
ooskan	Oos-kan	<A cup; a bowl			hibben1889	15	no	conf=A; validated=exact:ooskan
ooskan	Oos'-kan	a cup; a bowl			shaw1909	35	no	conf=A; validated=exact:ooskan; section=supplemental; origin=Chinook
ooskan	Oos'-kan	Bowl; cup			gill1909	65	no	conf=A; validated=exact:ooskan
ooskan	Oos-kan	A cup, or bowl			gill1887	47	no	conf=A; validated=exact:ooskan
ooskan	Oos'-kan	A cup; a bowl		n	long1909		no	conf=A; validated=exact:ooskan+gloss; align=head/gloss runs paired by line count
ootlum	Oot'-lum	The moon; a month			gill1909	65	no	conf=B; single_source=yes; origin=Old Chinook
opa	Opa	on, over, under, in			demers1871		no	conf=C
opekenar	Opekenar	basket			practical1886	10	yes	conf=C; raw=Opekenar, basket
opekwan	O'-pe-kwan	A basket; tin kettle		n	gibbs1863	19	no	conf=A; validated=exact:opekwan; etym=Chinook, OPEKWANH
opekwan	O-pe-kwan	A basket; tin kettle			hibben1889	15	no	conf=A; validated=exact:opekwan
opekwan	O'-pe-kwan	basket; can; tin kettle			shaw1909	35	no	conf=A; validated=exact:opekwan; section=supplemental; origin=Chinook
opekwan	O-pek'-wan	A basket; a can			gill1887	47	no	conf=A; validated=exact:opekwan
openpen	Openpen	peshes, skunk			demers1871		no	conf=C; gloss_unverified=yes
opitkegh	O-pit-kegh	A bow			gill1887	47	no	conf=A; validated=skeleton:opitkeh
opitkeh	O-pit'-keh	A bow for arrow shooting			gill1909	65	no	conf=A; validated=skeleton:opitkegh
opitlkegh	O'-pitl-kegh	A bow		n	gibbs1863	19	no	conf=B; near=opitkegh; single_source=yes; etym=Chinook, OPTLIKE
opitlkegrb	O'-pitl-kegrb	bow			shaw1909	35	no	conf=B; near=opitlkegh; single_source=yes; section=supplemental; origin=Chinook
opitlkeh	opitlkeh				rudiments1924		yes	conf=B; validated=skeleton:opitlkegh; section=other-districts; ocr_gloss=Gow; raw=opitlkeh, ovr, Gow,
opitsab	O'-pit-sab	knife, razor, sword			shaw1909	35	no	conf=B; near=opitsah; single_source=yes; section=supplemental; origin=Chinook
opitsah	O'-pit-sah	A knife. Opitsah yakka sikhs (the knife's friend), a fork		n	gibbs1863	19	no	conf=A; validated=exact:opitsah; etym=Chinook, 6ptSAKH
opitsah	O-pit'-sah	A knife. The table fork is sometimes called			gill1909	65	no	conf=A; validated=exact:opitsah
opitsah	O'-pit-sah	A knife			gill1887	47	no	conf=A; validated=exact:opitsah
opitsahsix	O'-pit-sah-six	A table fork, (companion to the knife.)			gill1887	47	no	conf=B; near=paseeooks; single_source=yes
opooch	O-pooch	Tail; posterior; stern of a vessel or boat			gill1909	65	no	conf=B; single_source=yes
opoots	O'-poots|O'-pOOtsh	The posterior; the fundament; the tail of an animal		n	gibbs1863	19	no	conf=A; validated=exact:opoots; etym=Chinook, OBEPUTSH, the fundament
opoots	O'-poots|O'pootsh	The fundament; the posterior; the tail of an animal; anus; end; rectum; stern; back; backside		n	shaw1909	19	no	conf=A; validated=exact:opoots; section=lexicon; origin=Chinook; etym=Chinook,- Obeputsh
opoots	O-poots	The posterior; tail of an animal; the rudder of a boat			gill1887	47	no	conf=A; validated=exact:opoots
opoots	O'-poots	Tail of animal; the posterior		n	long1909		no	conf=A; validated=exact:opoots+gloss; align=head/gloss runs paired by line count
opootssill	O-poots-sill	A breech-clout			gill1887	47	no	conf=B; single_source=yes
oputs	Oputs	end, tail; rudder, a-,: OFT Lass backside			demers1871		no	conf=A; validated=skeleton:opoots+gloss; gloss_unverified=yes
oquackakull	O-quack-a-kull	A wife			gill1887	47	no	conf=A; validated=skeleton:oqukakull
oquahtum	O-quah'-tum	Sister			gill1909	66	no	conf=A; validated=exact:oquahtum; origin=uncertain
oquahtum	O-quah-tum	Sister			gill1887	47	no	conf=A; validated=exact:oquahtum
oquanax	O-quan'-ax	The neck			gill1909	66	no	conf=A; validated=exact:oquanax
oquanax	O-quan-ax|le-koo	The neck			gill1887	47	no	conf=A; validated=exact:oquanax
oqukakull	O-quk'-a-kull	A wife; woman; sweetheart			gill1909	66	no	conf=A; validated=skeleton:oquackakull
oskan	Oskan	uskan, dish, cops é pp			demers1871		no	conf=B; validated=skeleton:ooskan; gloss_unverified=yes
otelagh	Ote-lagh	The sun. Not prop erly a Jargon word		n	gibbs1863	20	no	conf=A; validated=exact:otelagh; etym=(Hale.) Chinook, OOTLAKH
otelagh	Ote-lagh	The sun			hibben1889	15	no	conf=A; validated=exact:otelagh
otelagh	Ote-lag-h	the sun. Pchib, orPlt-cbib, (?), Thin, as of a board			shaw1909	35	no	conf=A; validated=exact:otelagh; section=supplemental; origin=Chinook
otelagh	Ote-lagh			n	long1909		no	conf=B; validated=exact:otelagh; unverified_gloss=The Sim; gloss_unverified=yes; align=head/gloss runs paired by line count
otetagh	O'-te-tagh	The sun			gill1887	47	no	conf=B; near=otelagh; single_source=yes
othe	othe	lo exchange			rudiments1924		yes	conf=C; section=durieu-1879-vocabulary; ocr_gloss=ony lo exchange; gloss_cleaned=unknown OCR tokens dropped; raw=othe, ony lo exchange,
othol	O'thol	Co exchange			rudiments1924		yes	conf=C; section=163-original-words; raw=O'thol, - rip, Co exchange,
otlah	O'-tlah	The sun			gill1909	66	no	conf=B; single_source=yes
otsatsach	Ots-ats-ach	Teeth			gill1909	66	no	conf=A; validated=exact:otsatsach
otsatsach	Ots-ats-ach|or|le-doh	The teeth			gill1887	47	no	conf=A; validated=exact:otsatsach
our	our	out			rudiments1898	10	yes	conf=C; section=chinook-vocabulary; raw=our out
ouwucheh	Ou-wu-cheh	A swan. IE3			gill1887	47	no	conf=A; validated=skeleton:owwoochee
ow	ow				rudiments1924		yes	conf=A; validated=exact:ow; section=163-original-words; ocr_gloss=yrunge brothe; raw=ow, OD, yrunge brothe,,
ow	ow				rudiments1898	8	yes	conf=A; validated=exact:ow+gloss; section=chinook-vocabulary; ocr_gloss=Oo obnger brother; raw=ow Oo obnger brother
ow	Ow	A brother younger than'the speaker Pp ~~ Pahtl Full			hibben1889	15	no	conf=A; validated=exact:ow
ow	Ow	A brother younger than the speaker		n	shaw1909	19	no	conf=A; validated=exact:ow; section=lexicon; etym=Chinook,-Au
ow	Ow	Brother, younger than the person speaking			gill1909	66	no	conf=A; validated=exact:ow
ow	Ow	A younger brother		n	long1909		no	conf=A; validated=exact:ow+gloss; align=head/gloss runs paired by line count
owwoochee	Ow-woo'-chee	Swan			gill1909	66	no	conf=A; validated=skeleton:ouwucheh
ox	Ox	man-mus= - eshestraas man of the lowest class; mean man			demers1871		no	conf=C; gloss_unverified=yes
pahkisilth	Pah-kis-ilth	Sharp			gill1887	48	no	conf=B; near=yahkisilth; single_source=yes
pahseooks	Pah-se-ooks	A Frenchman			gill1887	47	no	conf=A; validated=skeleton:paseeooks
pahtl	Pahtl	Full. 1'ahtl him or paht-luin, drunk; pahtl chuck, wetpahtl illahic, dirty; inamook pahtl, to Jill		adj	gibbs1863	20	no	conf=A; validated=exact:pahtl; etym=Chinook, PATL
pahtl	Pahtl	Full		adj	shaw1909	19	no	conf=A; validated=exact:pahtl; section=lexicon; origin=Chinook; etym=Chinook,-Patl
pahtl	Paht'l	Full			gill1909	66	no	conf=A; validated=exact:pahtl
pahtl	Pahtl	Full. Pahtl lum; drunk			gill1887	47	no	conf=A; validated=exact:pahtl
paia stick	Paia stick	fire wood			practical1886	9	yes	conf=C; type=phrase; raw=Paia stick, fire wood. -
paint	paint				rudiments1924		yes	conf=B; validated=skeleton:pent; section=durieu-1879-vocabulary; ocr_gloss=lo pant; raw=» paint, nl, lo pant,
paint	Paint	paint			practical1886	9	yes	conf=A; validated=skeleton:pent+gloss; raw=Paint, paint
pait	Pait	to fight			practical1886	15	yes	conf=C; raw=Pait, to fight
pala	pala	go fire			rudiments1898	8	yes	conf=C; validated=edit1:papa; section=chinook-vocabulary; raw=pala go fire
pamas	Pa-mas	Cold			gill1909	66	no	conf=B; near=kamas; single_source=yes; origin=Old Chinook
papa	pa'pa				rudiments1924		yes	conf=A; validated=exact:papa; section=grammar-lists; gloss_state=unrecovered; raw=pa'pa, bh 1 AEA,
papa	Papa	father			practical1886	4	yes	conf=A; validated=exact:papa+gloss; raw=Papa, father
papa	Papa	A father		n	gibbs1863	20	no	conf=A; validated=exact:papa; etym=English, idem
papa	Papa	A father			hibben1889	15	no	conf=A; validated=exact:papa
papa	Papa	A father		n	shaw1909	19	no	conf=A; validated=exact:papa; section=lexicon; etym=English-idem
papa	Papa	Same as in English			gill1909	66	no	conf=A; validated=exact:papa
papa	Pa-pa	A father			gill1887	47	no	conf=A; validated=exact:papa
papa	Papa	A father		n	long1909		no	conf=A; validated=exact:papa+gloss; align=head/gloss runs paired by line count
papah	Pa'-pah	Paper; a letter or any writing			gill1909	66	no	conf=A; validated=exact:papah
papah	Pa-pah	Paper			gill1887	47	no	conf=A; validated=exact:papah
papoos	papoos	child			rudiments1898	8	yes	conf=C; section=chinook-vocabulary; ocr_gloss=LaL child; gloss_cleaned=unknown OCR tokens dropped; raw=papoos' LaL child
pasaiuks	Pasaiuks	French			demers1871		no	conf=A; validated=skeleton:paseeooks+gloss
paseeooks	Pa-see'-ooks	French or Canadian French			gill1909	66	no	conf=A; validated=skeleton:pasiooks
paseesee	Pa-see'-see	Blanket; woolen cloth			gill1909	66	no	conf=A; validated=skeleton:paseesie
paseesie	Pa'see-sie	A blanket; woollen cloth		n	gibbs1863	20	no	conf=A; validated=exact:paseesie; etym=Chinook, PASISI
paseesie	Pa-see-sie	A blanket; woolen cloth Pa-si ooks			hibben1889	15	no	conf=A; validated=exact:paseesie
paseesie	Pa'-see-sie	A blanket; soft woolen cloth		n	long1909		no	conf=A; validated=exact:paseesie+gloss; align=head/gloss runs paired by line count
pasese	Pa-se-se	A blanket; woolen cloth			gill1887	47	no	conf=A; validated=skeleton:paseesee
pasiooks	Pa-si'-ooks	Mr. Hale supposed this to be a corruption of the French word Franfais		n,adj	gibbs1863	20	no	conf=A; validated=skeleton:paseeooks; etym=Chinook, PAsisiuxs. French, a French man
pasiooks	Pa-si'-ooks			n,adj	long1909		no	conf=B; validated=exact:pasiooks; unverified_gloss=A Frenchman; align=head/gloss runs paired by line count
pasisse	Pasisse	blanket, woolen Qs abate; high, 'Tne: ven, sky			demers1871		no	conf=A; validated=skeleton:paseesee+gloss; gloss_unverified=yes
paska	Paska				rudiments1924		yes	conf=B; validated=skeleton:peshak; section=religious-words; ocr_gloss=Sys do; raw=Paska, Sys do,
passaiooks	Passaiooks	Frenchman. a			practical1886	7	yes	conf=A; validated=skeleton:pahseooks+gloss; raw=Passaiooks, Frenchman. a
passayoox	Passayoox	Frenchman			rudiments1924		yes	conf=A; validated=skeleton:pahseooks+gloss; section=durieu-1879-vocabulary; raw=Passayoox, bs, Frenchman,
passissi	Passissi	blanket			practical1886	9	yes	conf=A; validated=skeleton:paseesee+gloss; raw=Passissi, blanket
paston	Paston	American			demers1871		no	conf=B; validated=skeleton-edit1:boston+gloss
pat	pat	full ee			rudiments1898	8	yes	conf=B; validated=witness:demers1871:pati; section=chinook-vocabulary; raw=pat j/ full ee
patate	patate	potatoes			rudiments1898	9	yes	conf=C; validated=edit1:latate; section=chinook-vocabulary; ocr_gloss=bp potatoes; gloss_cleaned=unknown OCR tokens dropped; raw=patate bp potatoes
pati	Pati				demers1871		no	conf=B; validated=witness:rudiments1898:pat; ocr_gloss=full, filled, satiated
patl	patl				rudiments1924		yes	conf=A; validated=skeleton:pahtl+gloss; section=grammar-lists; ocr_gloss=oe ae | vy full; raw=patl, oe ae
patlach	patlach				rudiments1924		yes	conf=B; validated=skeleton:potlatch; section=163-original-words; gloss_state=unrecovered; raw=patlach, »7> logevre,
patlach	patlach	give			rudiments1898	8	yes	conf=A; validated=skeleton:potlatch+gloss; section=chinook-vocabulary; ocr_gloss=give Ga; gloss_cleaned=unknown OCR tokens dropped; raw=patlach .s* give Ga
patlash	Patlash	to give			practical1886	15	yes	conf=C; raw=Patlash, to give
patle	Patle	full			practical1886	11	yes	conf=A; validated=skeleton:pahtl+gloss; raw=Patle, full
patloch	patloch	lo give			rudiments1924		yes	conf=A; validated=skeleton:potlatch+gloss; section=durieu-1879-vocabulary; ocr_gloss=ay lo Give; gloss_cleaned=unknown OCR tokens dropped; raw=patloch, ay lo Give,
patsuk	Pat'suk	Between			gill1909	66	no	conf=A; validated=exact:patsuk
patsuk	Pat-suk	Between			gill1887	47	no	conf=A; validated=exact:patsuk
pawitch	pawitch				rudiments1924		yes	conf=B; validated=skeleton:powich; section=other-districts; ocr_gloss=rabapple; raw=pawitch, ben, rabapple,.
pche	P'che	Thin, flat, like a board. (Little used now)			gill1909	66	no	conf=A; validated=skeleton:pchih; origin=uncertain
pchih	Pchih|Pit-chih	Quaere u. d. Thin in dimension, as of a board. (Shaw.) Not in common use		adj	gibbs1863	20	no	conf=A; validated=skeleton:pche
pe	Pe|Pee	And; but; Eells says and and out are its only meanings		conj	shaw1909	20	no	conf=B; single_source=yes; section=lexicon; origin=French; etym=Prencli,-Puis
pe htem	pe h'tem				rudiments1924		yes	conf=B; validated=all-words-attested:pe htem; section=163-original-words; gloss_state=unrecovered; raw=pe h'tem, "v4> msane.,
pechugh	Pe-chugh	Green		adj	gibbs1863	20	no	conf=A; validated=exact:pechugh; etym=Chinook, PTSEKH
pechugh	Pe-chugh	Green. Pee. Then; besides; ard; or; but			hibben1889	15	no	conf=A; validated=exact:pechugh
pechugh	Pec-hug-h	Green			gill1887	47	no	conf=A; validated=exact:pechugh
pechugh	Pe-chugh	Green		adj	long1909		no	conf=A; validated=exact:pechugh+gloss; align=head/gloss runs paired by line count
pechuk	Pe-chuk	Green in color			gill1909	66	no	conf=B; single_source=yes
pee	Pee	(Anderson.) Then; besides; and; or; but			gibbs1863	20	no	conf=A; validated=exact:pee; pos_ocr=garbled; etym=French, Puis
pee	Pee	And, then, beside			gill1909	66	no	conf=A; validated=exact:pee; origin=French
pee	Pee	Then; besides; and, or but			gill1887	47	no	conf=A; validated=exact:pee
peeweghf	Pee-weghf	And also; beside; which			gill1887	48	no	conf=B; single_source=yes
pehih	Pehih|Pit-chih	Thin in dimensions			hibben1889	15	no	conf=B; near=pchih; single_source=yes
pehpah	Peh'-pah	Paper; a letter; any writiny		n	gibbs1863	20	no	conf=A; validated=exact:pehpah; etym=English, PAPER
pehpah	Peh-pah	Paper; a letter; any writing			hibben1889	16	no	conf=A; validated=exact:pehpah
pehpah	Peh'-pah	Paper; letter; writing		n	long1909		no	conf=A; validated=exact:pehpah+gloss; align=head/gloss runs paired by line count
pehpan	Peh'-pan|Fapah	Paper; a letter; any writing-; book; message		n	shaw1909	20	no	conf=B; near=pehpah; single_source=yes; section=lexicon; etym=English,-Paper
pehwali	pehwali	Chin			rudiments1924		yes	conf=B; validated=skeleton:powil; section=other-districts; raw=pehwali, Ingo, Chin,
peint	Peint	paint, colour | to paint			demers1871		no	conf=A; validated=skeleton:pent+gloss; gloss_unverified=yes
pel	pel				rudiments1898	8	yes	conf=A; validated=skeleton:pil+gloss; section=chinook-vocabulary; ocr_gloss=y red Ghee; raw=pel y red Ghee
pel ef	pel ef	blood			rudiments1924		yes	conf=C; section=163-original-words; raw=pel ef, VV, blood,
pelhten	pelhten	fool			rudiments1924		yes	conf=A; validated=skeleton:pelton+gloss; section=durieu-1879-vocabulary; ocr_gloss=vy fool; gloss_cleaned=unknown OCR tokens dropped; raw=pelhten, vy fool,
pelhten	Pelhten	crazy			practical1886	11	yes	conf=A; validated=skeleton:pelton+gloss; raw=Pelhten, crazy
pelpel	Pelpel	blood			practical1886	8	yes	conf=A; validated=skeleton:pilpil+gloss; raw=Pelpel, blood
pelpel	Pelpel				demers1871		no	conf=A; validated=skeleton:pilpil+gloss; ocr_gloss=blood.. -Pel, red, vermillion: ©: Paiia lainotais, Spanish flies
pelton	Pel-ton	<A fool; foolish; crazy			hibben1889	16	no	conf=A; validated=exact:pelton
pelton	Pel'-ton|Pehlten	A fool; foolish; crazy; absurd; insane		n,adj	shaw1909	20	no	conf=A; validated=exact:pelton; section=lexicon; etym=Jargon
pelton	Pel'-ton	Crazy; demented; foolish. (This word was taken by the Indians to signify crazy, hearing it applied to a demented man named Pelton among the Astorians of x8xi.)			gill1909	66	no	conf=A; validated=exact:pelton
pent	Pent	Paint. Mam-ook pent; to paint			gill1887	48	no	conf=B; single_source=yes
pent	Pent	Paint		n,adj	long1909		no	conf=A; validated=exact:pent+gloss; align=head/gloss runs paired by line count
pepa	Pepa	paper			practical1886	7	yes	conf=C; validated=edit1:papa; raw=Pepa, paper
pepa	Pepa	paper, book, letter			demers1871		no	conf=C; validated=edit1:papa
peshak	peshak	bad			rudiments1924		yes	conf=A; validated=exact:peshak+gloss; section=other-districts; raw=peshak, t-», bad,
peshak	Pe-shak|Pe-shuk	Bad		adj	gibbs1863	20	no	conf=A; validated=exact:peshak; etym=Nootka, PESHUK, Nittinat, idem
peshak	Pe-shak	Bad			hibben1889	16	no	conf=A; validated=exact:peshak
peshak	Pe-shak	Bad			gill1909	66	no	conf=A; validated=exact:peshak; origin=Nootka
peshak	Pe-shak	Bad			gill1887	48	no	conf=A; validated=exact:peshak
pet	Pet	bed			demers1871		no	conf=C
pete	Pete	to pay up			practical1886	15	yes	conf=C; validated=edit1:pee; gloss_unverified=yes; raw=Pete, to pay up
petlelr	Petlelr	petlet, thick			demers1871		no	conf=B; validated=skeleton-edit1:pitlilh+gloss; gloss_unverified=yes
petsib	Petsib	green			demers1871		no	conf=B; validated=skeleton:opitsab
pewhattie	Pe-what'-tie	Thin, like paper, &c		adj	gibbs1863	20	no	conf=A; validated=exact:pewhattie; etym=Chinook, PIIIWATI
pewhattie	Pe-what-tie	Thin. like paper			hibben1889	16	no	conf=A; validated=exact:pewhattie
pewhattie	Pe-what'-tie	thin, slight, flamsy			shaw1909	35	no	conf=A; validated=exact:pewhattie; section=supplemental; origin=Chinook
pewhatty	Pe-what'-ty	Flimsy; thin; slight			gill1909	67	no	conf=A; validated=skeleton:pewhattie
pglawash	pglawash	afraid			rudiments1898	7	yes	conf=C; section=chinook-vocabulary; ocr_gloss=GAN afraid; gloss_cleaned=unknown OCR tokens dropped; raw=pglawash GAN afraid
pi	Pi	and			practical1886	13	yes	conf=C; raw=Pi, and
piah	Pi'-ah	Fire; ripe; cooked		n,adj	gibbs1863	20	no	conf=A; validated=exact:piah; etym=English, FIRE
piah	Pi-ah	Fire; ripe; cooked			hibben1889	16	no	conf=A; validated=exact:piah
piah	Pi'-ah	Fire; ripe; cooked; mature; blaze; flame; burned; mellow		n,adj	shaw1909	20	no	conf=A; validated=exact:piah; section=lexicon; origin=English
piah	Pi'-ah	Fire; cooked; ripe			gill1909	67	no	conf=A; validated=exact:piah
piah	Pi-ah	Fire; ripe; cooked			gill1887	48	no	conf=A; validated=exact:piah
pichah	pichah	green			rudiments1924		yes	conf=A; validated=skeleton:pechugh+gloss; section=other-districts; raw=pichah, Lr., green,
pil	Pil	Father Pandosy gives PILPILP, as signifying red, in the Nez Perce or Sahaptin, also		adj	gibbs1863	21	no	conf=A; validated=exact:pil; etym=Chinook, TLPELPKL
pil	Pil	Red; of a reddish color			hibben1889	16	no	conf=A; validated=exact:pil
pil	Pil	Red; of a reddish color		adj	shaw1909	20	no	conf=A; validated=exact:pil; section=lexicon; etym=C
pil	Pil	Red, reddish			gill1909	67	no	conf=A; validated=exact:pil
pil	Pil	Red; of reddish color			gill1887	48	no	conf=A; validated=exact:pil
pil	Pil	pel, red			demers1871		no	conf=A; validated=exact:pil+gloss; gloss_unverified=yes
pilpil	Pil'-pil	Blood. Mahsh pilpil, to bleed; to menstruate		n	gibbs1863	21	no	conf=A; validated=exact:pilpil; etym=Jargon
pilpil	Pil-pil	Blood. Mahsh pilpil, to bleed			hibben1889	16	no	conf=A; validated=exact:pilpil
pilpil	Pil'-pil	Blood. Hiyu pipil chako,- much blood came		n	shaw1909	20	no	conf=A; validated=exact:pilpil; section=lexicon; etym=Jargon
pilpil	Pil-pil	Blood; bloody			gill1909	67	no	conf=A; validated=exact:pilpil
pilpil	Pil-pil	Blood; bloody			gill1887	48	no	conf=A; validated=exact:pilpil
pilten	Pilten	foolish, crazy, ally, ignorant			demers1871		no	conf=A; validated=skeleton:pelton+gloss; gloss_unverified=yes
pilton	Pil-ton	Foolish; crazy			gill1887	48	no	conf=A; validated=skeleton:pelton
pin	Pin	pin			practical1886	9	yes	conf=C; raw=Pin, pin
pioche	pioche	pick			rudiments1924		yes	conf=C; section=french-words; raw=, pioche, ALON, pick,
pis	Pis	to make water			demers1871		no	conf=C
pish	Pish	Fish			hibben1889	16	no	conf=A; validated=exact:pish
pish	Pish	A fish; to fish			gill1909	67	no	conf=A; validated=exact:pish
pish	Pish	Fish			gill1887	48	no	conf=A; validated=exact:pish
pishak	Pishak	bad, wicked			demers1871		no	conf=A; validated=skeleton:peshak+gloss
pishpish	Pish-pish				shaw1909	20	no	conf=A; validated=exact:pishpish; type=crossref; section=lexicon; xref=Puss-puss.
pishpish	Pish-pish				gill1909	67	no	conf=A; validated=exact:pishpish; type=crossref; xref=puss-puss
pitlilb	Pit-lilb	thick, as molasses			shaw1909	35	no	conf=B; near=pitlilh; single_source=yes; section=supplemental; origin=?
pitlilh	Pit-lilh|Pit-hlil	Quare u. d. Thick in consistence, as molasses		adj	gibbs1863	21	no	conf=A; validated=exact:pitlilh
pitlilh	Pit-lilh	Thick in consistence, as molasses			hibben1889	16	no	conf=A; validated=exact:pitlilh
pitlill	Pit-lill	Thick; viscid			gill1909	67	no	conf=A; validated=skeleton:pitlilh; origin=uncertain
pitlilth	Pit-lilth	Thick in substance, as m@lasses			gill1887	48	no	conf=B; near=pitlilh; single_source=yes
pitwatie	Pit-wa-tie	Thin in dimensions			gill1887	48	no	conf=B; near=pewhattie; single_source=yes
piupiu	Piu-piu	Or from the sound often ut tered expressive of disgust at a bad smell		n	gibbs1863	21	no	conf=A; validated=exact:piupiu; etym=French, PUEK, to stink
piupiu	Piu-piu	To stink; a skunk |			hibben1889	16	no	conf=A; validated=exact:piupiu
piupiu	Piu-piu	To stink. Or from the sound often uttered expressive of disgust at a bad smell		n,v	shaw1909	20	no	conf=A; validated=exact:piupiu; section=lexicon; origin=French; etym=French,- puer
plah	Plah|la-plah	Dish, or plate			gill1887	48	no	conf=B; near=piah; single_source=yes
play	Play	to play			practical1886	15	yes	conf=C; validated=edit1:plah; raw=Play, to play Wawa kla'hawi4am, to salute
plie	Plie	to pray			demers1871		no	conf=C; gloss_unverified=yes
plopet	Plopet	prophet			demers1871		no	conf=C; validated=skeleton-edit1:lapote
plum	Plum	broom			demers1871		no	conf=C; validated=edit1:lum
poh	Poh	To Blow. Mamook pon, to blow out or extinguish, as a candle			hibben1889	16	no	conf=A; validated=exact:poh
poh	Poh	To blow; a puff of breath		v	shaw1909	20	no	conf=A; validated=exact:poh; section=lexicon; etym=Chinook,-idem
poh	Poh	A puff of breath			gill1909	67	no	conf=A; validated=exact:poh
poh	Poh	To blow. Mam-ook poh: to blow out			gill1887	48	no	conf=A; validated=exact:poh
polakle	Polakle	night, evening			demers1871		no	conf=A; validated=skeleton:polaklhe+gloss
polaklhe	Po-lak-lhe	Night; darkness; dark			hibben1889	16	no	conf=A; validated=skeleton:polaklie
polaklie	Po'-lak-lie	Jfiyht; darkness; dark		n,adj	gibbs1863	21	no	conf=A; validated=skeleton:polaklhe; etym=Chinook, POLAKLI
polakly	Po-lak'-ly	Dark; night			gill1909	67	no	conf=A; validated=exact:polakly
polakly	Po-lak-ly	Night; dark. Te-nas po-lak-ly: evening			gill1887	48	no	conf=A; validated=exact:polakly
polale elehi	Polale elehi	sand			demers1871		no	conf=C; ditto=head repeated from previous entry
polally	Po'-lal-ly	Dust; sand; gunpowder			gill1909	67	no	conf=A; validated=exact:polally
polally	Po-lal-ly|P6-lal-ly	Gunpowder; dust; sand			gill1887	48	no	conf=A; validated=exact:polally; ocr=head digit/capital read as accented vowel
polally illahee	Po-lal-ly il-la-hee	Sandy ground: ocean beach			gill1887	48	no	conf=A; validated=all-words-attested:polally illahee; type=phrase
poll	Poll	By onoma. Mamook poh, to bloio out or extinguiah, as a candle		v	gibbs1863	21	no	conf=B; single_source=yes; etym=Chinook, idem
poo	poo				rudiments1924		yes	conf=A; validated=exact:poo+gloss; section=163-original-words; ocr_gloss=b gun shot; gloss_state=unrecovered; raw=poo, b> shot,
poo	poo				rudiments1898	8	yes	conf=A; validated=exact:poo; section=chinook-vocabulary; ocr_gloss=explosion; raw=poo explosion
poo	Poo	report of a gun			practical1886	9	yes	conf=A; validated=exact:poo+gloss; gloss_unverified=yes; raw=Poo, report of a gun
poo	Poo	Mauiook poo, to shoot; moxt poo, a double-barrelled yun; tohum poo, a sixshooter			gibbs1863	21	no	conf=A; validated=exact:poo; pos_ocr=garbled; etym=By onoma. (Hale.) The sound of a yun
poo	Poo	The sound of a gun			hibben1889	16	no	conf=A; validated=exact:poo
poo	Poo	The sound of a gun		n	shaw1909	20	no	conf=A; validated=exact:poo; section=lexicon; etym=By onoma,- (Hale
pooki	Pooki	rotten			practical1886	11	yes	conf=C; raw=Pooki, rotten
poolakle	poolakle				rudiments1924		yes	conf=B; validated=skeleton:polaklhe; section=durieu-1879-vocabulary; gloss_state=unrecovered; raw=poolakle, b 2p ntgxhl
poolakle	Poolakle	night			practical1886	3	yes	conf=A; validated=skeleton:polaklhe+gloss; raw=Poolakle, night
poolale	poo'lale	dust			rudiments1898	8	yes	conf=A; validated=skeleton:polally+gloss; section=chinook-vocabulary; raw=poo'lale -47 dust
poole	Poo-le	Rotten			gill1887	48	no	conf=A; validated=skeleton:poolie
poolie	Poo'-lie	Rotten		adj	gibbs1863	21	no	conf=A; validated=exact:poolie; etym=French, POURRI
poolie	Poo-lie	Rotten			hibben1889	16	no	conf=A; validated=exact:poolie
poolie	Poo'-lie	rotten			shaw1909	35	no	conf=A; validated=exact:poolie; section=supplemental; origin=French
poos	Poos	cat			practical1886	5	yes	conf=C; validated=edit1:pows; raw=Poos, cat
poospoos	poospoos	they			rudiments1924		yes	conf=B; validated=skeleton:pishpish; section=sound-words-districts; ocr_gloss=they Cee; gloss_cleaned=unknown OCR tokens dropped; raw=poospoos, they Cee
porpa	porpa	father			rudiments1924		yes	conf=C; section=22-more-words; raw=porpa, bb, father,
pos	Pos	spos, i			practical1886	13	yes	conf=A; validated=exact:pos; gloss_unverified=yes; raw=Pos, spos, i
pos	Pos	Suppose. Used sometimes instead of spose			gill1909	67	no	conf=B; single_source=yes
possiette	Possiette	plate			rudiments1924		yes	conf=B; validated=skeleton:ipsoot; section=other-districts; raw=Possiette, Ane, plate,
pot	Pot	boat, vessel			demers1871		no	conf=C
potlatch	Pot'-latch|Paht'-latsh	A gift; to give		n,v	gibbs1863	21	no	conf=A; validated=exact:potlatch; etym=Nootka, PAHCHILT (Jewitt), PACHAETL, or PACHATL (Cook)
potlatch	Pot-latch	A gift; to give			hibben1889	16	no	conf=A; validated=exact:potlatch
potlatch	Pot'-latch|Faht-latsh	Pachaetl. or Pachatl, (Cook)		n,v	shaw1909	20	no	conf=A; validated=exact:potlatch; section=lexicon; origin=Nootka; etym=Nootka,- Pahchilt, (Jewitt
potlatch	Pot'-latch	To give; a gift			gill1909	67	no	conf=A; validated=exact:potlatch; origin=Nootka
potlatch	Pot-latch	A gift; to give			gill1887	48	no	conf=A; validated=exact:potlatch
powhilb	Powhilb	to swell up			demers1871		no	conf=B; validated=skeleton-edit1:powil+gloss
powich	Pow'-ich	The native thornapple or crabapple			gill1909	68	no	conf=B; near=mowich; single_source=yes
powil	Pow'-il	To swell			gill1909	68	no	conf=B; single_source=yes
powitsb	Pow'-itsb	crab-apple			shaw1909	35	no	conf=B; near=powitsh; single_source=yes; section=supplemental; origin=Chinook
powitsh	Pow'-itsh	A crab-apple		n	gibbs1863	21	no	conf=A; validated=exact:powitsh; etym=Chinook, PAUITSH
powitsh	Pow-itsh	A crab apple ** |			hibben1889	16	no	conf=A; validated=exact:powitsh
powitsh	Pow-itsh	A crab-apple			gill1887	48	no	conf=A; validated=exact:powitsh
pows	Pows	Halibut			gill1909	68	no	conf=B; single_source=yes
poxpok	Poxpok	to fight, Strike with the fits			demers1871		no	conf=B; validated=skeleton-edit1:pukpuk+gloss; gloss_unverified=yes
pukpuk	Puk'-puk	A bloio with the fist; a fistfight		n	gibbs1863	21	no	conf=A; validated=exact:pukpuk; etym=Probably an invented word
pukpuk	Puk-puk	A blow with the fist; a fist-fight			hibben1889	16	no	conf=A; validated=exact:pukpuk
pukpuk	Puk'-puk	A blow with the fist; a fist-fight		n	shaw1909	21	no	conf=A; validated=exact:pukpuk; section=lexicon; etym=Probably an invented word
pukpuk	Puk-puk	A blow with the fist; to strike			gill1909	68	no	conf=A; validated=exact:pukpuk; origin=Jargon
pukpuk	Puk-puk	A blow with the fist; to fight with fists			gill1887	48	no	conf=A; validated=exact:pukpuk
puli	Puli	rotten, spoiled			demers1871		no	conf=A; validated=skeleton:poole+gloss; gloss_unverified=yes
punt	punt				rudiments1924		yes	conf=B; validated=skeleton:pent; section=durieu-1879-vocabulary; ocr_gloss=b pune; raw=punt, b pune,
pupu	Pu-pu	Stench; to stink			gill1909	67	no	conf=B; single_source=yes
pus	Pus	for, if, when, in order to, that, - ge			demers1871		no	conf=C; gloss_unverified=yes
pusk	Pusk				rudiments1924		yes	conf=B; validated=skeleton:peshak; section=durieu-1879-vocabulary; ocr_gloss=Easter; raw=Pusk, Easter,
puspus	Puspus	eat			demers1871		no	conf=B; validated=skeleton:pishpish
pusspuss	Puss'-puss	A cat. On Puget Sound, pronounced 2»yh-pish		n	gibbs1863	21	no	conf=A; validated=exact:pusspuss; etym=English
pusspuss	Puss-puss	A cat. Hyas pusspuss, a panther or cougar			hibben1889	16	no	conf=A; validated=exact:pusspuss
pusspuss	Puss'-puss	A cat.. (On Puget Sound, pronounced Pish-pish.) - Eells		n	shaw1909	21	no	conf=A; validated=exact:pusspuss; section=lexicon; origin=English
pusspuss	Puss-puss	A cat. In the North called pish-pish			gill1909	68	no	conf=A; validated=exact:pusspuss
pusspuss	Puss-puss	A cat. Puss-puss (hy-as); a panther			gill1887	48	no	conf=A; validated=exact:pusspuss
qpitlkegh	Q-pitl-kegh	A bow			hibben1889	15	no	conf=B; near=opitlkegh; single_source=yes
qpitsah	Q-pit-sah	A knife. Opitsah alae sikhs, (the knife's friend) afork			hibben1889	15	no	conf=B; near=opitsah; single_source=yes
qpoots	Q-poots	The posterior; the tail of an animal			hibben1889	15	no	conf=B; near=opoots; single_source=yes
rolialderler	Rolia-lderler	bird			rudiments1924		yes	conf=C; section=durieu-1879-vocabulary; ocr_gloss=Wy bird; gloss_cleaned=unknown OCR tokens dropped; raw=Rolia-lderler, Wy bird,
sabalitai	Sabali-Tai	God			demers1871		no	conf=C; validated=skeleton-edit1:sbut
sacramenta	Sacramenta	The Sacraments			practical1886	16	yes	conf=C; type=religious; ocr=row-aligned two-column table; gloss_unverified=yes
saghale	Sagh-a-le	Up; above; high			hibben1889	16	no	conf=A; validated=skeleton:saghalie
saghalie	Sagh-a-lie|Sah'-ha-lie	Up; above; high			gibbs1863	21	no	conf=A; validated=skeleton:saghale; pos_ocr=garbled; etym=Chinook, SAKHALI, Clatsop, UKHSHAKHAU
saghalie	Sagh-a-lie	Up; above; high		adj	long1909		no	conf=A; validated=exact:saghalie+gloss; align=head/gloss runs paired by line count
sahale	Sa'hale	up			practical1886	13	yes	conf=C; validated=edit1:sahhale; raw=Sa'hale, up
sahale elche	Sahale elche				rudiments1924		yes	conf=B; validated=all-words-attested:sahale elche; section=durieu-1879-vocabulary; gloss_state=unrecovered; raw=Sahale elche, 90/1 he Hy,
sahale elehe	Sahale Elehe	Heaven			practical1886	16	yes	conf=C; type=religious; ocr=row-aligned two-column table
sahale hlehe	Sa'hale Hlehe	the Sky			practical1886	2	yes	conf=C; type=phrase; raw=Sa'hale Hlehe, the Sky
sahale tace	Sahale Tace				practical1886	17	yes	conf=B; validated=all-words-attested:sahale tace; type=religious; ocr=row-aligned two-column table; ocr_gloss=Lo, Commandments. y
sahale tate	Sahale Tate	God			practical1886	16	yes	conf=C; type=religious; ocr=row-aligned two-column table
sahale tate papa	Sahale Tate Papa	God the Father			practical1886	16	yes	conf=C; type=religious; ocr=row-aligned two-column table
sahhale	Sah'-ha-le|Sagh-a-le	Up; above; high			gill1887	48	no	conf=A; validated=skeleton:saghale
sahhalee	Sah'-ha-lee	Above; up; high; heaven; the top			gill1909	68	no	conf=A; validated=skeleton:saghale
sail	Sail|Sill	A sail; any cotton or linen goods			gibbs1863	22	no	conf=A; validated=exact:sail; pos_ocr=garbled; etym=English, SAIL
sail	Sail	A sail; any cotton or linen goods			hibben1889	16	no	conf=A; validated=exact:sail
sail	Sail|Sill	A sail; or any cotton or linen goods		n	shaw1909	21	no	conf=A; validated=exact:sail; section=lexicon; etym=English, - sail
sail	Sail|sell or sill	A sail; cotton or linen cloth			gill1909	68	no	conf=A; validated=exact:sail
sail	Sail	A sail; cotton goods			gill1887	48	no	conf=A; validated=exact:sail
saintespri	Saint-Espri	The Holy Ghost			practical1886	16	yes	conf=C; type=religious; ocr=row-aligned two-column table; gloss_unverified=yes
sakalooks	Sakalooks	pants			rudiments1924		yes	conf=A; validated=skeleton:sakiileks+gloss; section=durieu-1879-vocabulary; ocr_gloss=ye pants; gloss_cleaned=unknown OCR tokens dropped; raw=Sakalooks, ye pants,
sakalooks	Sakalooks				practical1886	9	yes	conf=A; validated=skeleton:sakiileks+gloss; ocr_gloss=pants Kikoolé sakalooks drawers; raw=Sakalooks, pants Kikoolé sakalooks drawers
sakaluks	Sakaluks	pants			demers1871		no	conf=A; validated=skeleton:sakiileks+gloss
sakiileks	Sa-kiil-eks	Pants, or leggings			gill1887	49	no	conf=A; validated=skeleton:sakoleks
sako	Sako	pants			rudiments1898	8	yes	conf=C; section=chinook-vocabulary; raw=Sako looks~¥f, pants
sakoleks	Sa-kol'-eks|Se-kol'-uks	Trowsers; ^anta/oons			gibbs1863	22	no	conf=A; validated=exact:sakoleks; pos_ocr=garbled; etym=Chinook, TSAKALUKS, leggings
sakoleks	Sa-kol-eks	Leggings; trowsers; pantaloons. / Keekwillie sakoleks, arawers Mae eae			hibben1889	16	no	conf=A; validated=exact:sakoleks
sakoreks	Sa-kor-eks	Trousers; pant^oons		n	long1909		no	conf=B; validated=edit1:sakoleks+gloss; gloss_unverified=yes; align=head/gloss runs paired by line count
sakorfoox	sakorfoox	pants			rudiments1924		yes	conf=C; section=163-original-words; raw=sakorfoox, 4, pants,
sakullex	Sa-kul'-lex	Trousers; leggins			gill1909	68	no	conf=A; validated=skeleton:sokoleks
sal chock	Sal chock				rudiments1924		yes	conf=B; validated=all-words-attested:sal chock; section=durieu-1879-vocabulary; ocr_gloss=Wo tht Ian; raw=Sal chock, Wo tht Ian,
saliks	Saliks	to get aur -Shante, to sing			practical1886	15	yes	conf=B; validated=skeleton:solleks; gloss_unverified=yes; raw=Saliks, to get aur -Shante, to sing
salix	Salix				rudiments1924		yes	conf=B; validated=skeleton:solleks; section=durieu-1879-vocabulary; gloss_state=unrecovered; raw=Salix, 9. lobe mad,
salix	Salix	angry			rudiments1898	8	yes	conf=A; validated=skeleton:solleks+gloss; section=chinook-vocabulary; ocr_gloss=WIZ angry; gloss_cleaned=unknown OCR tokens dropped; raw=Salix WIZ, angry
sallal	Sal-lal	(SHELWELL of Lewis and Clarke.) The sallal berry; fruit of gualtheria shallon		n	gibbs1863	22	no	conf=A; validated=exact:sallal; etym=Chinook, KLKWUSHALA
sallal	Sal-lal	The sallal berry			hibben1889	17	no	conf=A; validated=exact:sallal
sallal	Sal-lal	The sallal berry; fruit of gualtheria Shallon		n	shaw1909	21	no	conf=A; validated=exact:sallal; section=lexicon; origin=Chinook; etym=Chinook, - klkwushala
sallal	Sal-lal	Salal. An evergreen shrub growing abund¬ antly in western Oregon and Washington, bearing a large purple berry in clusters			gill1909	68	no	conf=A; validated=exact:sallal
salmon	Salmon	The salmon; fish generally		n	gibbs1863	22	no	conf=A; validated=exact:salmon; etym=English, idem
salmon	Salmon	The salmon. Tyee salmon, /. e. chief salmon. the spring salmon			hibben1889	17	no	conf=A; validated=exact:salmon
salmon	Salmon|Sam'-un	The salmon; fish generally		n	shaw1909	21	no	conf=A; validated=exact:salmon; section=lexicon; etym=English, - idem
salt	Salt	Salt or salt taste			hibben1889	17	no	conf=A; validated=exact:salt
salt	Salt	Salt, or a salt taste		n,adj	shaw1909	21	no	conf=A; validated=exact:salt; section=lexicon; etym=English,-idem
salt	Salt	Salt			gill1909	68	no	conf=A; validated=exact:salt
salt	Salt	Salt, or salt taste			gill1887	49	no	conf=A; validated=exact:salt
salt	Salt	Salt; salty		n	long1909		no	conf=A; validated=exact:salt+gloss; gloss_unverified=yes; align=head/gloss runs paired by line count
salt chock	Salt chock	sea			practical1886	4	yes	conf=B; validated=all-words-attested:salt chock; type=phrase; raw=Salt chock, sea
salt chuck	Salt chuck	The sea			gill1887	49	no	conf=A; validated=all-words-attested:salt chuck; type=phrase
sammon	Sammon	Usually written thus in the Jargon			gill1909	68	no	conf=A; validated=exact:sammon
sammon	Sam-mon	Fish; the salmon			gill1887	49	no	conf=A; validated=exact:sammon
sammon	Sam'-mon	Salmon		n	long1909		no	conf=A; validated=exact:sammon+gloss; align=head/gloss runs paired by line count
samo	samo	salmon			rudiments1924		yes	conf=C; section=durieu-1879-vocabulary; raw=samo, salmon,
samon	Samon	Salmon			practical1886	4	yes	conf=A; validated=skeleton:sammon+gloss; raw=Samon, Salmon
samon	Samon	salmon			demers1871		no	conf=A; validated=skeleton:sammon+gloss
samon pasisse	Samon pasisse				demers1871		no	conf=B; validated=all-words-attested:samon pasisse; ditto=head repeated from previous entry; ocr_gloss=brown blan- ' ket
sandelee	San'-de-lee	Ash-colored; a			gill1909	68	no	conf=A; validated=exact:sandelee; origin=French
sandelee	San'-de-lee	Ash colored; a roan horse			gill1887	49	no	conf=A; validated=exact:sandelee
sandelie	San-de-lie	Ash-colored. (Anderson.) A roan horse; roan-colored		n,adj	gibbs1863	22	no	conf=A; validated=exact:sandelie; etym=French, CENDRE
sandelie	San-de-lie	Ash colored; a roan horse, roan colored			hibben1889	17	no	conf=A; validated=exact:sandelie
sandelie	San-de-lie	Ash-colored. (Anderson) | roan colored; a roan horse, ash colored. - Anderson		n,adj	shaw1909	21	no	conf=A; validated=exact:sandelie; section=lexicon; origin=French; etym=Prench,- Cendre
sandelie	San-de-lie	Roan-colored		adj	long1909		no	conf=A; validated=exact:sandelie+gloss; align=head/gloss runs paired by line count
sante hows	Sante hows				demers1871		no	conf=B; validated=all-words-attested:sante hows; ditto=head repeated from previous entry; ocr_gloss=church
sapfet	Sapfet	bread			rudiments1924		yes	conf=C; section=163-original-words; raw=Sapfet, ay, bread,
saplel	Saplel	bread			rudiments1924		yes	conf=B; validated=skeleton:sapolil; section=durieu-1879-vocabulary; raw=Saplel, © + four, bread,
saplel	saplel	bread			rudiments1898	8	yes	conf=B; validated=skeleton:sapolil; section=chinook-vocabulary; ocr_gloss=yr Bread; gloss_cleaned=unknown OCR tokens dropped; raw=saplel yr Bread
saplel moolin	saplel moolin	flour mill			rudiments1924		yes	conf=B; validated=witness:practical1886:sapplel mooln; section=durieu-1879-vocabulary; raw=saplel moolin, flour mill,
saplil	Saplil	bread, flour, wheat, _ Sil: or sel, cotton, calico, sail			demers1871		no	conf=A; validated=skeleton:sapolil+gloss; gloss_unverified=yes
sapolil	Sap'-o-lil	Flour or meal; wheat			gill1909	68	no	conf=A; validated=exact:sapolil
sapolil	Sap-o-lil	Wheat; flour. Lo-lo sap-o-lil: whole wheat			gill1887	49	no	conf=A; validated=exact:sapolil
sapolil	Sap'-o-lil	Wheat; fiour;meal		n	long1909		no	conf=A; validated=exact:sapolil+gloss; gloss_unverified=yes; align=head/gloss runs paired by line count
sapolill	Sap'-O-lill	Wheat, flour, or meal		n	gibbs1863	22	no	conf=A; validated=exact:sapolill; etym=Chinook, TSAPELIL
sapolill	Sap-o-lill	Wheat; flour or meal			hibben1889	17	no	conf=A; validated=exact:sapolill
sapolill	Sap'-o-lill	Wheat; flour, or meal; a loaf; grain		n	shaw1909	21	no	conf=A; validated=exact:sapolill; section=lexicon; origin=Chinook; etym=Chinook,-Tsapelil
sapplel	Sapplel	bread			practical1886	4	yes	conf=B; validated=skeleton:sapolil; raw=Sapplel, bread
sapplel mooln	Sapplel mooln	flour mill			practical1886	6	yes	conf=B; validated=witness:rudiments1924:saplel moolin; type=phrase; raw=Laplash, plank, board Laplash moolin, Saw-mill Sapplel mooln, flour mill Laklé, ey
sata	Sata	far			practical1886	13	yes	conf=C; raw=Sata, far
sauua	SaUUa	far			rudiments1924		yes	conf=C; section=163-original-words; raw=SaUUa, I~, far,
sbelokum	Sbe-lok'-um	looking-glass; glass			shaw1909	35	no	conf=B; near=shelokum; single_source=yes; section=supplemental; origin=Chinook
sbugrb	Sbugrb	a rattle			shaw1909	35	no	conf=B; single_source=yes; section=supplemental; origin=Chinook
sbut	Sbut	a shirt			shaw1909	35	no	conf=B; near=shut; single_source=yes; section=supplemental; origin=English
seahhost	Se-ah-host|Se-agh'-OSt	The face; the eyes		n	gibbs1863	22	no	conf=A; validated=exact:seahhost; etym=Chinook, SIAKHOST, the face
seahhost	Se-ah-host	The face, the eyes			hibben1889	17	no	conf=A; validated=exact:seahhost
seahhost	Se'-ah-host|Se-agh'-ost	The face; the eyes; eyeball; countenance; forehead		n	shaw1909	22	no	conf=A; validated=exact:seahhost; section=lexicon; origin=Chinook; etym=Chinook, - Siakhost, - the face
seahhost	Se-ah-host	The face; the eyes		n	long1909		no	conf=A; validated=exact:seahhost+gloss; align=head/gloss runs paired by line count
seahp	Se-ah'-p5	A cap or hat			gill1909	68	no	conf=C; origin=Nl
seahpo	Se-ah-po|Se-ah-pult	A hat or cap		n	gibbs1863	22	no	conf=A; validated=exact:seahpo; etym=French, CHAPEAU
seahpo	Se-ah-po	A hat or cap			hibben1889	17	no	conf=A; validated=exact:seahpo
seahpo	Se'-ah-po|Se-ah-pult	A hat or cap		n	shaw1909	22	no	conf=A; validated=exact:seahpo; section=lexicon; origin=French; etym=Prench,-Chapeau
seahpo	Se-ah-po	A hat, or cap. Se-ah-po 6-lil-lies: raspber ries			gill1887	49	no	conf=A; validated=exact:seahpo
seahpo	Se-ah-po	A hat; cap		n	long1909		no	conf=A; validated=exact:seahpo+gloss; align=head/gloss runs paired by line count
seatco	Se-at'-co	A goblin or nocturnal demon, greatly feared by the Coast Indians			gill1909	69	no	conf=A; validated=skeleton:stick; origin=Chinook
seed	Seed	Seed			gill1909	69	no	conf=B; single_source=yes
seeowist	See-ow-ist	The face; the eyes			gill1887	49	no	conf=B; near=kwaist; single_source=yes
seepee	See-pee	To miss			gill1887	49	no	conf=B; near=tseepee; single_source=yes
sele	Se'le	wit Soul			rudiments1898	8	yes	conf=C; validated=edit1:self; section=chinook-vocabulary; raw=Se'le wit Soul
self	Self	Self		n	shaw1909	22	no	conf=B; single_source=yes; section=lexicon; etym=English,-idem
selokemil	Se-loke'-mil	A window			gill1909	69	no	conf=B; near=shelokum; single_source=yes
semmoxt	semmoxt	seven			rudiments1924		yes	conf=B; validated=skeleton-edit1:sinamokst+gloss; section=163-original-words; raw=semmoxt, 4%, seven,
semmoxt	semmoxt	seven			rudiments1898	8	yes	conf=B; validated=skeleton-edit1:sinamokst+gloss; section=chinook-vocabulary; ocr_gloss=AY Seven; gloss_cleaned=unknown OCR tokens dropped; raw=semmoxt AY Seven
senemokst	Senemokst	seven			demers1871		no	conf=A; validated=skeleton:sinamokst+gloss
senemoxt	senemoxt				rudiments1924		yes	conf=B; validated=skeleton:sinamokst; section=durieu-1879-vocabulary; gloss_state=unrecovered; raw=senemoxt, 4G, SQWEN,
senemoxt	Senemoxt	seven			practical1886	2	yes	conf=A; validated=skeleton:sinamokst+gloss; type=number; ocr=numbers block read English-first, glosses assigned in order
sha	Sha	St			demers1871		no	conf=C
shame	Shame	ashamed			practical1886	11	yes	conf=A; validated=exact:shame+gloss; raw=Shame, ashamed
shame	Shame|Shem	Shame. Halo shorn mika? arrft you ashamed of yourself?		n	gibbs1863	22	no	conf=A; validated=exact:shame; etym=English, idem
shame	Shame|Shem	Shame		n	shaw1909	22	no	conf=A; validated=exact:shame; section=lexicon; etym=English,-idem
shante	Shante	to sing			demers1871		no	conf=A; validated=skeleton:shantie+gloss
shantie	Shan-tie	To sing		v	gibbs1863	22	no	conf=A; validated=exact:shantie; etym=French, CHANTER
shantie	Shan-tie	to sing			hibben1889	17	no	conf=A; validated=exact:shantie
shantie	Shan-tie	To sing*. (Other spellings: Shante, shartee, sharty, shonta.)		v	shaw1909	22	no	conf=A; validated=exact:shantie; section=lexicon; origin=French; etym=Prench,-Chanter
shantie	Shan-tie	To sing		v	long1909		no	conf=A; validated=exact:shantie+gloss; align=head/gloss runs paired by line count
shat	Shat	shirt			demers1871		no	conf=A; validated=skeleton:shut+gloss
shawash	Shawash	Indian			demers1871		no	conf=A; validated=skeleton:siwash+gloss
shawash isalb	Shawash isalb	cranberry			demers1871		no	conf=C; ditto=head repeated from previous entry
she okum	She-1ok-um|She-16k-um	A mirror; glass			gill1887	49	no	conf=C; ocr=head digit/capital read as accented vowel
shek	Shek	to shake			demers1871		no	conf=C; validated=edit1:shem
shelipo	She'-li-po	Frozen; ice; icy			gill1909	69	no	conf=B; single_source=yes
shelockum	She-lock'-um	A mirror, glass			gill1909	69	no	conf=A; validated=skeleton:shelokum
shelokom	shelokom				rudiments1924		yes	conf=B; validated=skeleton:shelockum; section=other-districts; gloss_state=unrecovered; raw=shelokom, 7.44, mc220r,,
shelokum	She-lok'-um			n	gibbs1863	22	no	conf=A; validated=exact:shelokum; etym=Chinook, TSHAILAKUMIT. (Anderson.) A look ing-glass, glass
shelokum	She-lok-um	<A looking-glass; glass			hibben1889	17	no	conf=A; validated=exact:shelokum
shelokum	She-lok-um	A looking-glass; glass		n	long1909		no	conf=A; validated=exact:shelokum+gloss; align=head/gloss runs paired by line count
shem	Shem	Shame			gill1909	69	no	conf=A; validated=exact:shem
shem	Shem	Shame. Halo shem mi-ka? Have you no shame?			gill1887	49	no	conf=A; validated=exact:shem
shem	Shem	Shame		n	long1909		no	conf=A; validated=exact:shem+gloss; align=head/gloss runs paired by line count
shetshom	Shetshom	shitshin, to swim			demers1871		no	conf=A; validated=skeleton:sitshum+gloss; gloss_unverified=yes
shilakom	Shilakom	or shilakompe, glass, looking glass			demers1871		no	conf=A; validated=skeleton:shelockum+gloss; gloss_unverified=yes
shilthlo	Shilth'-lo	Lightning			gill1909	69	no	conf=B; single_source=yes; origin=Old Chinook
ship	Ship				rudiments1924		yes	conf=A; validated=exact:ship; section=durieu-1879-vocabulary; ocr_gloss=bouf; raw=Ship, 7X ship, bouf,
ship	Ship	ship, boat			practical1886	9	yes	conf=A; validated=exact:ship+gloss; raw=Ship, ship, boat
ship	Ship	A ship or vessel		n	gibbs1863	22	no	conf=A; validated=exact:ship; etym=English, idem
ship	Ship	Ship or vessel			hibben1889	17	no	conf=A; validated=exact:ship
ship	Ship	A ship or vessel		n	shaw1909	22	no	conf=A; validated=exact:ship; section=lexicon; etym=English,-idem
ship	Ship	A vessel			gill1909	69	no	conf=A; validated=exact:ship
ship	Ship	A vessel			gill1887	49	no	conf=A; validated=exact:ship
ship	Ship	ship, vessel			demers1871		no	conf=A; validated=exact:ship+gloss
ship	Ship	Ship		n	long1909		no	conf=A; validated=exact:ship+gloss; align=head/gloss runs paired by line count
shirt	Shirt	shirt			practical1886	8	yes	conf=C; raw=Shirt, shirt
shoes	Shoes	Shoes; skin shoes; moccasin*. Stick shoes, boots or shoes made of leather		n	gibbs1863	22	no	conf=A; validated=exact:shoes; etym=English, idem
shoes	Shoes	Shoes; skin shoes; moccasins		n	shaw1909	22	no	conf=A; validated=exact:shoes; section=lexicon; etym=English,-idem
shoes	Shoes	Shoes			gill1909	69	no	conf=A; validated=exact:shoes
shoes	Shoes	Shoes. Stick shoes: boots and shoes made of leather, as distinct from moccasins			gill1887	49	no	conf=A; validated=exact:shoes
shoes	Shoes	Shoes		n	long1909		no	conf=A; validated=exact:shoes+gloss; align=head/gloss runs paired by line count
shonta	Shon-ta	To sing			gill1887	49	no	conf=A; validated=skeleton:shantie
shontay	Shon'-tay	To sing			gill1909	69	no	conf=A; validated=skeleton:shantie; origin=French
shoo	Shoo	Old			gill1909	69	no	conf=B; near=shot; single_source=yes; origin=Old Chinook
shooh	shooh	rattle			rudiments1924		yes	conf=C; validated=edit1:spooh; section=other-districts; raw=shooh, rp, rattle
shot	Shot	Shot; lead. Shot olillie, huckleberries		n	gibbs1863	22	no	conf=A; validated=exact:shot; etym=English, idem
shot	Shot	Shot; lead.. Shot ollillie, huckleberries			hibben1889	17	no	conf=A; validated=exact:shot
shot	Shot	Shot; lead		n	shaw1909	22	no	conf=A; validated=exact:shot; section=lexicon; etym=English,-idem
shot	Shot	Shot; lead			gill1909	69	no	conf=A; validated=exact:shot
shot	Shot	Shot; lead. Shot 6-lil-lies: huckleberries			gill1887	49	no	conf=A; validated=exact:shot
shot	Shot	Shot; lead pellets		n	long1909		no	conf=A; validated=exact:shot+gloss; gloss_unverified=yes; align=head/gloss runs paired by line count
shug	Shug	A rattle			gill1909	69	no	conf=B; near=shugh; single_source=yes
shugah	Shu'-gah|Shu'-kwa	Sugar			gibbs1863	22	no	conf=A; validated=exact:shugah; pos_ocr=garbled; etym=English
shugah	Shugah	Sugar			hibben1889	17	no	conf=A; validated=exact:shugah
shugah	Shu'-g-ah|Shu'-kwa	Sugar; honey		n	shaw1909	22	no	conf=A; validated=exact:shugah; section=lexicon; origin=English
shugbopoots	Shug-b-opoots	a rattle-snake			shaw1909	35	no	conf=B; single_source=yes; section=supplemental; origin=Chinook
shugh	Shugh	A rattle. An imitation doubt less of the sound. (Anderson.) Shugh-opoots, a rattlesnake		n	gibbs1863	22	no	conf=A; validated=exact:shugh; etym=Chinook, SHUKHSHUKH
shugh	Shugh	A rattle. Shugh opoots, a rattlesnake			hibben1889	17	no	conf=A; validated=exact:shugh
shugh	Shugh	A rattle			gill1887	49	no	conf=A; validated=exact:shugh
shugh	Shugh	A rattle		n	long1909		no	conf=A; validated=exact:shugh+gloss; align=head/gloss runs paired by line count
shugh opoots	Shugh o-poots	A rattlesnake			gill1887	49	no	conf=A; validated=all-words-attested:shugh opoots; type=phrase
shuka	Shuka	sugar			demers1871		no	conf=A; validated=skeleton:sook+gloss
shukom	Shukom	strong, mighty			demers1871		no	conf=A; validated=skeleton:skookum+gloss; gloss_unverified=yes
shut	Shut	A shirt			gibbs1863	22	no	conf=A; validated=exact:shut; pos_ocr=garbled; etym=English, SHIRT
shut	Shut	A shirt			hibben1889	17	no	conf=A; validated=exact:shut
shut	Shut	Shirt			gill1909	69	no	conf=A; validated=exact:shut
shut	Shut	A shirt			gill1887	49	no	conf=A; validated=exact:shut
shut	Shut	A shirt		n	long1909		no	conf=A; validated=exact:shut+gloss; align=head/gloss runs paired by line count
shwabkuk	Shwab-kuk	a frog			shaw1909	35	no	conf=B; near=shwahkuk; single_source=yes; section=supplemental; origin=Salish
shwahkuk	Shwah-kuk	A frog		n	gibbs1863	22	no	conf=A; validated=exact:shwahkuk; etym=Chihalis, SHWAKKUK
shwahkuk	Shwah-kuk	A frog			hibben1889	17	no	conf=A; validated=exact:shwahkuk
shwahkuk	Shwah'-kuk	A frog			gill1909	69	no	conf=A; validated=exact:shwahkuk; origin=Chinook
shwahkuk	Sh-wah-kuk	A frog			gill1887	49	no	conf=A; validated=exact:shwahkuk
shwahkuk	Shwah-kuk	A frog		n	long1909		no	conf=A; validated=exact:shwahkuk+gloss; align=head/gloss runs paired by line count
shwakook	Shwakook				rudiments1924		yes	conf=B; validated=skeleton:shwahkuk; section=other-districts; gloss_state=unrecovered; raw=Shwakook, @y% frog,
shwalpeh	Shwal'-peh	A tree			gill1909	69	no	conf=B; single_source=yes; origin=Old Chinook
siah	Si-ah	Far; far off		adj	gibbs1863	23	no	conf=A; validated=exact:siah; etym=Nootka, SAIA
siah	Si-ah	Far; far off			hibben1889	17	no	conf=A; validated=exact:siah
siah	Si-ah	i. (N)		adj	shaw1909	22	no	conf=A; validated=exact:siah; section=lexicon
siah	Si'-ah	Far; far off. Drawling out the syl¬ lable			gill1909	69	no	conf=A; validated=exact:siah; origin=Nootka
siah	Si-ah	Far; far off. Comparative distance is expressed by intonation or repetition, as si-ah si-ah: very far			gill1887	49	no	conf=A; validated=exact:siah
siah	Si-ah	Far; far ofif		adj	long1909		no	conf=A; validated=exact:siah+gloss; gloss_unverified=yes; align=head/gloss runs paired by line count
siahm	Si-ahm	Grizzly bear			gill1887	49	no	conf=A; validated=skeleton:siam
siahoos	Sia'hoos	eyes			practical1886	8	yes	conf=C; raw=Sia'hoos, eyes
siahost	Siahost	eye, the face			demers1871		no	conf=A; validated=skeleton:seahhost+gloss; gloss_unverified=yes
siam	Si-am	The grizzly bear		n	gibbs1863	23	no	conf=A; validated=exact:siam; etym=Chinook, ISHAIEM
siam	Si-am	The grizzly bear			hibben1889	17	no	conf=A; validated=exact:siam
siam	Si-am	The grizzly bear		n	shaw1909	22	no	conf=A; validated=exact:siam; section=lexicon; origin=Chinook; etym=Chinook.-Ishaiem
siam	Si-am	The grizzly bear			gill1909	69	no	conf=A; validated=exact:siam
siam	Si-am	Grizzly bear		n	long1909		no	conf=A; validated=exact:siam+gloss; align=head/gloss runs paired by line count
siapool	Siapool	hat			practical1886	8	yes	conf=B; validated=skeleton:sapolil; raw=Siapool, hat
siapult	Siapult	hat | hat, bonnet, cap			demers1871		no	conf=C; validated=skeleton-edit1:leplate; gloss_unverified=yes
siapult olile	Siapult olile	blackberry and its kindred			demers1871		no	conf=C; ditto=head repeated from previous entry; gloss_unverified=yes
siawash	Sia-wash	An Indian; Indian		n,adj	long1909		no	conf=A; validated=skeleton:siwash+gloss; align=head/gloss runs paired by line count
sick	Sick	Sick. Cole sick, the ague; sick tumtum, grieved; sorry; jealous; unhappy		adj	gibbs1863	23	no	conf=A; validated=exact:sick; etym=English, idem
sick	Sick	Sick. Cole sick, the ague			hibben1889	17	no	conf=A; validated=exact:sick
sick	Sick	Sick		adj	shaw1909	22	no	conf=A; validated=exact:sick; section=lexicon; etym=English.-idem
sick	Sick	Sick; sickness			gill1909	69	no	conf=A; validated=exact:sick
sick	Sick	Sick. Cole sick: the ague			gill1887	49	no	conf=A; validated=exact:sick
sick	Sick	Sick		adj	long1909		no	conf=A; validated=exact:sick+gloss; align=head/gloss runs paired by line count
sick house	Sick house				practical1886	6	yes	conf=B; validated=all-words-attested:sick house; type=phrase; ocr_gloss=hospital; raw=Sick house, hospital Makook house, store Moosmoos house, stable
siikum sun	Sii-kum sun	Midday			gill1887	50	no	conf=A; validated=all-words-attested:siikum sun; type=phrase
sik	sik|Sik				rudiments1924		yes	conf=A; validated=skeleton:sick+gloss; section=grammar-lists; ocr_gloss=Stee | YY sick; raw=sik, 9, Stee
sik	Sik	sick | ill, sick, unwell			demers1871		no	conf=A; validated=skeleton:sick+gloss; gloss_unverified=yes
sik hows	Sik hows				demers1871		no	conf=B; validated=all-words-attested:sik hows; ditto=head repeated from previous entry; ocr_gloss=hospital
sikhs	Sikhs|Shikhs	Used only towards men			gibbs1863	23	no	conf=A; validated=exact:sikhs; pos_ocr=garbled; etym=Chinook, SKASIKS, Sahaptin, SHIKSTUA. (Pandosy.) A friend
sikhs	Sikhs	A friend			hibben1889	17	no	conf=A; validated=exact:sikhs
sikhs	Sikhs	Friend		n	long1909		no	conf=A; validated=exact:sikhs+gloss; align=head/gloss runs paired by line count
siks	siks				rudiments1924		yes	conf=B; validated=skeleton:sikhs; section=other-districts; ocr_gloss=fuend; raw=siks, J, fuend,
siks	Siks	friend, companion			demers1871		no	conf=A; validated=skeleton:sikhs+gloss
sil	Sil	cloth			practical1886	9	yes	conf=A; validated=skeleton:sail+gloss; raw=Sil, cloth
sil	Sil	to put in a shroud			demers1871		no	conf=C; gloss_unverified=yes
sil ipsut	Sil ipsut	to hide			demers1871		no	conf=B; validated=all-words-attested:sil ipsut; ditto=head repeated from previous entry
sil kata	Sil kata	to offend, ill treat			demers1871		no	conf=B; validated=all-words-attested:sil kata; ditto=head repeated from previous entry; gloss_unverified=yes
sil nanich	Sil nanich				demers1871		no	conf=B; validated=all-words-attested:sil nanich; ditto=head repeated from previous entry; ocr_gloss=to show, to point ont
sil pilten	Sil pilten	to mock, fool			demers1871		no	conf=B; validated=all-words-attested:sil pilten; ditto=head repeated from previous entry; gloss_unverified=yes
sil ppens	Sil ppens	to cook under' the ashes			demers1871		no	conf=C; ditto=head repeated from previous entry; gloss_unverified=yes
sil taitwhit	Sil taitwhit	to awake, to make one get up			demers1871		no	conf=B; validated=all-words-attested:sil taitwhit; ditto=head repeated from previous entry; gloss_unverified=yes
sil tlamaban	Sil tlamaban	to stab			demers1871		no	conf=C; ditto=head repeated from previous entry
sin	Sin	to sing.. a ti 'ans, to dance			demers1871		no	conf=C; gloss_unverified=yes
sin amokst	Sin -a-mokst			adj	long1909		no	conf=B; validated=all-words-attested:sin amokst; unverified_gloss=Seven; align=head/gloss runs paired by line count
sinamokst	Sin'-a-mokst|Sin'-a-moxt	Seven		adj	shaw1909	22	no	conf=A; validated=skeleton:sinamoxt; section=lexicon; origin=Chinook; etym=Chinook,-Sinimakst
sinamox	Sin'-a-mox	Seven			gill1909	69	no	conf=A; validated=exact:sinamox
sinamox	Sin-a-mox	Seven			gill1887	49	no	conf=A; validated=exact:sinamox
sinamoxt	Sin'-a-moxt	Seven		adj	gibbs1863	23	no	conf=A; validated=exact:sinamoxt; etym=Chinook, SINIMAKST
sinamoxt	Sin-a-moxt	Seven			hibben1889	17	no	conf=A; validated=exact:sinamoxt
sing	Sing	Sing			gill1909	69	no	conf=B; single_source=yes
siohoos	Sio'hoos	the face			rudiments1898	8	yes	conf=C; section=chinook-vocabulary; raw=Sio'hoos Cw @, the face
sipab	Si'-pab	straight, like a ramrod. Sis'-ki-you, a bob-tailed horse. (See note under Tatoosh, main vocabulary.)			shaw1909	35	no	conf=B; near=sipah; single_source=yes; section=supplemental; origin=Wasco
sipah	Si'-pah	Of only local use		adj	gibbs1863	23	no	conf=A; validated=exact:sipah; etym=Wasco. (Shaw.) Straight, like a ramrod
sipah	Si-pah	Straight, like a ramrod			hibben1889	17	no	conf=A; validated=exact:sipah
sipah	Si'-pah	Straight; erect			gill1909	69	no	conf=A; validated=exact:sipah; origin=Wasco
sipah	Si-pah	Straight like an arrow			gill1887	49	no	conf=A; validated=exact:sipah
siskiyou	Sis'-ki-you	This name, ludicrously enough, has been bestowed on the range of mountains separating Oregon and California, and also on a county in the latter State		n	gibbs1863	23	no	conf=A; validated=exact:siskiyou; etym=Cree. (Anderson.) A bob-tailed horse
siskiyou	Sis-ki-you	A bob-tailed horse			hibben1889	17	no	conf=A; validated=exact:siskiyou
siskiyou	Sis'-ki-you	Cree. (Anderson)		n	shaw1909	22	no	conf=A; validated=exact:siskiyou; section=lexicon
siskiyou	Sis'-ki-you	A bob-tailed horse. (This word is Cree)			gill1909	69	no	conf=A; validated=exact:siskiyou
siskiyou	Sis-ki-you	Bob-tailed horse			gill1887	49	no	conf=A; validated=exact:siskiyou
siskiyou	Sis'-ki-you	A bob-tailed horse		n	long1909		no	conf=A; validated=exact:siskiyou+gloss; align=head/gloss runs paired by line count
siso	Siso|lesiso	scissors			demers1871		no	conf=C
sitkkom	Sit'kkom				rudiments1924		yes	conf=B; validated=skeleton:sitkum; section=163-original-words; ocr_gloss=ae Wath; raw=Sit'kkom, ae Wath.
sitkom	sit'Kom				rudiments1924		yes	conf=B; validated=skeleton:sitkum; section=grammar-lists; gloss_state=unrecovered; raw=sit'Kom, 6: half ,
sitkom son	Sitkom son				practical1886	3	yes	conf=B; validated=all-words-attested:sitkom son; type=phrase; ocr_gloss=noon; raw=Sitkom son, noon
sitkom talla	Sitkom talla	half a dollar			practical1886	8	yes	conf=B; validated=all-words-attested:sitkom talla; type=phrase; raw=Sitkom talla, half a dollar Latét, the head lakso, hair, wool
sitkum	Sit'-kum	A half; apart		n,adj	gibbs1863	23	no	conf=A; validated=exact:sitkum; etym=Chinook, SITKUM (Anderson), Clatsop, ASITKO
sitkum	Sit-kum	A half; a part			hibben1889	17	no	conf=A; validated=exact:sitkum
sitkum	Sit'-kum	A half; a part; fraction; middle; some; a piece		n,adj	shaw1909	22	no	conf=A; validated=exact:sitkum; section=lexicon; origin=Chinook; etym=Chinook,-Sitkum (Anderson),Clatsop,-Asitko
sitkum	Sit'-kum	A half; a part			gill1909	69	no	conf=A; validated=exact:sitkum
sitkum	Sit-kum	Half, or a part			gill1887	49	no	conf=A; validated=exact:sitkum
sitkum	Sitkum	half, part, fraction			demers1871		no	conf=A; validated=exact:sitkum+gloss
sitkum	Sit'-kum	A half; a part of		n,adj	long1909		no	conf=A; validated=exact:sitkum+gloss; align=head/gloss runs paired by line count
sitkum polakly	Sit-kum po-lak-ly	Midnight			gill1887	50	no	conf=A; validated=all-words-attested:sitkum polakly; type=phrase
sitkumpolakly	Sitkumpolakly	midnight.; *			demers1871		no	conf=C
sitlay	Sit'-lay|Sit'-li-ay			n	gibbs1863	23	no	conf=A; validated=exact:sitlay; etym=French, LES ETRIERS. (Anderson.) Stirrups
sitlay	Sit-lay	Stirrups			hibben1889	17	no	conf=A; validated=exact:sitlay
sitlay	Sit'-lay	stirrups			shaw1909	35	no	conf=A; validated=exact:sitlay; section=supplemental; origin=French
sitlay	Sit-lay	Stirrup; stirrups			gill1909	69	no	conf=A; validated=exact:sitlay; origin=French
sitlay	Sit-lay	Stirrups			gill1887	50	no	conf=A; validated=exact:sitlay
sitsbum	Sit'-sbum	to swim			shaw1909	35	no	conf=B; near=sitshum; single_source=yes; section=supplemental; origin=Salish
sitshum	Sit'-shum	To swim		v	gibbs1863	23	no	conf=A; validated=exact:sitshum; etym=Chihalis, idem
sitshum	Sit-shum	'To swim			hibben1889	17	no	conf=A; validated=exact:sitshum
sitshum	Sit'-shum	To swim			gill1909	69	no	conf=A; validated=exact:sitshum; origin=Chinook
sitshum	Sit-shum	To swim			gill1887	50	no	conf=A; validated=exact:sitshum
siwash	Si'-wash	An Indian; Indian		n,adj	gibbs1863	23	no	conf=A; validated=exact:siwash; etym=French, SAUVAGE
siwash	Si-wash	An Indian			hibben1889	17	no	conf=A; validated=exact:siwash
siwash	Si'wash	An Indian; Indian; aborigines; a savag-e; savage		n,adj	shaw1909	22	no	conf=A; validated=exact:siwash; section=lexicon; origin=French; etym=Prench,-Sauvage
siwash	Si'-wash	Indian; an Indian			gill1909	70	no	conf=A; validated=exact:siwash; origin=Sauvage
siwash	Si-wash	Indian			gill1887	50	no	conf=A; validated=exact:siwash
six	Six	A friend. (Not addressed to women.)			gill1909	70	no	conf=A; validated=exact:six
six	Six	Friend			gill1887	50	no	conf=A; validated=exact:six
skad	Skad	A mole			gill1909	70	no	conf=B; single_source=yes
skakwal	Skakwal	lamprey			demers1871		no	conf=B; validated=skeleton:sukwalal
skalemin	Skalemin	sea otter			demers1871		no	conf=C; validated=skeleton-edit1:salmon
sketsotwa	Sket-sot'-wa	The Columbia river			gill1909	70	no	conf=B; single_source=yes
skim shit	skim shit				rudiments1924		yes	conf=B; validated=all-words-attested:skim shit; section=durieu-1879-vocabulary; ocr_gloss=AV shin shirt; raw="skim shit, AV shin shirt,
skin	Skin	skin			practical1886	9	yes	conf=A; validated=exact:skin+gloss; raw=Skin, skin
skin	Skin	Skin. Skin shoes, moccasins; stick skin, the bark of a tree		n	gibbs1863	23	no	conf=A; validated=exact:skin; etym=English, idem
skin	Skin	Skin. Skin shoes, moceasins			hibben1889	17	no	conf=A; validated=exact:skin
skin	Skin	Skin; a skin; leather; hide; pelt; fur; buckskin		n	shaw1909	23	no	conf=A; validated=exact:skin; section=lexicon; etym=English,-idem
skin	Skin	Skin; hide			gill1909	70	no	conf=A; validated=exact:skin
skin	Skin	Skin. Skin shoes: moccasins			gill1887	50	no	conf=A; validated=exact:skin
skin	Skin	leather, skin, _" shat, buckskin shirt			demers1871		no	conf=A; validated=exact:skin+gloss; gloss_unverified=yes
skin	Skin	Skin; denoting money value		n	long1909		no	conf=A; validated=exact:skin+gloss; gloss_unverified=yes; align=head/gloss runs paired by line count
skin shirt	Skin shirt	skin! shire			practical1886	9	yes	conf=C; type=phrase; gloss_unverified=yes; raw=Skin shirt, skin! shire
skkookoom	skKooKoom				rudiments1924		yes	conf=B; validated=skeleton:iskum; section=durieu-1879-vocabulary; ocr_gloss=oe Stiong; raw=skKooKoom, oe Stiong,
skokum	Skokum	spider, insect ' which the jugglers pre- _ fend to find in the ue 6 of a, patient ...			demers1871		no	conf=B; validated=skeleton:iskum; gloss_unverified=yes
skookoom	Skookoom	strong			practical1886	12	yes	conf=A; validated=skeleton:skookum+gloss; raw=Skookoom, strong
skookoom house	Skookoom house				practical1886	6	yes	conf=B; validated=all-words-attested:skookoom house; type=phrase; ocr_gloss=prison; raw=House, house Skookoom house, prison
skookum	Skoo'-kum|Skoo-koom	A r/host; an evil sjririt or demon; strong		n,adj	gibbs1863	23	no	conf=A; validated=exact:skookum; etym=Chihalis, SKUKCM
skookum	Skoo-kum	Strong; strength; a ghost; an evil spirit or demon			hibben1889	17	no	conf=A; validated=exact:skookum
skookum	Skoo'-kum|Skoo-koom	Strong; a ghost; an evil spirit or demon; able; solid; potent; powerful; vehement; tight; violent; tough		n,adj	shaw1909	23	no	conf=A; validated=exact:skookum; section=lexicon; origin=Salish; etym=Chihalis.-Skukum
skookum	Skoo'-kum	Strong; brave; great. (Originally a Chehalis word meaning a demon, a powerful spirit)			gill1909	70	no	conf=A; validated=exact:skookum
skookum	Skoo-kum	Strong; strength			gill1887	50	no	conf=A; validated=exact:skookum
skubeoo	Skub'-e-oo	Skunk			gill1909	70	no	conf=B; single_source=yes; origin=Old Chinook
skwakwai	Skwak'-wai	An eel		n	long1909		no	conf=B; validated=edit1:skwakwal+gloss; align=head/gloss runs paired by line count
skwakwal	Skwak'-wal	A lamprey eel		n	gibbs1863	23	no	conf=A; validated=exact:skwakwal; etym=Chinook, SKAKULH (Anderson), Clatsop, SKA- KOLI
skwakwal	Skwak-wal	A lamprey eel			hibben1889	17	no	conf=A; validated=exact:skwakwal
skwakwal	Skwak'-wal	a lamprey eel			shaw1909	35	no	conf=A; validated=exact:skwakwal; section=supplemental; origin=Salish
skwakwal	Skwak-wal	The lamprey eel			gill1909	70	no	conf=A; validated=exact:skwakwal
skwakwol	Skwak-wol	A lamprey eel			gill1887	50	no	conf=A; validated=skeleton:skwakwal
skwiskwis	Skwis'-kwis	A squirrel		n	gibbs1863	23	no	conf=A; validated=exact:skwiskwis; etym=Chinook, Cathlamet dialect
skwiskwis	Skwis-kwis	A squirrel			hibben1889	18	no	conf=A; validated=exact:skwiskwis
skwiskwis	Skwis'-kwis	a squirrel			shaw1909	35	no	conf=A; validated=exact:skwiskwis; section=supplemental; origin=Chinook
skwiskwis	Skwiskwis				demers1871		no	conf=A; validated=exact:skwiskwis; ocr_gloss=squirril
skwiskwis	Skwis'-kwis	A squirrel		n	long1909		no	conf=A; validated=exact:skwiskwis+gloss; align=head/gloss runs paired by line count
skwisskwis	Skwiss-kwis	The chipmunk or striped squirrel			gill1909	70	no	conf=A; validated=skeleton:skwiskwis
slahal	Sla-hal	A game played with ten small disks, one of which is marked		n	gibbs1863	24	no	conf=A; validated=exact:slahal; etym=Chinook, ETLALTLAL
slahal	Sla-hal	<A game played with eight small disks, one of which is marked			hibben1889	18	no	conf=A; validated=exact:slahal
slahal	Sla-hal	Gibbs says it is a game played with ten small disks, one of which is marked, and mamook slahal, is to play the game, or gamble with them; while others say that they mean respectively a game and to gamble, in general		n	shaw1909	23	no	conf=A; validated=exact:slahal; section=lexicon; origin=Chinook; etym=Shinook,-Etlaltlal
slahal	Sla-hal	A game, played with ten small discs in the hands of each player			gill1909	70	no	conf=A; validated=exact:slahal
slahal	Sla-hal	A game played with ten small disks			gill1887	50	no	conf=A; validated=exact:slahal
small	small	smoke			rudiments1924		yes	conf=C; section=durieu-1879-vocabulary; raw=small, smoke,
smanas	Sma-nas	Hill or mountain			gill1909	70	no	conf=B; near=sammon; single_source=yes; origin=Old Chinook
smeetok	Smeet-ok	The quahaug or large mud clam			gill1909	70	no	conf=B; near=smetocks; single_source=yes; origin=Chinook
smefoks	Smef-oks	Large clams		n	long1909		no	conf=B; validated=skeleton-edit1:smetocks+gloss; align=head/gloss runs paired by line count
smetocks	Smet'-ocks	The large clam (Lutraria)		n	gibbs1863	24	no	conf=A; validated=exact:smetocks; etym=Chihalis, SMETTAKS
smetocks	Smet'-ocks	the large clam			shaw1909	35	no	conf=A; validated=exact:smetocks; section=supplemental; origin=Salish
smok	Smok	smoke			demers1871		no	conf=A; validated=skeleton:smoke+gloss
smoke	Smoke	Smoke; clouds; fog; steam			gibbs1863	24	no	conf=A; validated=exact:smoke; pos_ocr=garbled; etym=English, idem
smoke	Smoke	Smoke; clouds; fog; steam			hibben1889	18	no	conf=A; validated=exact:smoke
smoke	Smoke	smoke, clouds, fog, steam			shaw1909	35	no	conf=A; validated=exact:smoke; section=supplemental; origin=English
smoke	Smoke	Smoke; clouds; fog; steam			gill1909	70	no	conf=A; validated=exact:smoke
smoke	Smoke	Smoke; clouds; fog; steam			gill1887	50	no	conf=A; validated=exact:smoke
smoke	Smoke	Smoke; clouds; fog; steam		n	long1909		no	conf=A; validated=exact:smoke+gloss; align=head/gloss runs paired by line count
smoksmok	Smok-smok	Grouse			gill1909	70	no	conf=B; single_source=yes; origin=Old Chinook
snas	Snas	rain			demers1871		no	conf=A; validated=skeleton:snass+gloss
snass	Snass	Cole snass, snow		n	gibbs1863	24	no	conf=A; validated=exact:snass; etym=Quaere u. d. Rain
snass	Snass	Rain. Cole snass, snow			hibben1889	18	no	conf=A; validated=exact:snass
snass	Snass	Rain. (The word is neither Chinook nor Chihalis, and is perhaps manufactured.)		n	shaw1909	23	no	conf=A; validated=exact:snass; section=lexicon; origin=Quaere u. d.
snass	Snass	Rain			gill1909	70	no	conf=A; validated=exact:snass; origin=uncertain
snass	Snass	Rain. Kull snass: hail			gill1887	50	no	conf=A; validated=exact:snass
snass	Snass	Rain		n	long1909		no	conf=A; validated=exact:snass+gloss; align=head/gloss runs paired by line count
snaz	snaz	rain			rudiments1898	8	yes	conf=B; validated=witness:practical1886:snaz; section=chinook-vocabulary; raw=snaz <2 rain
snaz	Snaz	rain			practical1886	3	yes	conf=B; validated=witness:rudiments1898:snaz; raw=Snaz, rain Sn0d, snow Tunaz warm elehe, Spring
snow	Snow	Snoio		n	gibbs1863	24	no	conf=A; validated=exact:snow; etym=English, idem
snow	Snow	Snow			hibben1889	18	no	conf=A; validated=exact:snow
snow	Snow	Snow			gill1909	70	no	conf=A; validated=exact:snow
snow	Snow	Snow		n	long1909		no	conf=A; validated=exact:snow+gloss; align=head/gloss runs paired by line count
soap	Soap	Soap		n	gibbs1863	24	no	conf=A; validated=exact:soap; etym=English, idem
soap	Soap	Soap			hibben1889	18	no	conf=A; validated=exact:soap
soap	Soap	soap			shaw1909	35	no	conf=A; validated=exact:soap; section=supplemental; origin=English
soap	Soap	Soap			gill1909	70	no	conf=A; validated=exact:soap
soap	Soap	Soap			gill1887	50	no	conf=A; validated=exact:soap
soap	Soap	Soap		n	long1909		no	conf=A; validated=exact:soap+gloss; align=head/gloss runs paired by line count
sofeks	SoF-eks	An^er; angry		n,adj	long1909		no	conf=B; validated=skeleton-edit1:solleks+gloss; align=head/gloss runs paired by line count
sokoleks	So-kol'-eks|Se-kol'-uks	Trousers; pantaloons; pants; breeches		n	shaw1909	21	no	conf=A; validated=skeleton:sakiileks; section=lexicon; origin=Chinook; etym=Chinook, - tsakaluks, - leggings
sol	Sol	salt			demers1871		no	conf=C
sol tsok	Sol tsok	sea, brine			demers1871		no	conf=B; validated=all-words-attested:sol tsok; ditto=head repeated from previous entry; gloss_unverified=yes
solemat	solemat	cranberry			rudiments1924		yes	conf=B; validated=skeleton-edit1:soleme+gloss; section=other-districts; raw=solemat, 0%, , cranberry,
soleme	So-le-me|S6-le-me	The cranberry			gill1887	50	no	conf=A; validated=skeleton:solemee; ocr=head digit/capital read as accented vowel
solemee	So'-le-mee	The cranberry			gill1909	70	no	conf=A; validated=skeleton:soleme
solemie	So-le-mie	The cranberry			hibben1889	18	no	conf=A; validated=exact:solemie
solemie	So-le'-mie	the cranberry			shaw1909	35	no	conf=A; validated=exact:solemie; section=supplemental; origin=Chinook
solexnie	So-le'-xnie	The cranberry		n	gibbs1863	24	no	conf=B; near=solemie; single_source=yes; etym=Chinook, SULAMICH (Anderson), Clatsop, SHOLBK
solleks	Sol'-leks|Sah'-leks	Mamook solleks, to fight; tikegh solleks, to be hostile; kumtuks solleks, to be passionate		n,adj	gibbs1863	24	no	conf=A; validated=exact:solleks; etym=Quaere u. d. Anger, angry
solleks	Sol-leks	Anger; angry			hibben1889	18	no	conf=A; validated=exact:solleks
solleks	Sol'-leks|Sah'-leks	Anger; be angry; malice; hate; hatred; hostile; indignant; morose; mad; sulky; sullen; be mad		n,adj	shaw1909	23	no	conf=A; validated=exact:solleks; section=lexicon; origin=Quaere u. d.
solleks	Sol-leks	Anger. Mam-ook sol-leks: to fight			gill1887	50	no	conf=A; validated=exact:solleks
sollex	Sol'-lex	Angry; anger			gill1909	70	no	conf=A; validated=skeleton:solleks; origin=uncertain
son	Son	Sun			practical1886	2	yes	conf=A; validated=skeleton:sun+gloss; raw=Son, Sun
sonde	Sonde	Sunday			rudiments1924		yes	conf=A; validated=skeleton:sunday+gloss; section=durieu-1879-vocabulary; raw=Sonde, Sunday,
sook	Sook	Sugar			gill1887	50	no	conf=B; near=book; single_source=yes
sop	Sop	soap			demers1871		no	conf=A; validated=skeleton:soap+gloss
sopema	Sopema	lo jump			rudiments1924		yes	conf=B; validated=edit1:sopena+gloss; section=22-more-words; ocr_gloss=Ads lo jump; gloss_cleaned=unknown OCR tokens dropped; raw=Sopema, Ads lo jump,
sopena	Sopena				rudiments1924		yes	conf=A; validated=exact:sopena; section=durieu-1879-vocabulary; gloss_state=unrecovered; raw=Sopena, <p) loyump,
sopena	Sopena	to jump			practical1886	15	yes	conf=A; validated=exact:sopena+gloss; raw=Sopena, to jump
sopena	So'-pe-na	To jump; to leap		v	gibbs1863	24	no	conf=A; validated=exact:sopena; etym=Chinook, T'SOPENA
sopena	So'-pe-na	To jump; to leap; hop; skip; spring		v	shaw1909	23	no	conf=A; validated=exact:sopena; section=lexicon; origin=Chinook; etym=Chinook,-T'sopena
sopena	So'-pe-na	To leap; to jump			gill1909	70	no	conf=A; validated=exact:sopena
sopena	So-pe-na	To jump; to leap			gill1887	50	no	conf=A; validated=exact:sopena
sopena	So'-pe-na	To jump; leap		v	long1909		no	conf=A; validated=exact:sopena+gloss; align=head/gloss runs paired by line count
sopenab	Sopenab	indian bag			demers1871		no	conf=C; validated=edit1:sopena
sopene	Sopene	sopena, to jump			demers1871		no	conf=A; validated=skeleton:sopena+gloss; gloss_unverified=yes
spdah	Spd'-ah	Faded. Any pale color, as grey, buff, etc			gill1909	70	no	conf=B; single_source=yes
spoah	Spo'ah	Faded; light m color		adj	long1909		no	conf=A; validated=skeleton:spooh+gloss; align=head/gloss runs paired by line count
spoak	Spoak	dry, faded			demers1871		no	conf=B; validated=skeleton:supuk
spobob	Spobob	black elder			demers1871		no	conf=B; validated=skeleton:sipab
spoob	Spo'-ob	faded; any light color			shaw1909	35	no	conf=B; near=spooh; single_source=yes; section=supplemental; origin=Chinook
spooh	Spo'-oh|Spo'-eh	Faded; any light color, as pale blue, drab, &c		adj	gibbs1863	24	no	conf=A; validated=exact:spooh; etym=Chinook, idem
spooh	Spo-oh|Spo-6h	Faded; light color			gill1887	50	no	conf=A; validated=exact:spooh; ocr=head digit/capital read as accented vowel
spoon	Spoon				rudiments1924		yes	conf=A; validated=exact:spoon; section=durieu-1879-vocabulary; gloss_state=unrecovered; raw='Spoon, 4% Sena
spoon	Spoon	Spoon			practical1886	5	yes	conf=A; validated=exact:spoon+gloss; raw=Spoon, Spoon,
spoon	Spoon	A spoon		n	gibbs1863	24	no	conf=A; validated=exact:spoon; etym=English, idem
spoon	Spoon	A spoon			hibben1889	18	no	conf=A; validated=exact:spoon
spoon	Spoon	a spoon			shaw1909	35	no	conf=A; validated=exact:spoon; section=supplemental; origin=English
spoon	Spoon	Spoon			gill1909	70	no	conf=A; validated=exact:spoon
spoon	Spoon	A spoon			gill1887	50	no	conf=A; validated=exact:spoon
spoon	Spoon	A spoon		n	long1909		no	conf=A; validated=exact:spoon+gloss; align=head/gloss runs paired by line count
spos	Spos	if, supposed | if, suppose			demers1871		no	conf=A; validated=skeleton:spose+gloss
spose	Spose	If; supposing; provided that; in order that			gibbs1863	24	no	conf=A; validated=exact:spose; pos_ocr=garbled; etym=English, SUPPOSE
spose	Spose	Supose; if; supposing; provided that; in order that			hibben1889	18	no	conf=A; validated=exact:spose
spose	Spose	If; supposing; that; provided that; in order that		conj	shaw1909	23	no	conf=A; validated=exact:spose; section=lexicon; etym=English,-Suppose
spose	Spose	Suppose; if; provided that			gill1909	70	no	conf=A; validated=exact:spose
spose	Spose	Suppose; if; provided that; so that			gill1887	50	no	conf=A; validated=exact:spose
spose	Spose	If; provided that; supposing		conj	long1909		no	conf=A; validated=exact:spose+gloss; align=head/gloss runs paired by line count
spun	Spun	spoon			demers1871		no	conf=A; validated=skeleton:spoon+gloss
stahoos	Sta'hoos|Stahoos	face			rudiments1924		yes	conf=C; section=163-original-words; raw=Sta'hoos, Wuep, face,
stakin	Stakin	stocking			demers1871		no	conf=A; validated=skeleton:stocken+gloss
stalo	Sta'lo	river			rudiments1898	8	yes	conf=C; section=chinook-vocabulary; ocr_gloss=Ce river; gloss_cleaned=unknown OCR tokens dropped; raw=Sta'lo Ce river
steck	Steck				rudiments1924		yes	conf=B; validated=skeleton:seatco; section=grammar-lists; ocr_gloss=ct ewer; raw=Steck, ct ewer, Cold Sick ~
stick	Stick	tree, wood			practical1886	3	yes	conf=A; validated=exact:stick+gloss; raw=Stick, tree, wood
stick	Stick	A stick; a tree; wood; wooden			hibben1889	18	no	conf=A; validated=exact:stick
stick	Stick	A stick; a tree; wood; wooden; vine; pole; rod		n,adj	shaw1909	24	no	conf=A; validated=exact:stick; section=lexicon; etym=English.-idem
stick	Stick	A stick; a tree; wood; wooden			gill1909	71	no	conf=A; validated=exact:stick
stick	Stick	A stick; a tree; wood; wooden			gill1887	50	no	conf=A; validated=exact:stick
stick	Stick	A stick; tree; wood; wooden		n	long1909		no	conf=A; validated=exact:stick+gloss; align=head/gloss runs paired by line count
stick mosket	stick mosket				rudiments1924		yes	conf=B; validated=all-words-attested:stick mosket; section=durieu-1879-vocabulary; ocr_gloss=Sow; raw=stick mosket, Sow,
stloo	Stloo	The wind			gill1909	71	no	conf=B; single_source=yes; origin=Old Chinook
sto kim	Sto kim	Socks			rudiments1924		yes	conf=C; section=durieu-1879-vocabulary; raw='Sto kim, Socks,
stob	stob	OR stove			rudiments1924		yes	conf=B; validated=witness:practical1886:stob; section=durieu-1879-vocabulary; raw=stob, OR stove,
stob	Stob	Stove			practical1886	6	yes	conf=B; validated=witness:rudiments1924:stob; raw=Stob, Stove
stocken	Stock'-en	Stockings or socks		n	gibbs1863	24	no	conf=A; validated=exact:stocken; etym=English
stocken	Stock-en	Stockings or socks			hibben1889	18	no	conf=A; validated=exact:stocken
stocken	Stock'-en	Stocking's or socks		n	shaw1909	24	no	conf=A; validated=exact:stocken; section=lexicon; origin=English
stocken	Stock'-en	Socks or stockings. (Kushis is the Indian word)			gill1909	71	no	conf=A; validated=exact:stocken
stocken	Stock-en	Socks, or stockings			gill1887	50	no	conf=A; validated=exact:stocken
stoh	stoh				rudiments1924		yes	conf=A; validated=exact:stoh; section=other-districts; gloss_state=unrecovered; raw=stoh, YO"? uplie,
stoh	Stoh	Loose. Mamook stoh, to untie; un loose; undo		adj	gibbs1863	24	no	conf=A; validated=exact:stoh; etym=Chinook, idem
stoh	Stoh	Loose. Mamook stoh, to untie; unloose			hibben1889	18	no	conf=A; validated=exact:stoh
stoh	Stoh	Loose		adj	shaw1909	24	no	conf=A; validated=exact:stoh; section=lexicon; etym=Chinook,-idem
stoh	Stoh	Loose			gill1909	71	no	conf=A; validated=exact:stoh
stoh	Stoh	Loose. Mam-ook stoh: to untie			gill1887	50	no	conf=A; validated=exact:stoh
stokin	Stokin	stockings			practical1886	9	yes	conf=A; validated=skeleton:stocken+gloss; raw=Stokin, stockings
ston	Ston	bone, stone, horn, testicle, - nail			demers1871		no	conf=A; validated=skeleton:stone+gloss; gloss_unverified=yes
stone	Stone	stone, rock			practical1886	3	yes	conf=A; validated=exact:stone+gloss; raw=Stone, stone, rock
stone	Stone	A rock or stone; bone; horn; the testi cles		n	gibbs1863	24	no	conf=A; validated=exact:stone; etym=English, idem
stone	Stone	A rock or stone; bone; horn; the testicles			hibben1889	18	no	conf=A; validated=exact:stone
stone	Stone	A rock or stone; bone; horn; the testicles; finger nail; boulder		n	shaw1909	24	no	conf=A; validated=exact:stone; section=lexicon; etym=English,-idem
stone	Stone	A rock or stone			gill1909	71	no	conf=A; validated=exact:stone
stone	Stone	A rock, or stone; bone; horn; teeth; hard			gill1887	50	no	conf=A; validated=exact:stone
stone	Stone	Stone		n	long1909		no	conf=A; validated=exact:stone+gloss; align=head/gloss runs paired by line count
stoolis	Stoo'-lis	Rain			gill1909	71	no	conf=B; single_source=yes; origin=Old Chinook
stotekin	Stote'-kin	Eight		adj	gibbs1863	24	no	conf=A; validated=exact:stotekin; etym=Chinook, STOKTKIN
stotekin	Stote-kin	Eight			hibben1889	18	no	conf=A; validated=exact:stotekin
stotekin	Stote'-kin	Eight		adj	shaw1909	24	no	conf=A; validated=exact:stotekin; section=lexicon; origin=Chinook; etym=Chinook, -Stoktkin
stotekin	Stote'-kin	Eight; an eighth			gill1909	71	no	conf=A; validated=exact:stotekin
stotekin	Stote-kin	Eight			gill1887	50	no	conf=A; validated=exact:stotekin
stotekin	Sto-te'-kin	Eight		adj	long1909		no	conf=A; validated=exact:stotekin+gloss; align=head/gloss runs paired by line count
stotkim	stotKim				rudiments1924		yes	conf=B; validated=skeleton:sitkum; section=other-districts; ocr_gloss=eights; raw=stotKim, 24, eights"
stotkin	Stotkin|sothin	eight | sothin, eight			demers1871		no	conf=A; validated=skeleton:stotekin+gloss; gloss_unverified=yes
stutchum	Stut'-chum	The sturgeon			gill1887	51	no	conf=B; near=stutchun; single_source=yes
stutchun	Stutch'-un	The sturgeon		n	gibbs1863	24	no	conf=A; validated=exact:stutchun; etym=English, STURGEON
stutchun	Stutchun	The sturgeon			hibben1889	18	no	conf=A; validated=exact:stutchun
stutchun	Stutch'-un	The Sturgeon. (Other spellings: Stuchun, stutchin, stogheon, stogeon, stutshin, sturgeon.)		n	shaw1909	24	no	conf=A; validated=exact:stutchun; section=lexicon; etym=English,-Sturgeon
stutchun	Stut'-chun	Sturgeon			gill1909	71	no	conf=A; validated=exact:stutchun
sukwalal	Suk-wal'-al	No longer used in Jargon		n	gibbs1863	24	no	conf=A; validated=exact:sukwalal; etym=Chinook (Hale), Clatsop, SHUKWALALA, a gun or musket
sukwalal	Suk-wal-al	A gun or musket			hibben1889	18	no	conf=A; validated=exact:sukwalal
sukwalal	Suk-wal'-al	a gun or musket			shaw1909	35	no	conf=A; validated=exact:sukwalal; section=supplemental; origin=Chinook
sukwalal	Suk-wal'-al	A gun; musket		n	long1909		no	conf=A; validated=exact:sukwalal+gloss; align=head/gloss runs paired by line count
sukwallal	Suk-wal'-lal	A gun. (Obsolete.)			gill1909	71	no	conf=A; validated=skeleton:sukwalal
sukwollal	Suk-wol-lal	A gun, or musket			gill1887	51	no	conf=A; validated=skeleton:sukwalal
sun	Sun	The sun; a day			gibbs1863	24	no	conf=A; validated=exact:sun; pos_ocr=garbled; etym=English, idem
sun	Sun	Thesun;aday. Tenas sun, early			hibben1889	18	no	conf=A; validated=exact:sun
sun	Sun	The sun; a day		n	shaw1909	24	no	conf=A; validated=exact:sun; section=lexicon; etym=English.-idem
sun	Sun	Sun; a day			gill1909	71	no	conf=A; validated=exact:sun
sun	Sun	Day. Ten-as sun: early			gill1887	51	no	conf=A; validated=exact:sun
sun	Sun	The sun; a day		n	long1909		no	conf=A; validated=exact:sun+gloss; align=head/gloss runs paired by line count
sunday	Sunday	Sunday			practical1886	3	yes	conf=A; validated=exact:sunday+gloss; raw=Sunday, Sunday
sunday	Sun'-day	Sunday. Icht Sunday, a week; hyas sunday, a holiday		n	gibbs1863	24	no	conf=A; validated=exact:sunday; etym=English, idem
sunday	Sunday	Sunday. Icht Sunday, a week			hibben1889	18	no	conf=A; validated=exact:sunday
sunday	Sun'-day|Sante	Sunday; week		n	shaw1909	24	no	conf=A; validated=exact:sunday; section=lexicon; etym=English,-idem
sunday	Sunday	Sunday			gill1909	71	no	conf=A; validated=exact:sunday
sunday	Sunday	Sunday. Ikt Sunday: one week, Hy-as sunday: a holiday			gill1887	51	no	conf=A; validated=exact:sunday
sunday house	Sunday house				practical1886	6	yes	conf=B; validated=all-words-attested:sunday house; type=phrase; ocr_gloss=stiwilh house, chapel, church; raw=Sunday house, stiwilh house, chapel, church
supuk	Su-puk	Strong; powerful			gill1909	71	no	conf=B; single_source=yes; origin=Old Chinook
swhale	swhale	above			rudiments1924		yes	conf=C; section=163-original-words; raw=swhale, w0e7%, above,
t ketee	T5-ke-tee	Pretty			gill1887	52	no	conf=C
tabnim	Tab-nim	to measure			shaw1909	35	no	conf=B; near=tahnim; single_source=yes; section=supplemental; origin=Salish
tabom	Tabom	six			demers1871		no	conf=C
taghkum	Tagh-kum	Six			gill1887	51	no	conf=A; validated=skeleton:tahkum
taghum	Tagh-um	Six			hibben1889	18	no	conf=B; near=taghkum; single_source=yes
taghum	Tagh'-um	Six		adj	long1909		no	conf=A; validated=exact:taghum+gloss; align=head/gloss runs paired by line count
tah	Tah	A spirit or supernatural thing or person			gill1909	71	no	conf=B; single_source=yes
tah	Tah	to 'point, exceed, come ont of water			demers1871		no	conf=A; validated=exact:tah; gloss_unverified=yes
taham	Ta'ham	six			practical1886	2	yes	conf=A; validated=skeleton:taghum+gloss; type=number; ocr=numbers block read English-first, glosses assigned in order
taham son	Ta'ham son	Se - turday			practical1886	3	yes	conf=B; validated=all-words-attested:taham son; type=phrase; gloss_unverified=yes; raw=Ta'ham son, Se - turday. ,
tahkum	Tah'-kum	Six			gill1909	71	no	conf=A; validated=skeleton:taghkum
tahlkee	Tahl'-kee	Yesterday			gill1909	71	no	conf=A; validated=skeleton:tahlkie
tahlkie	Tahl-kie|Tahnl-kie	Yesterday. Icht tahlkie, day before yesterday		adv	gibbs1863	25	no	conf=A; validated=exact:tahlkie; etym=Chinook, TANLKI
tahlkie	Tahl-kie	Yesterday. Icht tall ko, day before yesterday			hibben1889	18	no	conf=A; validated=exact:tahlkie
tahlkie	Tahl-kie|Tahnl-kie	Yesterday		adv	shaw1909	24	no	conf=A; validated=exact:tahlkie; section=lexicon; origin=Chinook; etym=Chinook,-Tanlki
tahlkie	Tahl-kie	Yesterday		adv	long1909		no	conf=A; validated=exact:tahlkie+gloss; align=head/gloss runs paired by line count
tahnim	Tah-nim	To measure. Of only local use, and not strictly Jargon		v	gibbs1863	25	no	conf=A; validated=exact:tahnim; etym=Chihalis, idem
tahnim	Tah-nim	To measure 'Tah-tle-lum			hibben1889	18	no	conf=A; validated=exact:tahnim
tahnim	Tah'-nim	To measure			gill1909	71	no	conf=A; validated=exact:tahnim; origin=Chinook
tahnim	Tah-nim	To measure			gill1887	51	no	conf=A; validated=exact:tahnim
tahnim	Tah-nim	To measure		v	long1909		no	conf=A; validated=exact:tahnim+gloss; align=head/gloss runs paired by line count
tahoo	Tah-oo	Far; far away			gill1909	72	no	conf=B; single_source=yes; origin=Old Chinook
tahtlum	Taht'-lum	Ten			gill1909	71	no	conf=A; validated=exact:tahtlum
tahtlum	Taht-lum	Ten. Mox, klone, etc., taht-lum: signifying twenty, thirty, etc. Taht-lum pee ikt: eleven			gill1887	51	no	conf=A; validated=exact:tahtlum
tahvlelum	TahV-le-lum|Tot'-le-lum	Ten. The combinations from this are simple		adj	gibbs1863	25	no	conf=B; single_source=yes; etym=Chinook, TATLELUM
tai	Tai	chief, gentleman			demers1871		no	conf=C
tak	Tak	broken			demers1871		no	conf=C
takamoonak	Takamoonak	one hundred			practical1886	2	yes	conf=A; validated=skeleton:tukamonuk+gloss; type=number; ocr=numbers block read English-first, glosses assigned in order
takamunak	Takamunak				demers1871		no	conf=B; validated=skeleton:tukamonuk; ocr_gloss=hradred
take son	take Son				rudiments1924		yes	conf=B; validated=all-words-attested:take son; section=grammar-lists; gloss_state=unrecovered; raw=take Son, 44 9 Yeslerday,
takmomak	takmomak	one hundred			rudiments1924		yes	conf=B; validated=skeleton-edit1:tukamonuk+gloss; section=163-original-words; raw=takmomak, G,), one hundred,
takso	Takso	hair, wool, |...4			demers1871		no	conf=B; validated=edit1:yakso+gloss; gloss_unverified=yes
takta	Takta	doctor			practical1886	10	yes	conf=B; validated=skeleton:toketee; raw=Takta, doctor
takta	Takta	doctor			demers1871		no	conf=B; validated=skeleton:toketee
tala	Tala	dollar, money			demers1871		no	conf=C
talapos	talapos|Talapos				rudiments1924		yes	conf=B; validated=skeleton:talapus; section=22-more-words; ocr_gloss=Sin fox | aA anak; raw=talapos, »bL, Sin fox,
talapos	Talapos	fox			practical1886	5	yes	conf=B; validated=skeleton:talapus; raw=Talapos, fox Kwish-kwish, squirrel
talapos	Talapos	fox			demers1871		no	conf=B; validated=skeleton:talapus
talapus	Tal-a-pus	A sort of deity or supernatural being, prominent in Indian mythology		n	gibbs1863	25	no	conf=A; validated=exact:talapus; etym=Chinook, ITALIPAS, Yakama, TELIPA. (Pandosy.) The coyote or prairie wolf
talapus	Tal-a-pus	The coyote or prairie wolf, a sort of deity or supernatural being, prominent in Indian mythology; a sneak			hibben1889	18	no	conf=A; validated=exact:talapus
talapus	T'al-a-pus			n	shaw1909	24	no	conf=A; validated=exact:talapus; section=lexicon; origin=Chinook; etym=Chinook.-Italipas, ITakima.-Telipa (Pandosy). The coyote or prairie wolf. A sort of deity or ...
talapus	Tal-a-pus	The coyote; a sneak		n	long1909		no	conf=A; validated=exact:talapus+gloss; align=head/gloss runs paired by line count
talapusha	Talapusha				demers1871		no	conf=B; validated=skeleton:talapus; ocr_gloss=aie, prayer Mes
talis	Tal'is	Darling; beloved			gill1909	71	no	conf=B; single_source=yes
talke	Tal-ke	Yesterday. Ikt tal-kie: day before yesterday			gill1887	51	no	conf=A; validated=skeleton:tahlkee
tamahnawis	Ta-mah-na-wis	Magic; luck; fortune; anything su pernatural			gill1887	51	no	conf=A; validated=skeleton:tamahnawus
tamahnawus	Ta-mah'-na-wus	Magic; luck; anything supernatural			gill1909	72	no	conf=A; validated=skeleton:tamahnawis
tamahnous	Ta-mah-no-US	A sort of guardian or familiar spirit; magic; luck; fortune; any thing supernatural		n	gibbs1863	25	no	conf=A; validated=exact:tamahnous; etym=Chinook, ITAMANAWAS
tamahnous	Ta-mah-no-us	Magic; luck; fortune; anything supernatural			hibben1889	19	no	conf=A; validated=exact:tamahnous
tamahnous	Ta-mah-no-us	A sort of guardian or famililiar spirit; magic; luck; fortune; anything supernatural; the spirits; a ghost; goblin; idol; witch		n	shaw1909	24	no	conf=A; validated=exact:tamahnous; section=lexicon; origin=Chinook; etym=Chinook.-Itimanawas
tamandar	tamandar	magic			rudiments1898	8	yes	conf=C; section=chinook-vocabulary; ocr_gloss=Gre magic; gloss_cleaned=unknown OCR tokens dropped; raw=tamandar Gre, magic
tamanna	Tamanna	evil spirit, indian juggle			demers1871		no	conf=B; validated=skeleton:atimin; gloss_unverified=yes
tamannomas	Ta-man-no-mas	Magic; luck; good fortune		n	long1909		no	conf=B; validated=skeleton-edit1:tamahnous+gloss; align=head/gloss runs paired by line count
tamanoaz	Tamanoaz	ghost, Juggle			practical1886	10	yes	conf=B; validated=skeleton-edit1:tamahnous+gloss; gloss_unverified=yes; raw=Tamanoaz, ghost, Juggle
tamdlich	Ta-md'-lich	Cask; tub; bucket			gill1909	72	no	conf=B; near=tamolitch; single_source=yes
tame son	tame son				rudiments1924		yes	conf=B; validated=all-words-attested:tame son; section=durieu-1879-vocabulary; gloss_state=unrecovered; raw=tame son, Gy 4 yesterday
tamolich	Tamolich	oe tub			demers1871		no	conf=A; validated=skeleton:tamolitch+gloss; gloss_unverified=yes
tamolitch	Ta-mo-litch	Tub; barrel; bucket			gill1887	51	no	conf=B; near=tamolitsh; single_source=yes
tamolitsh	Ta-mo-litsh	A tub; barrel; bucket			hibben1889	19	no	conf=A; validated=exact:tamolitsh
tamolitsh	Ta-mo'-litsh|Ta-mow'-litsh	Yakama,-Tamolitsh (Pandosy)		n	shaw1909	25	no	conf=A; validated=exact:tamolitsh; section=lexicon; origin=Chinook; etym=Chinook.-Tamulitsh (Anderson
tamolitsh	Ta-mo'-litsh	A tub; bucket; barrel		n	long1909		no	conf=A; validated=exact:tamolitsh+gloss; align=head/gloss runs paired by line count
tamoolich	Tamoolich	barrel			practical1886	10	yes	conf=A; validated=skeleton:tamolitch+gloss; raw=Tamoolich, barrel
tanas	Tanas	child, little, small It is also said of young animals, by putting the name of the specie ... | small, young one			demers1871		no	conf=A; validated=skeleton:tenas+gloss; gloss_unverified=yes
tanas helehi	Tanas helehi	island			demers1871		no	conf=C; ditto=head repeated from previous entry
tanas tlihil	Tanas tlihil	brown			demers1871		no	conf=B; validated=all-words-attested:tanas tlihil; ditto=head repeated from previous entry
tanas tluchmen	Tanas tluchmen	young girl			demers1871		no	conf=B; validated=all-words-attested:tanas tluchmen; ditto=head repeated from previous entry
tanaz	Tanaz	pappoos, - child, children | small			practical1886	4	yes	conf=B; validated=witness:rudiments1898:tunaz; gloss_unverified=yes; raw=Tanaz, pappoos, - child, children
tanaz cloochemin	Tanaz cloochemin	girl			practical1886	4	yes	conf=C; type=phrase; raw=Cloochemin, woman Tanaz cloochemin, girl
tanaz fish	Tanaz fish	small fish. Bik			practical1886	5	yes	conf=C; type=phrase; gloss_unverified=yes; raw=Tanaz fish, small fish. Bik:
tanaz man	Tanaz man	boy			practical1886	4	yes	conf=C; type=phrase; raw=Tanaz man, boy
tanaz son	Tanaz son	morning			practical1886	3	yes	conf=C; type=phrase; raw=Tanaz son, morning
tanaz spoon	Tanaz spoon	tea - spoon			practical1886	6	yes	conf=C; type=phrase; raw=Tanaz spoon, tea - spoon
tance	Tance	Dance		v,n	long1909		no	conf=B; validated=edit1:tanse+gloss; align=head/gloss runs paired by line count
tanino	Ta-ni'-no	Crevasse; canyon; the vulva			gill1909	72	no	conf=B; single_source=yes
tanlke	Tanlke	yesterday			demers1871		no	conf=B; validated=edit1:talke+gloss
tans	Tans	to dance			practical1886	15	yes	conf=A; validated=skeleton:tanse+gloss; raw=Tans, to dance
tanse	Tanse	To dance		v,n	gibbs1863	25	no	conf=A; validated=exact:tanse; etym=English, DANCE
tanse	Tanse	To dance			hibben1889	19	no	conf=A; validated=exact:tanse
tanse	Tanse	To dance		v,n	shaw1909	25	no	conf=A; validated=exact:tanse; section=lexicon; etym=English.-Dance
tanse	Tanse	Dance			gill1909	72	no	conf=A; validated=exact:tanse
tanse	Tanse	To dance			gill1887	51	no	conf=A; validated=exact:tanse
tant	Tant	aunt			demers1871		no	conf=C
tatham	tatham	six			rudiments1898	8	yes	conf=A; validated=skeleton:taghum+gloss; section=chinook-vocabulary; raw=tatham 0 six
tatlelam	Tatlelam|tatl'lam	ten			practical1886	2	yes	conf=B; validated=skeleton-edit1:tahtlum+gloss; type=number; ocr=numbers block read English-first, glosses assigned in order
tatlelam pi iht	Tatlelam pi i'ht	eleven			practical1886	2	yes	conf=C; type=number; ocr=numbers block read English-first, glosses assigned in order
tatlelom	Tatlelom	ten			demers1871		no	conf=B; validated=skeleton-edit1:tahtlum+gloss
tattilam	tattilam	of ten			rudiments1898	8	yes	conf=C; section=chinook-vocabulary; raw=tattilam of ten
taye	ta'ye	chief			rudiments1898	8	yes	conf=C; section=chinook-vocabulary; ocr_gloss=en chief; gloss_cleaned=unknown OCR tokens dropped; raw=ta'ye = en chief
tchukin	T'chuk'-in|Tsugh'-ken				gibbs1863	25	no	conf=A; validated=skeleton:chukkin; type=crossref; xref=CHUCKIN
tdlo	Td'-lo	To earn. To win at a game; to gain			gill1909	73	no	conf=B; near=tolo; single_source=yes
tea	Tea	Tea		n	gibbs1863	25	no	conf=A; validated=exact:tea; etym=English, idem
tea	Tea	Tea			hibben1889	19	no	conf=A; validated=exact:tea
tea	Tea	Tea			gill1909	72	no	conf=A; validated=exact:tea
tea	Tea	Tea			gill1887	51	no	conf=A; validated=exact:tea
tea	Tea	Tea		n	long1909		no	conf=A; validated=exact:tea+gloss; align=head/gloss runs paired by line count
teahwit	Te-ah-wit	The leg; thefoot		n	gibbs1863	25	no	conf=A; validated=exact:teahwit; etym=Chinook, TIAWI, Clatsop, KEAAWIT
teahwit	Te-ah-wit	The leg; the foot			hibben1889	19	no	conf=A; validated=exact:teahwit
teahwit	Te-ah'wit	The leg-; the foot		n	shaw1909	25	no	conf=A; validated=exact:teahwit; section=lexicon; origin=Chinook; etym=Chinook,-Tiawi, Clatsop, -Klaawit
teahwit	Te-ah'-wit	The leg; the foot			gill1909	72	no	conf=A; validated=exact:teahwit
teahwit	Te-ah-wit	The leg		n	long1909		no	conf=A; validated=exact:teahwit+gloss; align=head/gloss runs paired by line count
tealis	Te-a'-lis	Yesterday			gill1909	72	no	conf=B; single_source=yes; origin=Old Chinook
tehe	tehe	A earth			rudiments1924		yes	conf=C; validated=edit1:hehe; section=durieu-1879-vocabulary; raw=tehe, A earth,
tehteh	Teh-teh	To trot, as a horse		v	gibbs1863	25	no	conf=A; validated=exact:tehteh; etym=Clatsop, TETEHAHA
tehteh	Teh-teh	'To trot as a horse			hibben1889	19	no	conf=A; validated=exact:tehteh
tehteh	Teh-teh	to trot, as a horse			shaw1909	35	no	conf=A; validated=exact:tehteh; section=supplemental; origin=Chinook
tehteh	Teh-teh	To trot, as a horse			gill1909	72	no	conf=A; validated=exact:tehteh
tehteh	Teh-teh	To trot, as a horse			gill1887	51	no	conf=A; validated=exact:tehteh
tehteh	Teh-teh	To trot; trotting		v	long1909		no	conf=A; validated=exact:tehteh+gloss; gloss_unverified=yes; align=head/gloss runs paired by line count
teikom	Teikom				rudiments1924		yes	conf=B; validated=skeleton:taghkum; section=durieu-1879-vocabulary; gloss_state=unrecovered; raw=Teikom, =3% cndians,
teke	Teke	tre'h, to lik			practical1886	15	yes	conf=C; gloss_unverified=yes; raw=Teke, tre'h, to lik
tekek	Tekek	akik, fish hook			demers1871		no	conf=C; gloss_unverified=yes
teketchi	teketchi	clams			rudiments1924		yes	conf=C; section=other-districts; raw=teketchi, on, clams,
tekop	teKop				rudiments1924		yes	conf=B; validated=skeleton:tkope; section=durieu-1879-vocabulary; gloss_state=unrecovered; raw=teKop, 7 while,
tekop ay	teKop ay	white			rudiments1924		yes	conf=B; validated=witness:demers1871:tkop; section=163-original-words; raw=teKop ay, white,
tekwilla	tekwilla				rudiments1924		yes	conf=B; validated=skeleton:tukwilla; section=other-districts; gloss_state=unrecovered; raw=tekwilla, 44-4 nets,
tel	Tel	tired. °			practical1886	11	yes	conf=A; validated=skeleton:till+gloss; raw=Tel, tired. °
telemin	Tel'-e-min	Ribs. (Also eetinwill.)			gill1909	73	no	conf=A; validated=exact:telemin; origin=uncertain
telemin	Tel-e-min|E'-tin-will	Ribs			gill1887	51	no	conf=A; validated=exact:telemin
telikom	telikom				rudiments1924		yes	conf=B; validated=skeleton:tilakum; section=163-original-words; ocr_gloss=peopre; raw=- telikom, ab, peopre,
telikom	Telikom	friend | indians			practical1886	4	yes	conf=A; validated=skeleton:tilikum+gloss; raw=Telikom, friend
telixach	Te-lix-ach	The fingers. (Also, le-doo.)			gill1887	51	no	conf=A; validated=skeleton:teluxach
teluxach	Tel-ux-ach	The fingers. (See ledoo.)			gill1909	73	no	conf=A; validated=skeleton:telixach; origin=Salish
temen	tem'en				rudiments1924		yes	conf=B; validated=skeleton:atimin; section=163-original-words; gloss_state=unrecovered; raw=tem'en, b20Ken,,
tenas	Ten'-as|Tan'-as	Small; few; little; a child; the young of any animal		n,adj	gibbs1863	25	no	conf=A; validated=exact:tenas; etym=Nootka, TAXAS, Tokwaht, TENES
tenas	Tenas	Small; few; little; a child; the young ot any animal			hibben1889	19	no	conf=A; validated=exact:tenas
tenas	Ten'-as|Tan'as	Small; few; little; a child; the youngof any animal		n,adj	shaw1909	26	no	conf=A; validated=exact:tenas; section=lexicon; origin=Nootka; etym=Nootka,-Tanas, Tokwaht,-Tenes
tenas	Ten'-as	Small; few; a child; a little; young one			gill1909	73	no	conf=A; validated=exact:tenas; origin=Nootka
tenas	Tenas	Small, few, little; a child; the young of any animal			gill1887	51	no	conf=A; validated=exact:tenas
tenas	Ten'-as	Few; little; small; a little child		n,adj	long1909		no	conf=A; validated=exact:tenas+gloss; align=head/gloss runs paired by line count
teouit	Te-ou-it|Te-6u-it	The leg, or foot			gill1887	51	no	conf=B; single_source=yes; ocr=head digit/capital read as accented vowel
tepah	Te-pah	Quills; the wing of a bird			hibben1889	19	no	conf=A; validated=skeleton:tepeh
tepeh	Te-peh	Quills; the wings of a bird		n	gibbs1863	26	no	conf=A; validated=exact:tepeh; etym=Chinook, TEPEEH
tepeh	Te-peh	quill, wing			shaw1909	35	no	conf=A; validated=exact:tepeh; section=supplemental; origin=Chinook
tepeh	Te-peh	Quills; wings of a bird			gill1909	73	no	conf=A; validated=exact:tepeh
tepeh	Te-peh	Quills; wings of a bird			gill1887	51	no	conf=A; validated=exact:tepeh
tepeh	Te-peh	Quills; wings of birds		n	long1909		no	conf=A; validated=exact:tepeh+gloss; gloss_unverified=yes; align=head/gloss runs paired by line count
tepso elehe	Tepso elehe	prairie			practical1886	3	yes	conf=C; type=phrase; raw=Tepso elehe, prairie
tepso house	Tepso house				practical1886	6	yes	conf=B; validated=all-words-attested:tepso house; type=phrase; ocr_gloss=barn; raw=Tepso house, barn
tettoosh	tettoosh	butter			rudiments1924		yes	conf=B; validated=witness:practical1886:tettoosh; section=durieu-1879-vocabulary; raw=tettoosh, aN milh, butter,
tettoosh	Tettoosh	milk, butter			practical1886	10	yes	conf=A; validated=skeleton:totoosh+gloss; raw=Tettoosh, milk, butter
tewagh	Te-wagh	Bright; shining; light			gill1887	51	no	conf=A; validated=skeleton:towagh
tewhate	Tewhate	thin			demers1871		no	conf=B; validated=skeleton:teahwit
tfoos	tfoos	good			rudiments1924		yes	conf=C; section=163-original-words; raw=tfoos, 4, good,
thousand	Thousand			adj	shaw1909	26	no	conf=B; near=sunday; single_source=yes; section=lexicon; etym=English,- idem
thpui	Thpui	to stop, cork			demers1871		no	conf=C
ti	Ti	tea			demers1871		no	conf=C
tiabtlah	Tiabtlah	torn			demers1871		no	conf=C
tiawilh	Tiawilh	leg			practical1886	8	yes	conf=C; raw=Tiawilh, leg Lepié, the feet Selé, soul
tiawit	tiawit				rudiments1924		yes	conf=B; validated=skeleton:teahwit; section=durieu-1879-vocabulary; gloss_state=unrecovered; raw=tiawit, ze. heys,
tif	tif	Sack			rudiments1924		yes	conf=C; section=163-original-words; raw=tif, ", Sack,
tik tuk	tik tuk				rudiments1924		yes	conf=B; validated=all-words-attested:tik tuk; section=durieu-1879-vocabulary; gloss_state=unrecovered; raw=tik tuk, 77 wath,
tikegh	Tik-egh|Tu-kegh	To want; wish; love; like		v	gibbs1863	26	no	conf=A; validated=exact:tikegh; etym=Chinook, TIKEKH
tikegh	Tik-egh	'lo want; wish; love: like			hibben1889	19	no	conf=A; validated=exact:tikegh
tikegh	Tik-egh|Tiky	To want; wish; love; like; choose; pick		v	shaw1909	26	no	conf=A; validated=exact:tikegh; section=lexicon; origin=Chinook; etym=Chinook,- tikekh
tikegh	Tik-egh	Wish; love; to want; like		v	long1909		no	conf=A; validated=exact:tikegh+gloss; align=head/gloss runs paired by line count
tikeh	Tik'-eh	To wish; to like, to love			gill1909	73	no	conf=A; validated=exact:tikeh
tikeh	Tik-eh	To want; wish; love; like			gill1887	52	no	conf=A; validated=exact:tikeh
tiktik	Tik'-tik			n	gibbs1863	26	no	conf=A; validated=exact:tiktik; etym=By onoma. A watch
tiktik	Tik-tik	A watch			hibben1889	19	no	conf=A; validated=exact:tiktik
tiktik	Tik'-tik	a watch			shaw1909	35	no	conf=A; validated=exact:tiktik; section=supplemental; origin=onoma
tiktik	Tik-tik	A watch			gill1909	73	no	conf=A; validated=exact:tiktik
tiktik	Tik-tik	A watch			gill1887	52	no	conf=A; validated=exact:tiktik
tiktik	Tik'-tik	Watch; clock		n	long1909		no	conf=A; validated=exact:tiktik+gloss; gloss_unverified=yes; align=head/gloss runs paired by line count
til	Til	tel heavy, tired			demers1871		no	conf=A; validated=skeleton:till+gloss; gloss_unverified=yes
til telikom	Til telikom				practical1886	7	yes	conf=B; validated=all-words-attested:til telikom; type=phrase; ocr_gloss=ne OFG Tekép - teliikom white man; raw=Til telikom, ne OFG Tekép - teliikom white man
tilakum	Til'-a-kum	People; a man or person			gill1909	73	no	conf=A; validated=exact:tilakum
tilakum	Til-a-kum	People. Kul-tus til-a-kum: bad or worth less persons			gill1887	52	no	conf=A; validated=exact:tilakum
tilikiim	Til'-i-kiim	Friend; people		n	long1909		no	conf=A; validated=skeleton:tilakum+gloss; align=head/gloss runs paired by line count
tilikum	Til'-i-kum	People. Applied generally, it means those who are not chiefs		n	gibbs1863	26	no	conf=A; validated=exact:tilikum; etym=Chinook, TILIKHUM
tilikum	Til-i-kum	People. Cultus tilikum, common or insignificant persons			hibben1889	19	no	conf=A; validated=exact:tilikum
tilikum	Til'-i-kum|tilakum	People; relations; relatives; associate; family; folks; friends; kin; kindred; band; tribe; fellow nation; population; person		n	shaw1909	26	no	conf=A; validated=exact:tilikum; section=lexicon; origin=Chinook; etym=Chinook,-tilikhum
tilikummama	Til'-i-kum-ma-ma	A father. The word is not in use in Jargon		n	gibbs1863	26	no	conf=A; validated=exact:tilikummama; etym=(Hale.) Chinook, TLKAMAMA
tilikummama	Til-i-kum-ma-ma	A father			hibben1889	19	no	conf=A; validated=exact:tilikummama
tilikummama	Til'-i-kum-ma-ma	A father. (The word is not in use in Jargon. - Hale.) Till, or.Tull, adj., h | a father		n	shaw1909	26	no	conf=A; validated=exact:tilikummama; section=lexicon; origin=Chinook; etym=Chinook, - Tlkamama
till	Till|Tull	Tired; heavy; weight; a weight		adj,n	gibbs1863	26	no	conf=A; validated=exact:till; etym=English, TIRE
till	Till	Tired; heavy; weight; a weight			hibben1889	19	no	conf=A; validated=exact:till
till	Till	Tired; heavy. Hy-as till ni-ka: I am very tired			gill1887	52	no	conf=A; validated=exact:till
tilshel	Til-shel	A husband			gill1887	52	no	conf=B; near=lasell; single_source=yes
tinatin	Tina-tin	Musical instrument; a bell		n	long1909		no	conf=A; validated=skeleton:tintin+gloss; align=head/gloss runs paired by line count
tintin	tintin				rudiments1924		yes	conf=A; validated=exact:tintin+gloss; section=durieu-1879-vocabulary; ocr_gloss=wing bre bell; raw=» tintin, . wing bre bell,
tintin	Tintin	bell			practical1886	10	yes	conf=A; validated=exact:tintin+gloss; raw=Tintin, bell. :
tintin	Tin'-tin	By onoma. A bell; a musical instrument			gibbs1863	26	no	conf=A; validated=exact:tintin; pos_ocr=garbled
tintin	Tin-tin	<A bell; a musicalinstrument			hibben1889	19	no	conf=A; validated=exact:tintin
tintin	Tin'-tin	A bell; an hour; a musical instrument		n	shaw1909	27	no	conf=A; validated=exact:tintin; section=lexicon; etym=By onoma
tintin	Tin-tin	A bell; a musical instrument			gill1909	73	no	conf=A; validated=exact:tintin
tintin	Tin-tin	A bell; a musical instrument			gill1887	52	no	conf=A; validated=exact:tintin
tintin	Tintin	bell, violin and			demers1871		no	conf=A; validated=exact:tintin+gloss; gloss_unverified=yes
tintin saplil	Tintin saplil	flour, elawit, leg, foot print			demers1871		no	conf=B; validated=all-words-attested:tintin saplil; ditto=head repeated from previous entry; gloss_unverified=yes
tintm	tintm	bell			rudiments1924		yes	conf=B; validated=skeleton-edit1:tintin+gloss; section=durieu-1879-vocabulary; raw=tintm, bell,
tioon tatllam	Tioon tatl'lam	thirty			practical1886	2	yes	conf=C; type=number; ocr=numbers block read English-first, glosses assigned in order
tipshin	Tip'-shin	A needle		v	long1909		no	conf=A; validated=skeleton:tupshin+gloss; align=head/gloss runs paired by line count
tipso	Tipso	Grass; leaves; fringe; feathers; fur. ipso illahie, prairie			hibben1889	19	no	conf=A; validated=exact:tipso
tipso	Tip-so	A leaf; leaves; grass; fringe; feathers; fur			gill1909	75	no	conf=A; validated=exact:tipso
tipso	Tip'-so	Grass, leaves, hair, fur, feathers			gill1887	52	no	conf=A; validated=exact:tipso
tipso	tipso|Tipso	bottom grass | hair, beard, leaf, hay, wool, straw			demers1871		no	conf=A; validated=exact:tipso+gloss; ditto=head repeated from previous entry; gloss_unverified=yes
tishkoko	Tish-ko-ko	Fox			gill1909	73	no	conf=B; single_source=yes; origin=Old Chinook
tiuntimi	Tiun'-timi	The will; opinion; the heart			long1909		no	conf=B; validated=skeleton-edit1:tumtum+gloss; align=head/gloss runs paired by line count
tkop	Tkop	white			demers1871		no	conf=A; validated=skeleton:tkope+gloss
tkope	T'kope	White; light-colored		adj	gibbs1863	26	no	conf=A; validated=exact:tkope; etym=Chinook, idem
tkope	T'kope	White; light colored			hibben1889	19	no	conf=A; validated=exact:tkope
tkope	T'kope	White; light-colored		adj	shaw1909	27	no	conf=A; validated=exact:tkope; section=lexicon; etym=Chinook,-idem
tkope	T'kope	White; light-colored			gill1909	73	no	conf=A; validated=exact:tkope
tkope	T'kope	White; light colored			gill1887	52	no	conf=A; validated=exact:tkope
tkta	tkta				rudiments1924		yes	conf=B; validated=skeleton:toketee; section=durieu-1879-vocabulary; gloss_state=unrecovered; raw=tkta, 7 wha,
tlabane	Tlabane	outside			demers1871		no	conf=C
tlabowiam	tlabowiam	to be merciful			demers1871		no	conf=C; validated=skeleton-edit1:klahowyum; ditto=head repeated from previous entry; gloss_unverified=yes
tlai	Tlai	'dry, ripe			demers1871		no	conf=C; validated=edit1:tlak
tlak	Tlak	Good; to love			gill1909	73	no	conf=B; near=klak; single_source=yes; origin=Old Chinook
tlak	tlak	to take or pull off, to break			demers1871		no	conf=A; validated=exact:tlak; ditto=head repeated from previous entry
tlakalb	Tlakalb	wide			demers1871		no	conf=B; validated=skeleton-edit1:klukulh+gloss
tlaksta	Tlaksta	who, some one			demers1871		no	conf=A; validated=skeleton:klaksta+gloss
tlaktlak	Tlaktlak	grass-hopper			demers1871		no	conf=C; gloss_unverified=yes
tlanemas	Tlanemas	wild hops			demers1871		no	conf=C; validated=skeleton-edit1:tlaumsh; gloss_unverified=yes
tlap	T'lap	to find			practical1886	15	yes	conf=A; validated=skeleton:klap+gloss; raw=T'lap, to find
tlap	Tlap	to find, catch			demers1871		no	conf=A; validated=skeleton:klap+gloss
tlatoa	tlatoa|Tlatoa	to send, drive | to g0, leave, start			demers1871		no	conf=C; ditto=head repeated from previous entry
tlatoa kikwile	Tlatoa kikwile	to go down			demers1871		no	conf=C; ditto=head repeated from previous entry
tlatoa sahali	Tlatoa sahali	to go up			demers1871		no	conf=C; ditto=head repeated from previous entry
tlatwa	tlatwa	slowly			rudiments1898	10	yes	conf=B; validated=skeleton:klatawa; section=chinook-vocabulary; ocr_gloss=fy slowly; gloss_cleaned=unknown OCR tokens dropped; raw=tlatwa fy slowly
tlaumsh	Tla-umsh	Drink; to drink. (O. C.)			gill1909	73	no	conf=B; single_source=yes
tlawa	Tlawa	slowly			practical1886	12	yes	conf=A; validated=skeleton:klahwa+gloss; raw=Tlawa, slowly,
tlawa	Tlawa	slowly | slowly, softly			demers1871		no	conf=A; validated=skeleton:klahwa+gloss; gloss_unverified=yes
tlehl	Tlehl				gibbs1863	26	no	conf=A; validated=exact:tlehl; type=crossref; xref=KLALE
tlehl	Tlehl				shaw1909	27	no	conf=A; validated=exact:tlehl; type=crossref; section=lexicon; xref=Klale
tlemem tlemen	tLemem tlemen				rudiments1924		yes	conf=B; validated=all-words-attested:tlemem tlemen; section=grammar-lists; ocr_gloss=LG in precks; raw=tLemem tlemen, LG in precks,,
tlemen	tlemen	soft			rudiments1898	10	yes	conf=A; validated=skeleton:klimmin+gloss; section=chinook-vocabulary; raw=tlemen soft
tlemenoohit	Tlemenoohit	1 tell a he			practical1886	15	yes	conf=C; validated=skeleton-edit1:klemahun; raw=Tlemenoohit, 1 tell a he
tlementlemen	tlemen-tlemen				rudiments1924		yes	conf=B; validated=witness:practical1886:tlementlemen; section=durieu-1879-vocabulary; ocr_gloss=mashed; raw=tlemen-tlemen, mashed,
tlementlemen	Tlemen-tlemen				practical1886	11	yes	conf=B; validated=witness:rudiments1924:tlementlemen; ocr_gloss=mashed; raw=Tst, sweet Tlemen-tlemen, mashed
tlemin	tlemin				demers1871		no	conf=B; validated=skeleton:klemahun; ditto=head repeated from previous entry; ocr_gloss=to soften, mix
tleminwhit	Tleminwhit	to lie, to be unfaithful			demers1871		no	conf=A; validated=skeleton:kliminawhit+gloss; gloss_unverified=yes
tlep	tlep	A fast			rudiments1924		yes	conf=C; section=durieu-1879-vocabulary; raw=tlep, A fast,
tlep	Tlep	first of all			practical1886	12	yes	conf=A; validated=skeleton:klip+gloss; raw=Tlep, first of all
tlep	Tlep	to sink			demers1871		no	conf=A; validated=skeleton:klip+gloss
tlepait	Tle-pait	Nerve; nerves			gill1909	73	no	conf=A; validated=skeleton:klapite
tleyuk	Tle'-yuk	A spark of fire			gill1909	73	no	conf=B; single_source=yes
tli	tli	black			rudiments1898	10	yes	conf=C; section=chinook-vocabulary; raw=tli S" black
tlil telikom	Tlil telikom				rudiments1924		yes	conf=B; validated=all-words-attested:tlil telikom; section=durieu-1879-vocabulary; gloss_state=unrecovered; raw=Tlil telikom, 7" magers,
tlimintlimin	Tlimintlimin	soft, ary			demers1871		no	conf=C; gloss_unverified=yes
tlinite	Tlinite				demers1871		no	conf=B; validated=skeleton:klanite; ocr_gloss=the Holy Trinity
tlipait	Tlipait	thread, string, sin-ew			demers1871		no	conf=A; validated=skeleton:klapite+gloss; gloss_unverified=yes
tliskwis	Tliskwis	mat			demers1871		no	conf=A; validated=skeleton:kliskwis+gloss
tlkop	Tlkop	sitkom, piece, half | to cut, chop, '" oibat, to supplant, to cut one's road			demers1871		no	conf=A; validated=skeleton:tlkope+gloss; gloss_unverified=yes
tlkope	Tl'kope	To cut; hew; chop		v	gibbs1863	26	no	conf=A; validated=exact:tlkope; etym=Chinook, idem
tlkope	Tl'kope	To cut; hew; chop			hibben1889	19	no	conf=A; validated=exact:tlkope
tlkope	Tl'kope	To cut; hew; chop		v	shaw1909	27	no	conf=A; validated=exact:tlkope; section=lexicon; etym=Chinook,-idem
tlkope	Tlkope	To cut; to split; to hew			gill1909	73	no	conf=A; validated=exact:tlkope
tlkope	Tl'-kope	To cut, hew, chop			gill1887	52	no	conf=A; validated=exact:tlkope
tlkul	T'lkul	Quiet; silent			gill1909	73	no	conf=A; validated=skeleton:klukulh
tlonas	Tlonas	perhaps, may be, eyuivocal answer			demers1871		no	conf=A; validated=skeleton:klonas+gloss; gloss_unverified=yes
tloon	tloon	three			rudiments1898	10	yes	conf=A; validated=skeleton:klone+gloss; section=chinook-vocabulary; raw=tloon three
tloon	Tloon	three			practical1886	2	yes	conf=A; validated=skeleton:klone+gloss; type=number; ocr=numbers block read English-first, glosses assigned in order
tloon son	tloon son				rudiments1924		yes	conf=B; validated=all-words-attested:tloon son; section=durieu-1879-vocabulary; gloss_state=unrecovered; raw=tloon son, 44 wednesday,
tloon son	Tloon son				practical1886	3	yes	conf=B; validated=all-words-attested:tloon son; type=phrase; ocr_gloss=Wednessday; raw=Tloon son, Wednessday
tloon tattitam	tloon tattitam	thirty			rudiments1924		yes	conf=B; validated=all-words-attested:tloon tattitam; section=grammar-lists; raw=tloon tattitam, thirty,
tloos	Tloos	good			practical1886	11	yes	conf=A; validated=skeleton:klose+gloss; raw=Tloos, good
tloos mal	Tloos Mal				practical1886	16	yes	conf=B; validated=all-words-attested:tloos mal; type=religious; ocr=row-aligned two-column table; ocr_gloss=The B. Virgin
tloos mali	Tloos Mali				rudiments1924		yes	conf=B; validated=all-words-attested:tloos mali; section=durieu-1879-vocabulary; gloss_state=unrecovered; raw=Tloos Mali, 3. Viigin ,
tloos nanich	Tloos nanich	to take care			practical1886	15	yes	conf=B; validated=all-words-attested:tloos nanich; type=phrase; gloss_unverified=yes; raw=Tloos nanich, to take care
tlooy	tlooy	good			rudiments1898	10	yes	conf=C; section=chinook-vocabulary; ocr_gloss=Qe good; gloss_cleaned=unknown OCR tokens dropped; raw=tlooy = Qe good
tlosh	Tlosh				demers1871		no	conf=A; validated=skeleton:klose+gloss; ocr_gloss=good, grace, favor
tluchmen	Tluchmen	woman, female,. It is used to design the female of ll animals, by putting it before the ...			demers1871		no	conf=A; validated=skeleton:kloochman+gloss; gloss_unverified=yes
tlwhop	tlwhop	to dig a hole			demers1871		no	conf=A; validated=skeleton:klawhap+gloss; ditto=head repeated from previous entry
to apus	To1-a-pus|T61-a-pus	The coyote, or prairie wolf			gill1887	51	no	conf=C; ocr=head digit/capital read as accented vowel
tobolal	Tobolal	hazel nut, nut			demers1871		no	conf=C
toh	toh				rudiments1924		yes	conf=A; validated=exact:toh; section=other-districts; gloss_state=unrecovered; raw=toh, o> © Spl,
toh	Toh|Tooh	A manufac tured word			gibbs1863	26	no	conf=A; validated=exact:toh; etym=By onoma. Mamook toh, to spit
toh	Toh	Spit. Mamook spit			hibben1889	19	no	conf=A; validated=exact:toh
toh	Toh	To spit. (Mamook toh.)			gill1909	73	no	conf=A; validated=exact:toh
toh	Toh	Spittle. Mam-ook toh; to spit			gill1887	52	no	conf=A; validated=exact:toh
toh	Toh			n	long1909		no	conf=B; validated=exact:toh; ocr_gloss=ToBpit; align=head/gloss runs paired by line count
toketee	Toke'-tee	Pretty; nice; good			gill1909	73	no	conf=A; validated=skeleton:toketie
toketie	Toke-tie	Pretty kine To-lo, To earn; to win ata game; to gain			hibben1889	19	no	conf=A; validated=exact:toketie
toketie	T'oke-tie|Toke-tie	Pretty. (Not in common use.) | pretty		adj	shaw1909	27	no	conf=A; validated=exact:toketie; section=lexicon; etym=Kalapuya
tokta	tokta	f- doctor			rudiments1924		yes	conf=B; validated=skeleton:toketee; section=durieu-1879-vocabulary; raw=tokta, f- doctor,
tolapus	Tol'-a-pus	The coyote. Tolapus was a great hero and demigod in Indian myth. (See tah.)			gill1909	74	no	conf=A; validated=skeleton:talapus
tolke smo	tol'Ke smo				rudiments1924		yes	conf=B; validated=all-words-attested:tolke smo; section=grammar-lists; gloss_state=unrecovered; raw=tol'Ke smo, 2) las' wnt,
tolo	tolo				rudiments1924		yes	conf=A; validated=exact:tolo; section=durieu-1879-vocabulary; gloss_state=unrecovered; raw=tolo, a &wm,
tolo	Tolo	to gain, win, to beat			practical1886	15	yes	conf=A; validated=exact:tolo+gloss; raw=Tolo, to gain, win, to beat
tolo	To'-lo	To earn; to win at a game; to gain		v	gibbs1863	26	no	conf=A; validated=exact:tolo; etym=Kalapuya
tolo	To'-lo	To earn; to win at a game; to gain; control; convince; manage; defeat; overcome; overthrow; prevail; profit; prosper; subdue; subject; succeed; triumph		v	shaw1909	27	no	conf=A; validated=exact:tolo; section=lexicon; etym=Kalapuya
tolo	To-lo	To earn; to win; to gain			gill1887	52	no	conf=A; validated=exact:tolo
tolo	Tolo	to gain, earn, win, beat, vainquish			demers1871		no	conf=A; validated=exact:tolo+gloss; gloss_unverified=yes
toluks	To'-luks	Clallam, TOYUK. The mussel		n	gibbs1863	26	no	conf=A; validated=exact:toluks
toluks	To'-luks	The mussel. (Used on Puget Sound only.) | the mussel. THE CHINOOK JARGON		n	shaw1909	27	no	conf=A; validated=exact:toluks; section=lexicon; etym=Clallam,-Toyuk
toluks	To'-luks	Mussels (sheU fish)		n	long1909		no	conf=A; validated=exact:toluks+gloss; gloss_unverified=yes; align=head/gloss runs paired by line count
tolux	To'-lux	Mussels (used only on the Sound and northward)			gill1909	74	no	conf=A; validated=skeleton:toluks; origin=Nootka
tom	tom	brave			practical1886	12	yes	conf=C; raw=tom, brave
tom lke son	tom' lke son	yesterday			rudiments1924		yes	conf=B; validated=all-words-attested:tom lke son; section=163-original-words; raw=tom' lke son, 32 9, yesterday,
tomahla	To-mah'-la	To-morrow. Ikt to-mah'-la; the day after to-morrow			gill1887	52	no	conf=A; validated=skeleton:tomolla
tomalo	tomalo				rudiments1924		yes	conf=B; validated=skeleton:tomahla; section=durieu-1879-vocabulary; gloss_state=unrecovered; raw=tomalo, co 4 mone,
tomblla	To-mbl'-la	Tomorrow			gill1909	74	no	conf=B; near=tomolla; single_source=yes
tomolla	To-mol-la	Ikt tomolla, or copct tomolla, the day after		adv	gibbs1863	26	no	conf=A; validated=exact:tomolla; etym=English, TO-MORROW
tomolla	To-mol-la	To-morrow. Ikt tommolla, the day after			hibben1889	19	no	conf=A; validated=exact:tomolla
tomolla	To-mol-la	To-morrow. Ikt tomolla, or kopet tomolla, - day after to-morrow		adv	shaw1909	27	no	conf=A; validated=exact:tomolla; section=lexicon; etym=English,-to-morrow
tomsteo	Tomsteo	arrow wood			demers1871		no	conf=C; validated=skeleton-edit1:tumwahta
tomtom	Tom'tom|tom'tom|tomtom				rudiments1924		yes	conf=B; validated=skeleton:tumtum; section=grammar-lists; ocr_gloss=Lo Lhink; raw=Tom'tom, Lo Lhink,
tomtom	Tomtom	heart			practical1886	8	yes	conf=A; validated=skeleton:tumtum+gloss; raw=Tomtom, heart
ton	Ton	three | to put away			demers1871		no	conf=C; gloss_unverified=yes
toomalo	Toomalo	to morrow			practical1886	10	yes	conf=A; validated=skeleton:tomahla+gloss; raw=Toomalo, to morrow
toot	toot	glad			rudiments1924		yes	conf=C; validated=edit1:tot; section=durieu-1879-vocabulary; ocr_gloss=Ww glad; gloss_cleaned=unknown OCR tokens dropped; raw=toot, Ww glad,
tootle	Tootle	glad			practical1886	11	yes	conf=C; raw=Tootle, glad
topechin	Tope'-chin	A patch; to patch			gill1909	74	no	conf=B; near=tupshin; single_source=yes
tot	tot				rudiments1924		yes	conf=A; validated=exact:tot; section=other-districts; ocr_gloss=anunce; raw=tot, 2, anunce,
tot	tot	Sweet			rudiments1898	10	yes	conf=A; validated=exact:tot; section=chinook-vocabulary; raw=tot wy = Sweet
tot	Tot	An uncle		n	gibbs1863	26	no	conf=A; validated=exact:tot; etym=Chihalis, TOT, or TAT
tot	Tot	An uncle			hibben1889	19	no	conf=A; validated=exact:tot
tot	Tot	uncle			shaw1909	36	no	conf=A; validated=exact:tot; section=supplemental; origin=Salish
tot	Tot	An uncle			gill1887	52	no	conf=A; validated=exact:tot
tot	Tot	An uncle		n	long1909		no	conf=A; validated=exact:tot+gloss; align=head/gloss runs paired by line count
toto	toto|to'to				rudiments1924		yes	conf=A; validated=exact:toto; section=22-more-words; gloss_state=unrecovered; raw=toto, ~o-v» 0, Nd,
toto	To'-to	To shake; sift any thing; winnow		v	gibbs1863	26	no	conf=A; validated=exact:toto; etym=By onoma. Chinook, TOKH-TOKH
toto	To-to	To shake; sift anything; winnow			hibben1889	19	no	conf=A; validated=exact:toto
toto	To'-to	to shake, sift, winnow			shaw1909	36	no	conf=A; validated=exact:toto; section=supplemental; origin=onoma, C
toto	To'-to	To shake; to sift; to winnow			gill1909	74	no	conf=A; validated=exact:toto
toto	To-to	To shake; to sift anything			gill1887	52	no	conf=A; validated=exact:toto
toto	Toto	winnowing mill			demers1871		no	conf=A; validated=exact:toto+gloss; gloss_unverified=yes
totoosh	To-toosh|Ta-toosh	Chippeway, TOTOSH. (Schoolcraft.) The breasts of a female; milk		n	gibbs1863	26	no	conf=A; validated=exact:totoosh
totoosh	To-toosh	The breast of a female; milk			hibben1889	19	no	conf=A; validated=exact:totoosh
totoosh	To-toosh	The breasts of a woman; the udder of an animal			gill1909	74	no	conf=A; validated=exact:totoosh
totoosh	To-toosh	Milk; bosom			gill1887	52	no	conf=A; validated=exact:totoosh
totoosh	To-toosh	Female breasts; milk		n	long1909		no	conf=A; validated=exact:totoosh+gloss; align=head/gloss runs paired by line count
totoosh gleese	To-toosh gleese	Butter			gill1887	52	no	conf=A; validated=all-words-attested:totoosh gleese; type=phrase
totush	Totush	milk			demers1871		no	conf=A; validated=skeleton:totoosh+gloss
totush klis	Totush klis	butter			demers1871		no	conf=B; validated=all-words-attested:totush klis; ditto=head repeated from previous entry
towa	Towa	clear, shining, liant			demers1871		no	conf=A; validated=skeleton:tewagh+gloss; gloss_unverified=yes
towagh	To-wagh	Bright; shining; light		adj	gibbs1863	26	no	conf=A; validated=exact:towagh; etym=Chinook, TOWAKH
towagh	To-wagh	Bright; shining; light			hibben1889	19	no	conf=A; validated=exact:towagh
towagh	To-wa'gh|To-wagh	Bright; shining; light		adj	shaw1909	27	no	conf=A; validated=exact:towagh; section=lexicon; origin=Chinook; etym=Chinook,-Towakh
towagh	To-wagh	Light; bright; shining		adj	long1909		no	conf=A; validated=exact:towagh+gloss; align=head/gloss runs paired by line count
towah	To'-wah	The nails			gill1909	72	no	conf=B; near=towagh; single_source=yes
towal	Towal	to brighten			demers1871		no	conf=C; validated=edit1:towah; gloss_unverified=yes
tpsoot	tpsoot	ne hide			rudiments1924		yes	conf=B; validated=edit1:ipsoot+gloss; section=durieu-1879-vocabulary; raw=tpsoot, ne hide,
tsalil	Tsa'-lil	Lake			gill1909	74	no	conf=B; single_source=yes
tsalpat	tsalpat				rudiments1924		yes	conf=B; validated=skeleton:tsolepat; section=other-districts; gloss_state=unrecovered; raw=tsalpat, CBS pial [yates
tsdleput	Tsdle'-put	A shot-pouch			gill1909	74	no	conf=B; near=tsolepat; single_source=yes; origin=K
tsee	Tsee	Sweet		adj	gibbs1863	26	no	conf=A; validated=exact:tsee; etym=Chinook, idem
tsee	Tsee	Sweet			hibben1889	19	no	conf=A; validated=exact:tsee
tsee	Tsee	Sweet		adj	shaw1909	27	no	conf=A; validated=exact:tsee; section=lexicon; etym=Chinook,-idem
tsee	Tsee	Sweet			gill1909	74	no	conf=A; validated=exact:tsee
tsee	T'see	Sweet			gill1887	52	no	conf=A; validated=exact:tsee
tsee	Tsee	Sweet		adj	long1909		no	conf=A; validated=exact:tsee+gloss; align=head/gloss runs paired by line count
tseepe	Tsee-pe	To miss the mark; blunder			gill1887	52	no	conf=A; validated=skeleton:tseepee
tseepee	Tsee'-pee	To miss the mark; to blunder			gill1909	74	no	conf=A; validated=skeleton:tseepe
tseepie	Tsee'-pie	To miss a mark; to mistake one's road; to make a blunder in speaking; to err or blunder		v	gibbs1863	26	no	conf=A; validated=exact:tseepie; etym=Kalapuya
tseepie	Tsee-pie	To missa mark; to make a blunder			hibben1889	19	no	conf=A; validated=exact:tseepie
tseepie	Tsee'pie	To miss a mark; to mistake one's road; to make a blunder in speaking; to err or blunder; deceive; false; illusive; deceitful		v,adj	shaw1909	27	no	conf=A; validated=exact:tseepie; section=lexicon; etym=Kalapuya
tseh	Tseh	split			demers1871		no	conf=C; validated=edit1:tsee
tsem	tsem	wing			rudiments1924		yes	conf=C; validated=edit1:tsee; section=durieu-1879-vocabulary; raw=tsem, 7, mak, wing,
tsem	tsem	writing			rudiments1898	10	yes	conf=B; validated=witness:demers1871:tsom; section=chinook-vocabulary; raw=tsem "¢ writing
tsem	Tsem				practical1886	10	yes	conf=B; validated=witness:demers1871:tsom; ocr_gloss=mark, wri«ting; raw=Tsem, mark, wri«ting
tsepe	tse'pe|tsepe				rudiments1924		yes	conf=B; validated=witness:rudiments1898:tsepe; section=grammar-lists; ocr_gloss=mieslaken | wy mistaken; raw=tse'pe, ny, mieslaken,
tsepe	tsepe				rudiments1898	10	yes	conf=B; validated=witness:rudiments1924:tsepe; section=chinook-vocabulary; ocr_gloss=WY mistaken; raw=tsepe > WY mistaken
tsepe	Tsepe				practical1886	11	yes	conf=B; validated=witness:rudiments1924:tsepe; ocr_gloss=mistaken; raw=Tsepe, mistaken. -
tshike	Tshi'-ke			adv	gibbs1863	27	no	conf=A; validated=exact:tshike; etym=(Hale.) Quaere u. d. Directly, soon. Not Jargon
tshike	Tshi-ke	Directly; soon			hibben1889	19	no	conf=A; validated=exact:tshike
tshike	Tshi'-ke	Directly; soon | directly, soon		adv	shaw1909	27	no	conf=A; validated=exact:tshike; section=lexicon; origin=Quaere u. d.
tshike	Tshi'-ke	Soon; directly		adv	long1909		no	conf=A; validated=exact:tshike+gloss; align=head/gloss runs paired by line count
tshikeh	Tshi'keh	Soon; directly			gill1909	74	no	conf=A; validated=exact:tshikeh; origin=uncertain
tshikeh	Tshi-keh	Directly; soon			gill1887	52	no	conf=A; validated=exact:tshikeh
tshiktshik	Tshik-tshik	A wagon; a cart; a wheel			hibben1889	19	no	conf=A; validated=skeleton:tsiktsik
tshis	Tshis	Cold. Not in common use		adj	gibbs1863	27	no	conf=A; validated=exact:tshis; etym=Chinook, idem
tshis	Tshis	cold			shaw1909	36	no	conf=A; validated=exact:tshis; section=supplemental; origin=Chinook
tshish	T'shish	Cold 20 DICTIONARY OF THE. GHINOOK JARGON			hibben1889	19	no	conf=A; validated=exact:tshish
tshish	Tshish	Cold			gill1909	74	no	conf=A; validated=exact:tshish
tsi	Tsi	'sweet, sugar			demers1871		no	conf=C
tsialist	Tsi-a'-list	A branch			gill1909	74	no	conf=B; near=lassiet; single_source=yes
tsiatka	T'si-at-ka	A nocturnal demon much feared by the Indians			hibben1889	19	no	conf=A; validated=skeleton:tsiatko
tsiatko	Tsi-at-ko	The Skagits give this name to/ the " Couteaux," a tribe of Indians on Frazer River, of whom they stand in like awe		n	gibbs1863	27	no	conf=A; validated=exact:tsiatko; etym=Chihalis, Nisqually, &c., idem, Clatsop, ECHIATKU A nocturnal demon, much feared by the Indians
tsiatko	Tsi-at-ko			n	shaw1909	27	no	conf=A; validated=exact:tsiatko; section=lexicon; origin=Salish; etym=Chihalis, Nisqually, etc.,-idem, Clatsop,-Echiatku
tsiatko	Tsi-at-ko	A nocturnal demon; a goblin			gill1887	52	no	conf=A; validated=exact:tsiatko
tsik tsik	Tsik -tsik|Tchik -tchik	Tsiktsik wayhut, a wagon-road		n	gibbs1863	27	no	conf=A; validated=all-words-attested:tsik tsik; etym=By onoma. A wagon, a cart, a wheel
tsiktsik	Tsiktsik	wagon, cart, etc			practical1886	10	yes	conf=A; validated=exact:tsiktsik+gloss; raw=Tsiktsik, wagon, cart, etc
tsiktsik	Tsik'-tsik|Tchik tchik	A wagon; a cart; a wheel		n	shaw1909	27	no	conf=A; validated=skeleton:tshiktshik; section=lexicon; etym=By onoma
tsiktsik	Tsiktsik|tsiktsik	wagon, cart, all wheel-vehicles | to haul with - & wagon			demers1871		no	conf=A; validated=exact:tsiktsik+gloss; ditto=head repeated from previous entry; gloss_unverified=yes
tsiktsik	Tsik'-tsik	A wagon; cart; wheels		n	long1909		no	conf=A; validated=exact:tsiktsik+gloss; align=head/gloss runs paired by line count
tsiltsil	Tsiltsil	button			practical1886	10	yes	conf=A; validated=exact:tsiltsil+gloss; raw=Tsiltsil, button
tsiltsil	Tsil'-tsil|Chil'-chil				gibbs1863	27	no	conf=A; validated=exact:tsiltsil; pos_ocr=garbled; etym=Chinook, ECHILCHIL. (Anderson.) Buttons, the stars
tsiltsil	Tsil-tsil|Chil-chil	Buttons; the stars			hibben1889	19	no	conf=A; validated=exact:tsiltsil
tsiltsil	Tsiltsil	button, star			demers1871		no	conf=A; validated=exact:tsiltsil+gloss; gloss_unverified=yes
tsiltsul	Tsiltsul	Stars			practical1886	2	yes	conf=A; validated=skeleton:tsiltsil+gloss; raw=Tsiltsul, Stars
tsish	Tsish	By onoma., in imitation of the sound of a grindstone. (Shaw.) Mamook tsish, to sharpen		v	gibbs1863	27	no	conf=A; validated=exact:tsish
tsish	Tsish	Sharpen. Mamook tsish, to sharpen			hibben1889	19	no	conf=A; validated=exact:tsish
tsish	Tsish	in imitation of the sound of a grindstone			shaw1909	36	no	conf=A; validated=exact:tsish; section=supplemental; origin=onoma
tsish	Tsish	Sharp			gill1909	74	no	conf=A; validated=exact:tsish; origin=Jargon
tsish	Tsish	Cold; sharp. Mam-ook tsish; to sharpen			gill1887	52	no	conf=A; validated=exact:tsish
tsolepat	Tsole-pat	A shot-pouch		n	gibbs1863	27	no	conf=A; validated=exact:tsolepat; etym=Klikatat
tsolepat	Tsole-pat	A shot pouch 7			hibben1889	19	no	conf=A; validated=exact:tsolepat
tsolepat	Tsole-pat	a shot-pouch			shaw1909	36	no	conf=A; validated=exact:tsolepat; section=supplemental; origin=Klickitat
tsolepiit	Tsole-piit	A shot-pouch			gill1887	52	no	conf=A; validated=skeleton:tsolepat
tsolo	tsolo				rudiments1924		yes	conf=A; validated=exact:tsolo; section=other-districts; ocr_gloss=KoA; raw=tsolo, KoA, es.
tsolo	Tso'-lo	(Shaw.) To wander in the dark; to lose one's way		n	gibbs1863	27	no	conf=A; validated=exact:tsolo; etym=Kalapuya
tsolo	T'so-lo	'To wander in the dark; to lose one's way			hibben1889	19	no	conf=A; validated=exact:tsolo
tsolo	Tso'-lo	to wander; to lose the way			shaw1909	36	no	conf=A; validated=exact:tsolo; section=supplemental; origin=Kalapuya
tsolo	Tso'-lo	To wander in the dark; to lose one's trail. (Calapooya.)			gill1909	74	no	conf=A; validated=exact:tsolo
tsolo	Tso-lo	To wander in the dark; to lose one's way			gill1887	52	no	conf=A; validated=exact:tsolo
tsolo	Tso'-lo	To wander from one's way		n	long1909		no	conf=A; validated=exact:tsolo+gloss; align=head/gloss runs paired by line count
tsom	Tsom	mark, writing, spot			demers1871		no	conf=B; validated=witness:rudiments1898:tsem
tsugh	Tsugh	A crack or split		n,v	gibbs1863	27	no	conf=A; validated=exact:tsugh; etym=Chinook, idem
tsugh	Tsugh	A crack or split		n,v	shaw1909	27	no	conf=A; validated=exact:tsugh; section=lexicon; etym=Chinook,-idem
tsugh	Tsugh	A crack or fissure			gill1909	74	no	conf=A; validated=exact:tsugh
tsugh	Tsugh	A crack or split			gill1887	52	no	conf=A; validated=exact:tsugh
tsuk	Tsuk				gibbs1863	27	no	conf=B; single_source=yes; type=crossref; xref=CHUCK
ttkom	tt'Kom				rudiments1924		yes	conf=B; validated=skeleton:taghkum; section=grammar-lists; gloss_state=unrecovered; raw=" 5tt'Kom, VA Lo divide,
tukamonuk	Tuk-a-mo'-nuk|Tak-a-mo'-nak	A hundred. It is, like ten, combined with the digits; as, icht, moxt, klone takamonak, one hundred, two hundred, three hundred, &c		adj	gibbs1863	27	no	conf=A; validated=exact:tukamonuk; etym=Chinook, ITAEAMONAK
tukamonuk	Tuk-a-mo-nuk	A hundied. It is, like ten, combined with the digits; as icht, mokst, klone tukamonuk, one hundred, two hundred, three hundred, etc			hibben1889	19	no	conf=A; validated=exact:tukamonuk
tukamonuk	Tuk-a-mo'-nuk|Tak-a-mo'-nak	A hundred. It is, like ten, combined with the digits; as, icht, moxt, klone takamonak, - one hundred, two hundred, three hundred, &c		adj	shaw1909	27	no	conf=A; validated=exact:tukamonuk; section=lexicon; origin=Chinook; etym=Chinook,-Itakamonak
tukamonuk	Tuk-a-mo'-nuk	A hundred			gill1909	74	no	conf=A; validated=exact:tukamonuk
tukamonuk	Tuk-a-mo-nuk	A hundred			gill1887	52	no	conf=A; validated=exact:tukamonuk
tukamonuk	Tuk-a-mo'-nuk	A hundred		adj	long1909		no	conf=A; validated=exact:tukamonuk+gloss; align=head/gloss runs paired by line count
tukwilla	Tuk'-wil-la|To'-kwil-la	The hazel-nut; nuts generally			gibbs1863	27	no	conf=A; validated=exact:tukwilla; pos_ocr=garbled; etym=Kalapuya
tukwilla	Tuk-wil-la	The hazel nut; nuts in general *Tum-tum			hibben1889	19	no	conf=A; validated=exact:tukwilla
tukwilla	Tuk'-wil-la	nuts; the hazel nut			shaw1909	36	no	conf=A; validated=exact:tukwilla; section=supplemental; origin=Kalapuya
tukwilla	Tuk-wil-la	Hazelnuts..Turn-turn			gill1887	52	no	conf=A; validated=exact:tukwilla
tukwilla	Tuk'-wil-la	Nuts; hazel-nut		n	long1909		no	conf=A; validated=exact:tukwilla+gloss; align=head/gloss runs paired by line count
tukwitla	Tuk-wiT-la	The hazelnut. Nuts in general. (Cala¬ pooya.)			gill1909	74	no	conf=B; near=tukwilla; single_source=yes
tuletule	tuletule	to play a wind instrument			demers1871		no	conf=C; validated=skeleton-edit1:tilshel; ditto=head repeated from previous entry
tumtum	Tum'-tum	By onoma., from the pulsations of the heart. (An derson.) The heart; the will; opinion		n	gibbs1863	27	no	conf=A; validated=exact:tumtum
tumtum	Tum'-tum	The heart; the will; opinion; intellect; intention; estimate; memory; mind; opinion; plan; purpose; reason; soul; spirit; surmise; thought; will		n,v	shaw1909	27	no	conf=A; validated=exact:tumtum; section=lexicon; etym=By onoma., from the pulsations of the heart. (Anderson
tumtum	Tum'-tum	The heart; the will; the conscience; soul			gill1909	74	no	conf=A; validated=exact:tumtum; origin=Jargon
tumwahta	Tum-wah-ta	A waterfall			gill1887	53	no	conf=A; validated=skeleton:tumwata
tumwata	Tum-wa'-ta	TUM, by onoma.; English, WATER. A waterfall, cascade, or cataract		n	gibbs1863	27	no	conf=A; validated=exact:tumwata
tumwata	Tum-wa-ta	<A waterfall, cascade or cataract			hibben1889	19	no	conf=A; validated=exact:tumwata
tumwata	Tum-wa'-ta	A waterfall, cascade or cataract		n	shaw1909	28	no	conf=A; validated=exact:tumwata; section=lexicon; etym=Turn, by onoma., English, Water
tumwater	Tum'-wa-ter	A waterfall or cataract			gill1909	75	no	conf=B; near=tumwata; single_source=yes; origin=Jargon
tumwater	Tum-wa'-ter	A waterfall; cascade		n	long1909		no	conf=A; validated=exact:tumwater+gloss; align=head/gloss runs paired by line count
tunaz	tunaz	small			rudiments1898	8	yes	conf=B; validated=witness:practical1886:tanaz; section=chinook-vocabulary; ocr_gloss=Q small; gloss_cleaned=unknown OCR tokens dropped; raw=tunaz' .Q, small
tunaz warm elehe	Tunaz warm elehe	Spring			practical1886	3	yes	conf=C; type=phrase; raw=Snaz, rain Sn0d, snow Tunaz warm elehe, Spring
tupshin	Tup'-shin|Tip'-sin	A needle. Mamook tipsin, to sew; to mend; to patch. <		v	gibbs1863	27	no	conf=A; validated=exact:tupshin; etym=Chihalis, TUPSHIN
tupshin	Tup-shin	A needle. Mamogk tupshin, to sew; to mend; to pitch ee			hibben1889	19	no	conf=A; validated=exact:tupshin
tupshin	Tup'-shin|Tip'-sin	A Needle. Mamook tipsin, - to sew; to mend; to patch		v	shaw1909	28	no	conf=A; validated=exact:tupshin; section=lexicon; origin=Salish; etym=Chihalis,-Tupshin
tupshin	Tup'-shin	A needle			gill1909	75	no	conf=A; validated=exact:tupshin; origin=Chinook
tupshin	Tup-shin	A needle. Mam-ook tup-shin; to sew; to mend			gill1887	53	no	conf=A; validated=exact:tupshin
tupso	Tup-SO|Tip '-SO	Grass; leaves, fringe; feathers; fur			gibbs1863	28	no	conf=A; validated=exact:tupso; pos_ocr=garbled; etym=Chinook, TEPSO, a leaf
tupso	Tup-so|Tip'-so	A leaf; grass; leaves; fringe; feathers; fur; hair		n	shaw1909	28	no	conf=A; validated=exact:tupso; section=lexicon; origin=Chinook; etym=Chinook, - Tepso
tupso	Tup-so	Grass; leaves; feathers; fur		n	long1909		no	conf=A; validated=exact:tupso+gloss; align=head/gloss runs paired by line count
tush	Tush	good, nice, fine			demers1871		no	conf=C
twah	Twah|T'wah	Shining; bright; light T'sak; mamook t'sak | Shining; bright; light of a lamp or fire			gill1909	74	no	conf=A; validated=skeleton:tewagh; origin=Jargon
tyee	Tyee	A chief. Saghalie tyee, the Deity			hibben1889	19	no	conf=A; validated=exact:tyee
tyee	Ty'-ee	A chief; gentleman; officer; superior; boss; foreman; manager; Indian agent; king; emperor; president		n,adj	shaw1909	28	no	conf=A; validated=exact:tyee; section=lexicon; origin=Nootka; etym=Nootka,-Taiyi, Tyee (Jewitt
tyee	Ty-ee	Chief. Superior			gill1909	75	no	conf=A; validated=exact:tyee
tyee	Ty-ee	A chief			gill1887	53	no	conf=A; validated=exact:tyee
tyee	Ty'-ee	Superior in order; a chief		n,adj	long1909		no	conf=A; validated=exact:tyee+gloss; align=head/gloss runs paired by line count
tzum	Tzum	Mixed colors; spots or stripes; a mark or figure; writing; paint; painted		n,adj	gibbs1863	28	no	conf=A; validated=exact:tzum; etym=Chinook, idem
tzum	Tzum	Mixed colors; spots or stripes;a mark or figure; writing, paint, painted			hibben1889	19	no	conf=A; validated=exact:tzum
tzum	Tzum|T'ss-zum|Tsum	Mixed colors; spots or stripes; a mark or figure; writing; paint; painted; picture		n,adj	shaw1909	28	no	conf=A; validated=exact:tzum; section=lexicon; etym=Chinook,-idem
tzum	Tzum	Mixed colors; spots or stripes; a mark, or fig ure; writing; paint			gill1887	53	no	conf=A; validated=exact:tzum
tzum	Tzum	Colors; spots; to write; writing; painted		n,adj	long1909		no	conf=A; validated=exact:tzum+gloss; gloss_unverified=yes; align=head/gloss runs paired by line count
ualtee	U-al'-tee	Joy; gladness			gill1909	75	no	conf=B; single_source=yes
ubsh	Ubsh	Wood. Ul'-ken (sometimes written oo'-la-chan)			gill1909	75	no	conf=B; single_source=yes; origin=Old Chinook
ulalach	Ul-a-lach	Wild onion; onion			gill1909	75	no	conf=A; validated=exact:ulalach; origin=K
ulalach	Ul-al-ach	Onions			gill1887	53	no	conf=A; validated=exact:ulalach
ulchey	Ul-chey	The moose. w			gill1909	75	no	conf=A; validated=exact:ulchey
ulchey	Ul-chey	The moose			gill1887	53	no	conf=A; validated=exact:ulchey
um pol	um pol	louse			rudiments1924		yes	conf=C; section=other-districts; raw=um pol, louse,
umer	Umer	beaver			rudiments1924		yes	conf=C; section=22-more-words; raw=Umer, cy, beaver,
utah	UTah	Behold; look; look here; ha; hey; look here; I say; listen; here; ho; hark; harken; say		interj	shaw1909	17	no	conf=B; near=tah; single_source=yes; section=lexicon; etym=Common to several languages
utl	utl	glad			rudiments1898	10	yes	conf=C; section=chinook-vocabulary; raw=utl = =/ glad
vlep	vlep	A first			rudiments1898	7	yes	conf=C; section=chinook-vocabulary; raw=vlep . A first
vsugh	Vsugh	A crack or split			hibben1889	19	no	conf=B; near=tsugh; single_source=yes
wach	Wach	to watch			practical1886	15	yes	conf=C; validated=edit1:wash; raw=Wach, to watch
wagh	Wagh	To pour; to spill; to vomit		v	gibbs1863	28	no	conf=A; validated=exact:wagh; etym=Chinook, WAKH
wagh	Wagh	'To pour; to spill; to vomit			hibben1889	19	no	conf=A; validated=exact:wagh
wagh	Wagh	To pour; to spill; to vomit		v	shaw1909	28	no	conf=A; validated=exact:wagh; section=lexicon; origin=Chinook; etym=Chinook,-wakh
wagh	Wagh	To spill; to pour; to vomit			gill1909	75	no	conf=A; validated=exact:wagh
wagh	Wagh	To spill; to pour out			gill1887	53	no	conf=A; validated=exact:wagh
wah	Wa'h	to vomit			practical1886	15	yes	conf=C; raw=Wa'h, to vomit
wahpoos	Wa'hpoos	snake			practical1886	5	yes	conf=C; raw=Wa'hpoos, snake,
wail	Wail	wild, 'untamed, bril			demers1871		no	conf=C; validated=edit1:sail; gloss_unverified=yes
wake	Wake	No; not.^		adv	gibbs1863	28	no	conf=A; validated=exact:wake; etym=Nootka, WIK (Jewitt), Tokwaht, WEK
wake	Wake	No; not			hibben1889	19	no	conf=A; validated=exact:wake
wake	Wake	No; not; none; the negative		adv	shaw1909	28	no	conf=A; validated=exact:wake; section=lexicon; origin=Nootka; etym=Nootka, - wik, Tokwaht, - wek
wake	Wake	(Written also wik, wek)			gill1909	75	no	conf=A; validated=exact:wake; origin=Nootka
wake	Wake	No; not; none			gill1887	53	no	conf=A; validated=exact:wake
wake alta	Wake al-ta	Not now			gill1887	53	no	conf=A; validated=all-words-attested:wake alta; type=phrase
wake klaxta	Wake klax-ta	Not any one			gill1887	53	no	conf=A; validated=all-words-attested:wake klaxta; type=phrase
wake konsi	Wake kon-si	Never			gill1887	53	no	conf=A; validated=all-words-attested:wake konsi; type=phrase
waki	Wa'-ki	To-morrow. Not Jargon		adv	gibbs1863	28	no	conf=A; validated=exact:waki; etym=(Hale.) Chinook, WAKI
waki	Wa-ki	To-morrow			hibben1889	19	no	conf=A; validated=exact:waki
waki	Wa'-ki	to-morrow			shaw1909	36	no	conf=A; validated=exact:waki; section=supplemental; origin=Chinook
waki	Wa-ki	To-morrow			gill1887	53	no	conf=A; validated=exact:waki
wakik	Wakik	frog			demers1871		no	conf=C; validated=edit1:waki
wam	Wam	heat, warm			demers1871		no	conf=A; validated=skeleton:waum+gloss
wandis	wandis	whale			rudiments1924		yes	conf=C; validated=skeleton-edit1:wind; section=other-districts; raw=/wandis, dv, whale,
wapetu	Wapetu				demers1871		no	conf=B; validated=skeleton:wappato; ocr_gloss=potatoe
wappato	Wap-pa-to	<A potato			hibben1889	19	no	conf=A; validated=exact:wappato
wappato	Wap'-pa-to	A water plant ( saggitaria saggitifolia ) of the lower country, having an excellent edible tuberous root, formerly much prized by natives and whites			gill1909	75	no	conf=A; validated=exact:wappato
wappatoo	Wap'-pa-too	Quaere u. d. The root of the Sagitaria sagittifolia, which forms an article of food; the potato		n	gibbs1863	28	no	conf=A; validated=exact:wappatoo
wappatoo	Wap'-pa-too|wap'-a-to	The root of the Sagitaria sagittifolia, which forms an article of food		n	shaw1909	29	no	conf=A; validated=exact:wappatoo; section=lexicon; origin=Quaere u. d.
wappatoo	Wap-pa-too	Potatoes			gill1887	53	no	conf=A; validated=exact:wappatoo
wapto	Wapto	potatoes			practical1886	4	yes	conf=A; validated=skeleton:wappato+gloss; raw=Wapto, potatoes
warm elehe	Warm elehe	Summer			practical1886	3	yes	conf=C; type=phrase; raw=Warm elehe, Summer Tunaz seol elehe, Autumn
wash	wash|Wash	or l wash			rudiments1924		yes	conf=A; validated=exact:wash+gloss; section=grammar-lists; gloss_state=unrecovered; raw=wash, bons) Glue,
wash	Wash	to wash, ) baptise | Baptized. ee			practical1886	15	yes	conf=A; validated=exact:wash+gloss; type=religious; ocr=row-aligned two-column table; gloss_unverified=yes; raw=Wash, to wash, ) baptise
wash	Wash	Wash. Mamook wash, to wash			hibben1889	19	no	conf=A; validated=exact:wash
wash	Wash			v	shaw1909	29	no	conf=A; validated=exact:wash; section=lexicon; etym=English,-idem
wash	Wash	Wash			gill1909	75	no	conf=A; validated=exact:wash
wash	Wash	Wash. Mam-ook wash; to wash			gill1887	53	no	conf=A; validated=exact:wash
wash	Wash	to wash, clean, baptise			demers1871		no	conf=A; validated=exact:wash+gloss; gloss_unverified=yes
washington	Washington	Congress; the City of Washington; the Indian Department at Washington		n	shaw1909	29	no	conf=B; single_source=yes; section=lexicon; origin=English
watch	Watch	watch			practical1886	10	yes	conf=C; raw=Watch, watch
waum	Waum	Hyas waum, hot; wauin illahie, summer; mamook waum, to heat; waum-sick-cole-sick, fever and ague		adj	gibbs1863	28	no	conf=A; validated=exact:waum; etym=English, WARM
waum	Waum	Warm. Hyas waum, hot			hibben1889	19	no	conf=A; validated=exact:waum
waum	Waum	Warm		adj	shaw1909	29	no	conf=A; validated=exact:waum; section=lexicon; origin=English
waum	Waum	Warm			gill1909	76	no	conf=A; validated=exact:waum
waum	Waum	Warm. Hy-as waum; hot			gill1887	53	no	conf=A; validated=exact:waum
waum illahe	Waum ill-a-he	Summer			gill1887	53	no	conf=B; single_source=yes; type=phrase
waumsick	Waum-sick	Fever			gill1887	53	no	conf=B; near=kamosuk; single_source=yes
wauwau	Wau-wau	To talk; speak; call; ask; tell; answer; talk or conversation			hibben1889	19	no	conf=B; single_source=yes
wawa	Wawa	to speak			practical1886	15	yes	conf=A; validated=exact:wawa+gloss; raw=Wawa, to speak
wawa	Wawa|wau-wau	To talk; speak; call; ask; tell; answer; enquire; declare; salue; announce; talk or conversation; converse; apply; articulate; alleere; assert; blab; gab; chatter; communicate; argue; gossip; demand; discuss; express; exclaim; hint ...		v,n	shaw1909	29	no	conf=B; near=wswa; single_source=yes; section=lexicon; origin=Nootka; etym=Nootka, Nittinat, - wawe. - Gibbs. Chinook, - a wawa. - Boas
wawa	Wawa	to speak, gay, ask			demers1871		no	conf=A; validated=exact:wawa+gloss
wawii	Wa'-wii	Talk, to talk, speak, call, ask, tell, answer			gill1909	75	no	conf=B; single_source=yes; origin=Nootka
wayhut	Way-hut	A road or trail			hibben1889	19	no	conf=B; single_source=yes
webt	Webt	again, more, anew, yet			demers1871		no	conf=C; gloss_unverified=yes
wecoma	We-co'-ma	The sea. This word is worth perpetuating			gill1909	76	no	conf=B; single_source=yes
week	Week	A week. "It is steadily taking the place of Sunday for week, though I seldom heard it eighteen years ago." - Eells		n	shaw1909	29	no	conf=B; single_source=yes; section=lexicon; origin=English
weght	Weght	Again; also; more			hibben1889	19	no	conf=A; validated=exact:weght
weght	Weght	Again; also; more		adv	shaw1909	29	no	conf=A; validated=exact:weght; section=lexicon; origin=Chinook; etym=Chinook,-idem
weght	Weght	Again; more; also			gill1909	76	no	conf=A; validated=exact:weght
weght	Weght	Again; aho; more			gill1887	53	no	conf=A; validated=exact:weght
weht	We'ht	again			practical1886	13	yes	conf=A; validated=skeleton:weght+gloss; raw=We'ht, again
wek	Wek	no, not			practical1886	13	yes	conf=C; raw=Wek, no, not
wek klaksta	wek Klaksta				rudiments1924		yes	conf=B; validated=all-words-attested:wek klaksta; section=durieu-1879-vocabulary; gloss_state=unrecovered; raw=wek Klaksta, 2. 0 Jolly,
wek klaksta	Wek klaksta				practical1886	12	yes	conf=B; validated=all-words-attested:wek klaksta; type=phrase; ocr_gloss=nobody; raw=Wek klaksta, nobody
wek saia	Wek saia	not far			practical1886	13	yes	conf=C; type=phrase; raw=Wek saia, not far
wektlaksta	Wektlaksta	no one, no body			demers1871		no	conf=C; gloss_unverified=yes
wepto	wepto				rudiments1924		yes	conf=B; validated=skeleton:wappato; section=durieu-1879-vocabulary; ocr_gloss=Ps polala; raw=wepto, Ps polala.
wewa	Wewa	Lo speak			rudiments1924		yes	conf=B; validated=edit1:wawa+gloss; section=grammar-lists; raw=Wewa, w9, Lo speak,
whawh	Whawh	indeed			demers1871		no	conf=C
whim	whim				rudiments1924		yes	conf=A; validated=exact:whim; section=other-districts; ocr_gloss=Urrow down; raw=whim, ©: SY, Urrow down.
whim	Whim	Whim stick, a fallen tree; mamook whim okook stick, fell that tree		v	gibbs1863	28	no	conf=A; validated=exact:whim; etym=Wasco. (Shaw.) To fell
whim	Whim	To fell. Whim stick,a fallen tree			hibben1889	19	no	conf=A; validated=exact:whim
whim	Whim	to fell; to throw, in wrestling			shaw1909	36	no	conf=A; validated=exact:whim; section=supplemental; origin=Wasco
whim	Whim	Fallen; to fell			gill1909	76	no	conf=A; validated=exact:whim; origin=Nootka
whim	Whim	To fall. Mam-ook whim; to throw in wrest ling; to fell a tree			gill1887	53	no	conf=A; validated=exact:whim
whimstick	Whim-stick	A fallen tree			gill1887	53	no	conf=B; single_source=yes
whullah	Whul-lah	Warm			gill1909	76	no	conf=B; single_source=yes; origin=Old Chinook
win	Win	Wind			practical1886	2	yes	conf=B; validated=witness:demers1871:win; raw=Win, Wind
win	Win	wind, |			demers1871		no	conf=B; validated=witness:practical1886:win
winapee	Win'-a-pee	By-and-by; presently. (Alki is more commonly in use)			gill1909	76	no	conf=A; validated=skeleton:winapie; origin=Nootka
winapie	Win'-a-pie	Btj-and-byc; pres ently; wait		adv	gibbs1863	28	no	conf=A; validated=exact:winapie; etym=Nootka, Nittinat, WILAI-I
winapie	Win-a-pie	Bvy-and-bye; presently; wait			hibben1889	19	no	conf=A; validated=exact:winapie
winapie	Win'-a-pie	By-and-bye; presently; wait		adv	shaw1909	29	no	conf=A; validated=exact:winapie; section=lexicon; origin=Nootka; etym=Nootlra, Nittinat,-Wilapi
winapie	Win-a-pie	Wait; presently			gill1887	53	no	conf=A; validated=exact:winapie
wind	Wind|Win	Wind. The winds are often known by the country from which they blow; as, for instance, on the Columbia, an easterly is a Walla-walla wind; at the mouth of the river, a southerly is a Tilamooks wind, &c			gibbs1863	29	no	conf=A; validated=exact:wind; pos_ocr=garbled; etym=English, idem
wind	Wind	Wind. Halo wind, out of breath (dead.)			hibben1889	19	no	conf=A; validated=exact:wind
wind	Wind|Win	Wind; breath; air; atmosphere		n	shaw1909	29	no	conf=A; validated=exact:wind; section=lexicon; etym=English,-idem
wind	Wind	Wind; breath			gill1909	76	no	conf=A; validated=exact:wind
wind	Wind	Wmd. Ha-lo wind; not breathing; dead calm			gill1887	53	no	conf=A; validated=exact:wind
windo	Windo	Window			practical1886	6	yes	conf=B; validated=skeleton:wind; raw=Windo, Window
witka	Wit'-ka	Now; at present time			gill1909	76	no	conf=B; single_source=yes
wonom	wonom	tie			rudiments1924		yes	conf=C; section=durieu-1879-vocabulary; raw=wonom, tie,
wootmat	WootMat	A phallus. Often represented in carved pestles			gill1909	76	no	conf=B; single_source=yes; origin=Old Chinook
wswa	Ws.-wa	To talk; call			gill1887	53	no	conf=B; near=wawa; single_source=yes
wundo	wundo				rudiments1924		yes	conf=B; validated=skeleton:wind; section=durieu-1879-vocabulary; gloss_state=unrecovered; raw=wundo, 3-5 window,
xaakali	Xaa'-kali	a crow			shaw1909	32	no	conf=C; section=supplemental; origin=Jargon
xahdena	Xah-de-na	to fight			shaw1909	32	no	conf=C; section=supplemental; origin=Chinook
xahpho	Xahp-ho	an elder brother, sister, or cousin			shaw1909	32	no	conf=C; section=supplemental; origin=Chinook
xehloke	Xeh-loke|Kaloke	a swan			shaw1909	32	no	conf=C; section=supplemental; origin=Chinook
xehwa	Xeh-wa	because			shaw1909	32	no	conf=C; section=supplemental; origin=?
xetling	Xet-ling	kettle; can; basin			shaw1909	32	no	conf=C; section=supplemental; origin=English
xinootl	Xi'-nootl	tobacco; smoking			shaw1909	32	no	conf=C; section=supplemental; origin=Chinook
xium	Xium	Spirits of any sort; rum; whiskey		n	shaw1909	15	no	conf=C; section=lexicon; origin=English; etym=English, -Rum
xlakwun	Xlak'-wun	to wipe, or lick			shaw1909	32	no	conf=C; section=supplemental; origin=Salish
xlawhop	Xla-whop	a hole			shaw1909	32	no	conf=C; section=supplemental; origin=Chinook
xwalh	Xwal'h	an aunt			shaw1909	32	no	conf=C; section=supplemental; origin=Salish
xwekwiens	Xwek-wi-ens	a pin			shaw1909	32	no	conf=C; section=supplemental; origin=Salish
xwisb	Xwisb	exclamation of refusal			shaw1909	35	no	conf=C; section=supplemental; origin=?
xwulh	Xwulh|kwult'h	to hit, strike, or wound, (without cutting)			shaw1909	35	no	conf=C; section=supplemental; origin=Chinook
xwunnun	Xwun'-nun	counting; numbers			shaw1909	35	no	conf=C; section=supplemental; origin=Salish
yahhlll	Yah'-hlll	A name. Not in gen eral use		n	gibbs1863	29	no	conf=B; single_source=yes; etym=Chinook, YAKHUL, EBEKHOL
yahhul	Yah-hul	A name			hibben1889	19	no	conf=A; validated=exact:yahhul
yahhul	Yah'-hul	a name			shaw1909	36	no	conf=A; validated=exact:yahhul; section=supplemental; origin=Chinook
yahhul	Yah'-hul	A name			gill1909	76	no	conf=A; validated=exact:yahhul
yahhul	Yah-hul	Name. Yak -so			gill1887	53	no	conf=A; validated=exact:yahhul
yahka	Yah-ka|Yok'-ka	He; his; him; she; it, &c		pron	gibbs1863	29	no	conf=A; validated=exact:yahka; etym=Chinook, YAKA
yahka	Yah-ka	He; his; him; she; it, etc			hibben1889	19	no	conf=A; validated=exact:yahka
yahka	Yah'-ka	He, his, him; she, her, hers; it, its			gill1909	76	no	conf=A; validated=exact:yahka
yahka	Yah-ka	He, his, him, she, her, it, its. 54 CHINOOK DICTIONARY			gill1887	53	no	conf=A; validated=exact:yahka
yahkisilth	Yah'-kis-ilt'h	Sharp. Mr. Anderson gives as the original, " cutting."		adj	gibbs1863	29	no	conf=A; validated=exact:yahkisilth; etym=Chinook, YAKISILT'H
yahkisilth	Yah-kis-ilth	Sharp, or cutting			hibben1889	19	no	conf=A; validated=exact:yahkisilth
yahkisilth	Yah'-kis-ilt'h	sharp, cutting. Note- The letters (C), (E), (F), (N), and (S), refer to the derivation of words, and signify Chinook, English, French, Nootka, and Salish. (See explanatory notes.) Words marked (J.) or (onoma.) are considered to be the ...			shaw1909	36	no	conf=A; validated=exact:yahkisilth; section=supplemental; origin=Chinook
yahkisilth	Yah'-kis-ilth	Sharp; cutting			gill1909	76	no	conf=A; validated=exact:yahkisilth
yahkwa	Yah'-kwa	Here; hither; this way			gill1909	76	no	conf=A; validated=exact:yahkwa; origin=Jargon
yahkwa	Yah'-kwa	Here; hither			gill1887	53	no	conf=A; validated=exact:yahkwa
yahso	Yah'so	hair			rudiments1898	10	yes	conf=B; validated=edit1:yakso+gloss; section=chinook-vocabulary; raw=Yah'so m9 hair
yahwa	Yah'-wa	There; thither; thence; be yond		adv	gibbs1863	29	no	conf=A; validated=exact:yahwa; etym=Chinook, YAWAKH
yahwa	Yah-wa	There. thither; thence; beyond.. Yak-so			hibben1889	19	no	conf=A; validated=exact:yahwa
yahwa	Yah'-wa	There; thither; thence; beyond; in that place; that side; that way; yonder		adv	shaw1909	30	no	conf=A; validated=exact:yahwa; section=lexicon; origin=Chinook; etym=Chinook,- Yawakh
yahwa	Yah'-wa	There; thither; thence; beyond			gill1909	76	no	conf=A; validated=exact:yahwa
yahwa	Yah-wa	There; thither, thence			gill1887	53	no	conf=A; validated=exact:yahwa
yahwhul	Yah'-whul				gibbs1863	29	no	conf=B; near=yahhul; single_source=yes; type=crossref; xref=AYAHWHUL
yakala	Yak'-a-la	An eagle			gill1909	76	no	conf=B; single_source=yes; origin=Old Chinook
yakso	Yak'-SO	The hair of the head; hair generally		n	gibbs1863	29	no	conf=A; validated=exact:yakso; etym=Chinook, idem
yakso	Yak'-so	The hair of the head; hair generally		n	shaw1909	30	no	conf=A; validated=exact:yakso; section=lexicon; etym=Chinook,-idem
yakso	Yak'-so	The hair of the head: hair generally			gill1909	76	no	conf=A; validated=exact:yakso
yakwa	Yak-wa	Here; hither; this side of; this way			hibben1889	19	no	conf=A; validated=skeleton:yahkwa
yakwa	Yakwa	here, down here			demers1871		no	conf=A; validated=exact:yakwa+gloss
yakwahtin	Ya-kwah'-tin|Kwah'-tin	The belly; the entrails		n	gibbs1863	29	no	conf=A; validated=exact:yakwahtin; etym=Chinook and Clatsop, YAKWA- TIN
yakwahtin	Ya-kwah-tin	The belly; the entrails			hibben1889	19	no	conf=A; validated=exact:yakwahtin
yakwahtin	Ya-kwah'-tin|Kwah'-tin	The belly; the entrails; stomach; bosom		n	shaw1909	30	no	conf=A; validated=exact:yakwahtin; section=lexicon; etym=Chinook & Clatsop, -Yakwatin
yakwahtin	Ya-kwah'-tin	The belly; the bowels			gill1909	76	no	conf=A; validated=exact:yakwahtin
yakwahtin	Ya-kwah-tin	Abdomen; entrails			gill1887	53	no	conf=A; validated=exact:yakwahtin
yara	Yara	he she			rudiments1924		yes	conf=C; section=163-original-words; ocr_gloss=es he she; gloss_cleaned=unknown OCR tokens dropped; raw=Yara, es he she,
yaub	Yaub				gibbs1863	29	no	conf=A; validated=exact:yaub; type=crossref; xref=LEJAUB
yaub	Yaub				shaw1909	30	no	conf=A; validated=exact:yaub; type=crossref; section=lexicon; xref=Lejaub.
yelakwat	Yel'-a-kwat				gibbs1863	29	no	conf=B; near=melakwa; single_source=yes; type=crossref; xref=KALAKWAHTIE
yiem	Yi'-em	To relate; to tell a story - to con fess to a priest; a story or tale		v,n	gibbs1863	29	no	conf=A; validated=exact:yiem; etym=Chihalis, YAIEM
yiem	Yi-em	To relate; to tell a story; to confess to a priest; a story or tale. |			hibben1889	19	no	conf=A; validated=exact:yiem
yiem	Yi'-em	A story; tale; anecdote; to relate; to tell a story; to confess to a priest; a story or tale; to tattle; to preach		v,n	shaw1909	30	no	conf=A; validated=exact:yiem; section=lexicon; origin=Salish; etym=Chihalis,-Yaiem
yiem	Yi'-em	To relate or tell			gill1909	76	no	conf=A; validated=exact:yiem; origin=Chinook
yiem	Yi-em	To relate; to confess			gill1887	53	no	conf=A; validated=exact:yiem
yokwa	yo'kwa	here			rudiments1898	10	yes	conf=A; validated=skeleton:yahkwa+gloss; section=chinook-vocabulary; raw=yo'kwa. ~~ here
yoot	Yoot	glad			rudiments1924		yes	conf=C; validated=edit1:yoots; section=163-original-words; ocr_gloss=ws Glad; gloss_cleaned=unknown OCR tokens dropped; raw=Yoot, ws Glad,
yootkat	Yoot'kat				rudiments1924		yes	conf=B; validated=skeleton:toketee; section=163-original-words; ocr_gloss=we jong; raw=Yoot'kat, we jong,
yootlkut	Yootl'-kut	Long in dimension; length			gill1909	76	no	conf=A; validated=exact:yootlkut
yootlkut	Yootl'-kut	Long; length			gill1887	53	no	conf=A; validated=exact:yootlkut
yoots	Yoots	To sit			gill1909	76	no	conf=B; single_source=yes; origin=Old Chinook
yootskat	yootskat	shot			rudiments1924		yes	conf=B; validated=skeleton:yootskut; section=other-districts; raw=yootskat, Ly, shot:
yootskut	Yoot'-skut	Short			gill1909	76	no	conf=A; validated=skeleton:youtskut
yoult	Yoult	Proud; high-spirited			gill1909	76	no	conf=B; single_source=yes; origin=Chinook
youtl	Youtl	Pleased; proud; (of a horse), spirited		adj	gibbs1863	29	no	conf=A; validated=exact:youtl; etym=Quaere Chihalis, EYUTLH, Nisqually, JUIL, glad
youtl	Youtl	Glad; pleased; proud; (of a horse) spirited			hibben1889	19	no	conf=A; validated=exact:youtl
youtl	Youtl|Yutl	Glad; pleased; proud; (of a horse), - spirited		adj	shaw1909	30	no	conf=A; validated=exact:youtl; section=lexicon; etym=Quaere Chihalis,- Eyutlh, Nisqually,-Juil
youtlkut	Youtl-kut	Long (in dimension); length		adj,n	gibbs1863	29	no	conf=A; validated=exact:youtlkut; etym=Chinook, YtriLKUT
youtlkut	Youtl-kut	Long; length			hibben1889	19	no	conf=A; validated=exact:youtlkut
youtlkut	Youtl'-kut	Long (in dimension); length		adj,n	shaw1909	30	no	conf=A; validated=exact:youtlkut; section=lexicon; origin=Chinook; etym=Chinook,- Yutlkut
youtskut	Yout-skut|Yutes'-kut	Short (in dimension)		adj	gibbs1863	29	no	conf=A; validated=exact:youtskut; etym=Chinook, YUTSKUTA
youtskut	Yout-skut	Short (in dimension.)			hibben1889	19	no	conf=A; validated=exact:youtskut
youtskut	Yout-skut|Yutes'-kut	Short (in dimension)		adj	shaw1909	30	no	conf=A; validated=exact:youtskut; section=lexicon; origin=Chinook; etym=Chinook,-Yutskuta
yp	YP	Co carry			rudiments1924		yes	conf=C; section=163-original-words; raw=YP, Co carry,
yukwa	Yuk'-wa	Here; hither; this side of; this way		adv	gibbs1863	29	no	conf=A; validated=exact:yukwa; etym=Chinook, YAKWA
yukwa	Yuk'-wa|Yah'-kwa	Here; hither; this side of; this way		adv	shaw1909	30	no	conf=A; validated=exact:yukwa; section=lexicon; origin=Chinook; etym=Chinook, -Yakwa
yuwa	YUwa	there			rudiments1898	10	yes	conf=C; validated=edit1:yukwa; section=chinook-vocabulary; ocr_gloss=wo there; gloss_cleaned=unknown OCR tokens dropped; raw=YUwa wo there
yyorkwa	Yyorkwa	here			rudiments1924		yes	conf=C; section=163-original-words; raw=Yyorkwa, wy, here,
zin	Zin	humming-bird			demers1871		no	conf=C; gloss_unverified=yes
